f,,,,65309103404,4031426.136049383,,,-8086418513197.32,-2005845.6338534455,,,,,,,,,,,,,,,,,,,,,,,,,,,,,,,,,,,,,,,,,131000045222900000,2005846.6338534455,-2005845.6338534455,-130999979913796590,-8086418513197.32,,
Loan ID,Plate Number,Repossessed Date,Repossessed PIC,Loan Amount,MMV,Unit Status,Sold Date,Latest Unit Location,LOR (Sold/Loan),Foto,Redemption Plan,Redemption Plan Date,Redemption Status,Redemption Date,Sold,Auction Location,First Auction Start Price,Last Auction Start Price,Price Change,First Auction Date,Last Auction Date,Sold Price,Sold Date,JBA Status,Ref Price,Sell Start Date,Sold Price,Sold Date,Price Change,Marketplace Status,Ref Price,Sold Price,Sold Date,Price Change,Internal Sales Status,Payment Method,SUN Ref Price,SUN Sold Price,SUN Sold Date,Price Change,SUN Sales Status,AUKSI Ref Price,AUKSI Sold Price,AUKSI Sold Date,Price Change,AUKSI Sales Status,Inventory Aging ,CSI/MK,Ageing,Sold Price,Dealer Code,Dealership Name,Loan Tenure,,L1 Region,Anchor date
TRX00679,B2937UFI,2024-03-05,Defit Humala,107000000,Honda Brio E AT,Sold Internal Sales,2024-03-15,,0.11214953271028039,,,,,,Sold Internal Sales,,,,,,,0,,,,,,,,,,95000000,2024-03-15,,Sold,Cash,,,,,,,,,,,10,,Closed,95000000,GCD-9758,Priatna Jaya Mobilindo (Agus Priatna),117,2023-11-20,Jabodetabek,2024-03-15
TRX00616,B2750BRK,2024-03-01,Defit Humala,179999900,Mitsubishi Mitsubishi xpander 1.5 L exceed AT,Sold Internal Sales,2024-04-05,,0.02222167901204386,,,,,,Sold Internal Sales,,,,,,,0,,,,,,,,,,176000000,2024-04-05,,Sold,Cash,,,,,,,,,,,35,,Closed,176000000,GCD-18043,AYZ Mobilindo (Aris Setiawan Wibowo s.i kom),160,2023-11-09,Jabodetabek,2024-04-05
TRX00690,B2878SOI,2024-04-08,Defit Humala,130000000,Toyota Avanza G MT,Sold Internal Sales,2024-04-20,,0.07692307692307687,,,,,,Sold Internal Sales,,,,,,,0,,,,,,,,,,120000000,2024-04-20,,Sold,Cash,,,,,,,,,,,12,,Closed,120000000,GCD-13824,Jhon 83 Auto (HENDRI),162,2023-12-05,Jabodetabek,2024-04-20
SFA00739,B1535FJC,2024-05-03,Defit Humala,219999900,HONDA NEW CRV,Sold Internal Sales,2024-07-04,,0.295454225206466,,,,,,Sold Internal Sales,Tipar,170000000,170000000,0,2024-06-18,2024-06-18,0,,,,,,,,,,155000000,2024-07-04,,Sold,Cash,,,,,,,,,,,62,,Closed,155000000,GCD-3081,Raya Mobilindo (Nurjana),137,2024-02-20,Jabodetabek,2024-07-04
SFA00999,B1608WZL,2024-06-08,Ujang,109999900,TOYOTA AGYA 1.2 G AT,Sold JBA,2024-07-04,,0.20909019008199103,,,,,,Sold JBA,Tipar,100000000,87000000,-0.13,2024-06-18,2024-07-04,87000000,2024-07-04,Sold,,,,,,,,,,,,,,,,,,,,,,,26,,Closed,87000000,GCD-19724,DANDE AUTO CARS (DANU SETIA HERMAWAN),137,2024-02-26,Jabodetabek,2024-07-04
TRX00507,F1759HS,2024-06-21,Onggang,62499900,Toyota Yaris E AT AT,Sold JBA,2024-07-04,,0.007998412797460497,,,,,,Sold JBA,Tipar,53000000,53000000,0,2024-07-04,2024-07-04,62000000,2024-07-04,Sold,,,,,,,,,,,,,,,,,,,,,,,13,,Closed,62000000,GCD-16388,Bursa Otomotif Bogor (Iqradhewa Pra Dhani),267,2023-10-19,Jabodetabek,2024-07-04
SFA00700,B1021NCQ,2024-06-29,Oky,44999900,Honda CRV at bensin Crv,Sold JBA,2024-07-09,,0.21110935802079556,,,,,,Sold JBA,Meruya,37000000,35000000,-0.05405405405405406,2024-07-04,2024-07-09,35500000,2024-07-09,Sold,,,,,,,,,,,,,,,,,,,,,,,10,,Closed,35500000,GCD-1497,Fajar motor (Darmawan Ali Sabri),150,2024-02-19,Jabodetabek,2024-07-09
SFA00607,B1837BRZ,2024-07-03,Wahyu,74999900,DAIHATSU XENIA,Sold JBA,2024-07-09,,0.13333217777623707,,,,,,Sold JBA,Meruya,70000000,65000000,-0.07142857142857142,2024-07-04,2024-07-09,65000000,2024-07-09,Sold,,,,,,,,,,,,,,,,,,,,,,,6,,Closed,65000000,GCD-18857,Royz Auto Car (Wan Roy Ismail),162,2024-02-07,Jabodetabek,2024-07-09
SFA00953,B1011ZVK,2024-05-06,Defit Humala,90000000,NISSAN SERENA,Sold JBA,2024-07-30,,0.5777777777777777,,,,,,Sold JBA,Meruya,72000000,38000000,-0.4722222222222222,2024-06-18,2024-07-30,38000000,2024-07-30,Sold,,,,,,,,,,,,,,,,,,,,,,,85,,Closed,38000000,GCD-3081,Raya Mobilindo (Nurjana),168,2024-02-22,Jabodetabek,2024-07-30
SFA00697,B1676CMI,2024-06-29,Dipa,74999900,TOYOTA YARIS 1.5 J A/T,Sold JBA,2024-07-30,,0.11333215110953476,,,,,,Sold JBA,Meruya,90000000,66500000,-0.2611111111111111,2024-07-04,2024-07-30,66500000,2024-07-30,Sold,,,,,,,,,,,,,,,,,,,,,,,31,,Closed,66500000,GCD-3081,Raya Mobilindo (Nurjana),169,2024-02-21,Jabodetabek,2024-07-30
SFA01348,B2082TKL,2024-07-05,Dipa,90000000,HONDA BRIO E M/T,Sold JBA,2024-07-30,,0.26111111111111107,,,,,,Sold JBA,Meruya,85000000,66500000,-0.21764705882352942,2024-07-09,2024-07-30,66500000,2024-07-30,Sold,,,,,,,,,,,,,,,,,,,,,,,25,,Closed,66500000,GCD-19290,Mobilindo 99 (Ujang Kosasih),142,2024-03-19,Jabodetabek,2024-07-30
SFA01826,B8863IZ,2024-07-26,Rajif,46749900,Toyota Altis 1.8 G at,Sold JBA,2024-07-30,,0.17646882667128705,,,,,,Sold JBA,Meruya,38500000,38500000,0,2024-07-30,2024-07-30,38500000,2024-07-30,Sold,,,,,,,,,,,,,,,,,,,,,,,4,,Closed,38500000,GCD-20046,Karya mobil (Suryadi Sumarwan),101,2024-04-29,Jabodetabek,2024-07-30
SFA01334,B2886VB,2024-06-25,Ujang,98000000,HONDA NEW CRV 2.4 AT,Sold JBA,2024-08-01,,0.2602040816326531,,,,,,Sold JBA,Tipar,87000000,66500000,-0.23563218390804597,2024-07-04,2024-08-01,72500000,2024-08-01,Sold,,,,,,,,,,,,,,,,,,,,,,,37,,Closed,72500000,GCD-17571,Zenta motor (Moch Taufik),145,2024-03-18,Jabodetabek,2024-08-01
SFA00267,B1869TIJ,2024-07-17,Onggang,90000000,DAIHATSU XENIA,Sold JBA,2024-08-01,,0.12388888888888894,,,,,,Sold JBA,Tipar,83000000,78850000,-0.05,2024-07-25,2024-08-01,78850000,2024-08-01,Sold,,,,,,,,,,,,,,,,,,,,,,,15,,Closed,78850000,GCD-19650,Berkah jaya mobilindo (Engkus kusman),215,2024-01-08,Jabodetabek,2024-08-01
SFA01341,B616AFA,2024-06-22,Ujang,261999900,"HONDA CRV RE1 2WD 2,4 AT",Sold JBA,2024-08-13,,0.2824424742146848,,,,,,Sold JBA,Meruya,215000000,187000000,-0.13023255813953488,2024-07-04,2024-08-13,188000000,2024-08-13,Sold,,,,,,,,,,,,,,,,,,,,,,,52,,Closed,188000000,GCD-15897,Laris Autocars (Rigo),150,2024-03-25,Jabodetabek,2024-08-13
SFA01675,B2977PKD,2024-07-15,DIPA,123000000,TOYOTA CALYA 1.2 G AT,Sold JBA,2024-08-06,,0.1544715447154471,,,,,,Sold JBA,Meruya,115000000,98000000,-0.14782608695652175,2024-07-23,2024-08-27,104000000,2024-08-06,Sold,,,,,,,,,,,,,,,,,,,,,,,22,,Closed,104000000,GCD-11372,Terang JAya Motor (Dimyati usman),142,2024-04-16,Jabodetabek,2024-08-06
SFA01999,B1422JLP,2024-08-06,Arfan,131750000,MITSUBISHI OUTLANDER PX A/T,Sold JBA,2024-09-03,,0.1954459203036053,,,,,,Sold JBA,Meruya,115000000,106000000,-0.0782608695652174,2024-08-13,2024-09-03,106000000,2024-09-03,Sold,,,,,,,,,,,,,,,,,,,,,,,28,,Closed,106000000,GCD-19871,Sang Auto Mobilindo (Heri Susanto),122,2024-05-13,Jabodetabek,2024-09-03
SFA01842,B2615KMS,2024-08-29,Dipa,119000000,TOYOTA NEW AVANZA G 1.3 AT,Sold JBA,2024-09-03,,0.11764705882352944,,,,,,Sold JBA,Meruya,105000000,105000000,0,2024-09-03,2024-09-03,105000000,2024-09-03,Sold,,,,,,,,,,,,,,,,,,,,,,,5,,Closed,105000000,GCD-5352,DJ AUTO  (Doddy),135,2024-04-30,Jabodetabek,2024-09-03
SFA00385,B1998KRG,2024-07-06,Onggang,86999900,TOYOTA NEW AVANZA G 1.3 MT,Sold JBA,2024-09-05,,0.1609185757684779,,,,,,Sold JBA,Tipar,87000000,66000000,-0.2413793103448276,2024-07-09,2024-09-05,73000000,2024-09-05,Sold,,,,,,,,,,,,,,,,,,,,,,,61,,Closed,73000000,GCD-5418,Juru Car(Adytha Cryfta Mukharom),236,2024-01-22,Jabodetabek,2024-09-05
SFA01705,B1851CMH,2024-07-16,DIPA,77999900,Rush S MT 1.5 S mt,Sold JBA,2024-09-10,,0.26281956771739456,,,,,,Sold JBA,Meruya,70000000,57500000,-0.17857142857142858,2024-07-23,2024-09-10,57500000,2024-09-10,Sold,,,,,,,,,,,,,,,,,,,,,,,56,,Closed,57500000,GCD-11372,Terang JAya Motor (Dimyati usman),154,2024-04-19,Jabodetabek,2024-09-10
SFA02071,B1111KAA,2024-08-20,Hendra,143747375,HONDA JAZZ,Sold JBA,2024-09-12,,0.1234622545281262,,,,,,Sold JBA,Tipar,140000000,125000000,-0.10714285714285714,2024-08-22,2024-09-12,126000000,2024-09-12,Sold,,,,,,,,,,,,,,,,,,,,,,,23,,Closed,126000000,GCD-19986,FT Rafa Jaya Motor (Fajar Ayani),131,2024-05-16,Jabodetabek,2024-09-12
SFA01143,B1457GKO,2024-07-29,DIPA,65000000,DAIHATSU AYLA M MT,Sold JBA,2024-09-17,,0.0692307692307692,,,,,,Sold JBA,Meruya,65000000,48000000,-0.26153846153846155,2024-08-01,2024-09-17,60500000,2024-09-17,Sold,,,,,,,,,,,,,,,,,,,,,,,50,,Closed,60500000,GCD-19286,Alya Motor (Ahmad),206,2024-03-04,Jabodetabek,2024-09-17
SFA01950,B1995NRE,2024-08-22,Dipa,149999900,TOYOTA RUSH S VVTI 1.5 A/T,Sold JBA,2024-10-08,,0.17333278222185478,,,,,,Sold JBA,Pekanbaru - Mobil 531,150000000,115000000,-0.23333333333333334,2024-09-03,2026-02-26,124000000,2024-10-08,Sold,,,,,,,,,,,,,,,,,,,,,,,47,,Closed,124000000,GCD-10920,Queen Mobilindo (Arini Dermawati),163,2024-05-07,Jabodetabek,2024-10-08
SFA02051,A1747DM,2024-08-30,DIPA,147000000,HONDA NEW JAZZ RS 1.5 A/T,Sold JBA,2024-10-08,,0.18367346938775508,,,,,,Sold JBA,Meruya,147000000,115000000,-0.21768707482993196,2024-09-10,2024-10-08,120000000,2024-10-08,Sold,,,,,,,,,,,,,,,,,,,,,,,39,,Closed,120000000,GCD-13701,Gading Motor (Suharyadi),155,2024-05-15,Jabodetabek,2024-10-08
SFA02328,B1368VKT,2024-08-30,Rajif,109000000,HONDA BRIO SATYA E M/T,Sold JBA,2024-10-08,,0.14678899082568808,,,,,,Sold JBA,Meruya,109000000,90000000,-0.1743119266055046,2024-09-03,2024-10-08,93000000,2024-10-08,Sold,,,,,,,,,,,,,,,,,,,,,,,39,,Closed,93000000,GCD-13701,Gading Motor (Suharyadi),136,2024-06-03,Jabodetabek,2024-10-08
SFA00448,B2140BOK,2024-09-30,PT Aqueen,83000000,DAIHATSU SIGRA 1.2 R,Sold JBA,2024-10-10,,0.12048192771084343,,,,,,Sold JBA,Tipar,65000000,65000000,0,2024-10-10,2024-10-10,73000000,2024-10-10,Sold,,,,,,,,,,,,,,,,,,,,,,,10,,Closed,73000000,GCD-18857,Royz Auto Car (Wan Roy Ismail),264,2024-01-29,Jabodetabek,2024-10-10
SFA02970,B2747SXN,2024-08-19,Rajif,110600000,NISSAN GRAND LIVINA 1.5XGEARCVT,Sold JBA,2024-10-22,,0.25858951175406875,,,,,,Sold JBA,Meruya,110600000,80000000,-0.2766726943942134,2024-08-27,2024-10-22,82000000,2024-10-22,Sold,,,,,,,,,,,,,,,,,,,,,,,64,,Closed,82000000,GCD-4943,Aurora Mobilindo (Anthony Nur Hasan),113,2024-07-10,Jabodetabek,2024-10-22
SFA02199,L1634ZC,2024-08-31,FEBBY,124000000,TOYOTA CAMRY V 2.4 A/T,Sold JBA,2024-10-22,,0.3548387096774194,,,,,,Sold JBA,Sidoarjo,111600000,80000000,-0.2831541218637993,2024-09-10,2024-10-22,80000000,2024-10-22,Sold,,,,,,,,,,,,,,,,,,,,,,,52,,Closed,80000000,GCD-20113,Sidoarjo Motor (Axelino Muhammad Ghazian),160,2024-05-24,Surabaya,2024-10-22
SFA03895,DK1764BV,2024-09-24,I MADE ARTAWAN,127500000,Toyota Kijang Innova G 2.0 MT 2010,Sold JBA,2024-10-29,,0.19215686274509802,,,,,,Sold JBA,Sidoarjo,127500000,100000000,-0.21568627450980393,2024-10-03,2024-10-29,103000000,2024-10-29,Sold,,,,,,,,,,,,,,,,,,,,,,,35,,Closed,103000000,GCD-19875,AA Mobilindo (Dede Gungun Eka Permana),80,2024-08-19,Bali,2024-10-29
SFA03069,L1778FG,2024-10-18,FEBBY,70000000,DAIHATSU AYLA M MT,Sold JBA,2024-10-29,,0,,,,,,Sold JBA,Sidoarjo,70000000,70000000,0,2024-10-29,2024-10-29,70000000,2024-10-29,Sold,,,,,,,,,,,,,,,,,,,,,,,11,,Closed,70000000,GCD-7439,Hiro Auto (Andre Chandra),115,2024-07-15,Surabaya,2024-10-29
SFA01130,B2344TBK,2024-08-02,Hendra,179999900,MAZDA,Sold JBA,2024-10-31,,0.33333296296275716,,,,,,Sold JBA,Tipar,180000000,120000000,-0.3333333333333333,2024-08-08,2024-10-31,120000000,2024-10-31,Sold,,,,,,,,,,,,,,,,,,,,,,,90,,Closed,120000000,GCD-19889,Blitz automotive (Deny agustian kurniawan),253,2024-03-01,Jabodetabek,2024-10-31
SFA00304,B2724KMU,2024-09-23,PT Aqueen,90000000,TOYOTA AGYA 1.0 G AT,Sold JBA,2024-10-31,,0.09999999999999998,,,,,,Sold JBA,Tipar,85500000,81000000,-0.05263157894736842,2024-10-24,2024-10-31,81000000,2024-10-31,Sold,,,,,,,,,,,,,,,,,,,,,,,38,,Closed,81000000,GCD-2607,Karunia Indah Motor (Denny Prayudi),305,2024-01-12,Jabodetabek,2024-10-31
SFA03164,B1446PGA,2024-10-18,Dipa,124000000,SUZUKI ERTIGA GL M/T,Sold JBA,2024-11-05,,0.16935483870967738,,,,,,Sold JBA,Meruya,111000000,103000000,-0.07207207207207207,2024-10-29,2024-11-05,103000000,2024-11-05,Sold,,,,,,,,,,,,,,,,,,,,,,,18,,Closed,103000000,GCD-18792,Benny Motor Sports (Beni Wijaya),119,2024-07-19,Jabodetabek,2024-11-05
SFA01816,F1722VD,2024-09-24,Ujang,196350000,MITSUBISHI XPANDER 1.5 ULT AT,Sold JBA,2024-11-07,,0.11382734912146675,,,,,,Sold JBA,Tipar,186500000,174000000,-0.06702412868632708,2024-10-10,2024-11-07,174000000,2024-11-07,Sold,,,,,,,,,,,,,,,,,,,,,,,44,,Closed,174000000,GCD-19889,Blitz automotive (Deny agustian kurniawan),210,2024-04-27,Jabodetabek,2024-11-07
SFA03158,B1580FRX,2024-09-21,Arfan,130000000,TOYOTA GRAND NEW AVANZA G AT,Sold JBA,2024-11-07,,0.1461538461538462,,,,,,Sold JBA,Tipar,130000000,111000000,-0.14615384615384616,2024-10-03,2024-11-07,111000000,2024-11-07,Sold,,,,,,,,,,,,,,,,,,,,,,,47,,Closed,111000000,GCD-19949,Bekti Auto Motor (Faisal Amri),120,2024-07-19,Jabodetabek,2024-11-07
SFA03652,B2953JUK,2024-09-30,DOMINGGUS,102000000,HONDA BRIO SATYA E M/T,Sold JBA,2024-11-07,,0.12254901960784315,,,,,,Sold JBA,Bandung,102000000,88000000,-0.13725490196078433,2024-10-10,2024-11-07,89500000,2024-11-07,Sold,,,,,,,,,,,,,,,,,,,,,,,38,,Closed,89500000,GCD-20334,Raya Putra Mobil (Samsul Bahri),101,2024-08-07,Bandung,2024-11-07
SFA02681,B2398FMS,2024-09-23,Wahyu,100000000,HONDA MOBILIO E-CVT,Sold JBA,2024-11-14,,0.17500000000000004,,,,,,Sold JBA,Tipar,100000000,82000000,-0.18,2024-10-03,2024-11-14,82500000,2024-11-14,Sold,,,,,,,,,,,,,,,,,,,,,,,52,,Closed,82500000,GCD-18758,BAJAJ MOBILINDO (Innocentio Ryan Adityas),151,2024-06-25,Jabodetabek,2024-11-14
SFA03505,B1229KOV,2024-10-09,Wicaksono,100000000,SUZUKI ERTIGA GL M/T,Sold JBA,2024-11-14,,0.050000000000000044,,,,,,Sold JBA,Tipar,100000000,90000000,-0.1,2024-10-31,2024-11-14,95000000,2024-11-14,Sold,,,,,,,,,,,,,,,,,,,,,,,36,,Closed,95000000,GCD-20267,Kiki Auto Mobilindo (Dicky Apriyadi ),115,2024-07-31,Jabodetabek,2024-11-14
SFA02879,B1346SJO,2024-10-07,Rahadian,180000000,HONDA NEW CRV,Sold JBA,2024-11-21,,0.1444444444444445,,,,,,Sold JBA,Semarang,162000000,149000000,-0.08024691358024691,2024-11-07,2024-11-21,154000000,2024-11-21,Sold,,,,,,,,,,,,,,,,,,,,,,,45,,Closed,154000000,GCD-3934,Semarang Cars (Jaki Budi Ariawan),153,2024-07-04,Semarang,2024-11-21
SFA02745,B1679TBC,2024-10-03,Rudy,170850000,HONDA CIVIC 1.8 L AT,Sold JBA,2024-11-26,,0.3971319871232075,,,,,,Sold JBA,Sidoarjo,139000000,103000000,-0.2589928057553957,2024-10-08,2024-11-26,103000000,2024-11-26,Sold,,,,,,,,,,,,,,,,,,,,,,,54,,Closed,103000000,GCD-20172,Cita Mobilindo (Danang Prakoso Mualim),162,2024-06-27,Surabaya,2024-11-26
SFA05223,B1492HFH,2024-11-07,Arfan,130000000,Toyota Calya G 1.2 MT 2022,Sold JBA,2024-11-26,,0.11538461538461542,,,,,,Sold JBA,Semarang,130000000,115000000,-0.11538461538461539,2024-11-12,2025-01-09,115000000,2024-11-26,Sold,,,,,,,,,,,,,,,,,,,,,,,19,,Closed,115000000,GCD-18479,Dels Auto (Erick paskalis),64,2024-10-03,Jabodetabek,2024-11-26
SFA03716,B1323BIO,2024-10-10,AGUS,130000000,Toyota Yaris G 1.5 AT 2014,Sold JBA,2024-11-28,,0.1923076923076923,,,,,,Sold JBA,Semarang,130000000,101000000,-0.2230769230769231,2024-10-24,2024-11-28,105000000,2024-11-28,Sold,,,,,,,,,,,,,,,,,,,,,,,49,,Closed,105000000,GCD-20306,Pardi Putra Mobilindo (Sumadi),123,2024-08-09,Yogyakarta,2024-11-28
SFA05014,B1443FCQ,2024-10-30,Arfan,210000000,Honda CRV 2WD 2.4 AT 2015,Sold JBA,2024-11-28,,0.11904761904761907,,,,,,Sold JBA,Tipar,210000000,185000000,-0.11904761904761904,2024-11-07,2024-11-28,185000000,2024-11-28,Sold,,,,,,,,,,,,,,,,,,,,,,,29,,Closed,185000000,GCD-5983,Ivan auto(Rachmat supriyadi),74,2024-09-27,Jabodetabek,2024-11-28
SFA04547,DK1167ET,2024-10-24,I MADE ARTAWAN,85000000,Toyota Kijang Innova G 2.0 MT 2005,Sold JBA,2024-12-03,,0.21764705882352942,,,,,,Sold JBA,Sidoarjo,85000000,65000000,-0.23529411764705882,2024-11-05,2024-12-03,66500000,2024-12-03,Sold,,,,,,,,,,,,,,,,,,,,,,,40,,Closed,66500000,GCD-20425,UD Darma Motor (I Nyoman Darmawan ),92,2024-09-11,Bali,2024-12-03
SFA04139,B1754TFK,2024-11-27,Hendra,62000000,Nissan Grand Livina XV 1.5 AT 2009,Sold JBA,2024-12-05,,0.09999999999999998,,,,,,Sold JBA,Tipar,55800000,55800000,0,2024-12-05,2024-12-05,55800000,2024-12-05,Sold,,,,,,,,,,,,,,,,,,,,,,,8,,Closed,55800000,GCD-17903,"FRANZ MOBILINDO (Franz Eddy Soetikno K, SE)",109,2024-08-27,Jabodetabek,2024-12-05
SFA03489,K1209AG,2024-11-26,PT Aqueen,80550000,SUZUKI IGNIS 1.2 GL,Sold JBA,2024-12-05,,-0.06145251396648055,,,,,,Sold JBA,Semarang,83000000,83000000,0,2024-12-05,2024-12-05,85500000,2024-12-05,Sold,,,,,,,,,,,,,,,,,,,,,,,9,,Closed,85500000,GCD-3934,Semarang Cars (Jaki Budi Ariawan),136,2024-07-31,Semarang,2024-12-05
SFA02382,DD234NY,2024-08-28,Rajif,199999900,HONDA ACCORD VTI L 2.4 A/T,Sold JBA,2024-12-10,,0.5624997812498906,,,,,,Sold JBA,Meruya,200000000,80000000,-0.6,2024-09-10,2024-12-10,87500000,2024-12-10,Sold,,,,,,,,,,,,,,,,,,,,,,,104,,Closed,87500000,GCD-13345,Dhanda Mobilindo (Dedi Mulyadi),197,2024-06-05,Jabodetabek,2024-12-10
SFA04205,W1728VO,2024-11-28,Rudy,163200000,Mazda 2 R 1.5 AT 2017,Sold JBA,2024-12-10,,0.1299019607843137,,,,,,Sold JBA,Sidoarjo,130000000,130000000,0,2024-12-10,2024-12-10,142000000,2024-12-10,Sold,,,,,,,,,,,,,,,,,,,,,,,12,,Closed,142000000,GCD-20383,HG Autocars (Toni Andika Setyawan),112,2024-08-29,Surabaya,2024-12-10
SFA03144,B1545RY,2024-09-11,Purnomo,74999900,SUZUKI APV GL STD 1.5 M/T,Sold JBA,2024-12-12,,0.42666590222120293,,,,,,Sold JBA,Tipar,72000000,33000000,-0.5416666666666666,2024-10-03,2024-12-12,43000000,2024-12-12,Sold,,,,,,,,,,,,,,,,,,,,,,,92,,Closed,43000000,GCD-19620,PW MOBILINDO (Purwanto),158,2024-07-19,Jabodetabek,2024-12-12
SFA04760,B1283BOP,2024-11-07,Wicaksono,85900000,Chevrolet Captiva 2.0 AT 2011,Sold JBA,2024-12-12,,0.18509895227008144,,,,,,Sold JBA,Tipar,85900000,70000000,-0.1850989522700815,2024-12-05,2024-12-12,70000000,2024-12-12,Sold,,,,,,,,,,,,,,,,,,,,,,,35,,Closed,70000000,GCD-20487,Carmil Autos (Endang Koswara ),95,2024-09-20,Jabodetabek,2024-12-12
SFA03984,B1903TYI,2024-11-18,Hendra,121999900,Daihatsu Terios TX 1.5 MT 2014,Sold JBA,2024-12-12,,0.04508118449277421,,,,,,Sold JBA,Tipar,122000000,100000000,-0.18032786885245902,2024-12-05,2024-12-12,116500000,2024-12-12,Sold,,,,,,,,,,,,,,,,,,,,,,,24,,Closed,116500000,GCD-17903,"FRANZ MOBILINDO (Franz Eddy Soetikno K, SE)",123,2024-08-23,Jabodetabek,2024-12-12
SFA03636,B1383GY,2024-11-22,PT Aqueen,62000000,Honda idsi at Idsi at Honda idsi at,Sold JBA,2024-12-12,,0.20967741935483875,,,,,,Sold JBA,Tipar,55000000,43000000,-0.21818181818181817,2024-11-28,2024-12-12,49000000,2024-12-12,Sold,,,,,,,,,,,,,,,,,,,,,,,20,,Closed,49000000,GCD-20180,Ray Motor (Rameli Sukarman),140,2024-08-06,Jabodetabek,2024-12-12
SFA04033,B21KX,2024-11-26,Dipa,42999900,Suzuki SX4 Xover 1.5 AT 2007,Sold JBA,2024-12-17,,0.3023239588929276,,,,,,Sold JBA,Tipar,43000000,39000000,-0.09302325581395349,2024-12-03,2025-03-06,30000000,2024-12-17,Sold,,,,,,,,,,,,,,,,,,,,,,,21,,Closed,30000000,GCD-19617,Razka Jaya Motor(Melisah),127,2024-08-23,Jabodetabek,2024-12-17
SFA00560,B1743PJM,2024-11-28,PT Tania,240000000,HONDA NEW CRV 2.0 A/T DOHC,Sold JBA,2024-12-19,,0.20833333333333337,,,,,,Sold JBA,Tipar,190000000,190000000,0,2024-12-19,2024-12-19,190000000,2024-12-19,Sold,,,,,,,,,,,,,,,,,,,,,,,21,,Closed,190000000,GCD-16551,JS Motor (Sony Robby),331,2024-02-05,Jabodetabek,2024-12-19
SFA03687,H1247WQ,2024-11-26,PT Aqueen,100000000,Nissan Xtrail ST 2.5 AT 2010,Sold JBA,2024-12-19,,0.4,,,,,,Sold JBA,Semarang,90000000,60000000,-0.3333333333333333,2024-12-05,2024-12-19,60000000,2024-12-19,Sold,,,,,,,,,,,,,,,,,,,,,,,23,,Closed,60000000,GCD-3934,Semarang Cars (Jaki Budi Ariawan),146,2024-08-08,Semarang,2024-12-19
SFA04461,B1272POC,2024-11-11,Hendra,118000000,Isuzu Panther LV Turbo 2.5 MT 2011,Sold JBA,2024-12-19,,0.23305084745762716,,,,,,Sold JBA,Tipar,100000000,70000000,-0.3,2024-12-12,2024-12-19,90500000,2024-12-19,Sold,,,,,,,,,,,,,,,,,,,,,,,38,,Closed,90500000,GCD-12922,Four R mobilindo (Muhammad Firmansyah),117,2024-09-06,Jabodetabek,2024-12-19
SFA03876,H1536SZ,2024-10-17,Rahadian,180000000,Toyota Camry V 2.5 AT 2013,Sold JBA,2024-12-19,,0.31666666666666665,,,,,,Sold JBA,Semarang,175000000,110000000,-0.37142857142857144,2024-11-14,2024-12-19,123000000,2024-12-19,Sold,,,,,,,,,,,,,,,,,,,,,,,63,,Closed,123000000,GCD-16553,168 Mobil (Teguh Hari Suroyo),132,2024-08-22,Semarang,2024-12-19
SFA04645,B1170CLS,2024-11-08,Hendra,249999900,Toyota Fortuner G 2.5 AT 2014,Sold JBA,2024-12-19,,0.07999963199985283,,,,,,Sold JBA,Tipar,230000000,230000000,0,2024-12-19,2024-12-19,230000000,2024-12-19,Sold,,,,,,,,,,,,,,,,,,,,,,,41,,Closed,230000000,GCD-12922,Four R mobilindo (Muhammad Firmansyah),109,2024-09-14,Jabodetabek,2024-12-19
SFA05382,B8072UW,2024-11-25,Rahadian,97000000,Honda Jazz E 1.5 AT 2008,Sold JBA,2024-12-19,,0.14948453608247425,,,,,,Sold JBA,Semarang,88000000,68000000,-0.22727272727272727,2024-12-12,2024-12-19,82500000,2024-12-19,Sold,,,,,,,,,,,,,,,,,,,,,,,24,,Closed,82500000,GCD-20539,Tony Mobil (Tonny Suryohadi),83,2024-10-10,Semarang,2024-12-19
SFA05290,G1217HM,2024-11-14,Rahadian,85000000,Mazda 2 HB S 1.5 MT 2012,Sold JBA,2024-12-19,,0.2647058823529411,,,,,,Sold JBA,Semarang,85000000,60000000,-0.29411764705882354,2024-11-28,2024-12-19,62500000,2024-12-19,Sold,,,,,,,,,,,,,,,,,,,,,,,35,,Closed,62500000,GCD-20548,N5 Mobil (Indra Dwi Cahyono),86,2024-10-07,Semarang,2024-12-19
SFA03629,N1902GB,2024-10-29,FEBBY,150000000,NISSAN NEW XTRAIL 2.5 CVT,Sold JBA,2024-12-24,,0.18333333333333335,,,,,,Sold JBA,Sidoarjo,150000000,90000000,-0.4,2024-11-26,2024-12-24,122500000,2024-12-24,Sold,,,,,,,,,,,,,,,,,,,,,,,56,,Closed,122500000,GCD-20054,Tenang Jaya Motor (Poppy Novitasari),151,2024-08-06,Surabaya,2024-12-24
SFA04279,Z1821DS,2024-11-19,FEBBY,121828000,Honda Mobilio RS 1.5 AT 2015,Sold JBA,2024-12-24,,0.18737892766851627,,,,,,Sold JBA,Sidoarjo,122000000,95000000,-0.22131147540983606,2024-12-03,2024-12-24,99000000,2024-12-24,Sold,,,,,,,,,,,,,,,,,,,,,,,35,,Closed,99000000,GCD-10948,Champ Motor (Arfiansyah),127,2024-08-30,Surabaya,2024-12-24
SFA05282,F1491PT,2024-11-07,Arfan,146000000,Suzuki Ertiga GX 1.4 AT 2017,Sold JBA,2024-12-24,,0.17123287671232879,,,,,,Sold JBA,Meruya,146000000,110000000,-0.2465753424657534,2024-11-12,2024-12-24,121000000,2024-12-24,Sold,,,,,,,,,,,,,,,,,,,,,,,47,,Closed,121000000,GCD-18479,Dels Auto (Erick paskalis),89,2024-10-07,Jabodetabek,2024-12-24
SFA02186,B1352UVL,2024-12-09,PT Tania,91999900,HONDA MOBILIO E-CVT,Sold JBA,2024-12-26,,0.15760778000845654,,,,,,Sold JBA,Tipar,77000000,77000000,0,2024-12-26,2024-12-26,77500000,2024-12-26,Sold,,,,,,,,,,,,,,,,,,,,,,,17,,Closed,77500000,GCD-15908,Brother Auto Car (Mohammad Gamal),222,2024-05-24,Jabodetabek,2024-12-26
SFA02678,B8712QY,2024-12-03,PT Aqueen,69000000,NISSAN SERENA HIGHWAY2.0A/T,Sold JBA,2024-12-26,,0.5289855072463768,,,,,,Sold JBA,Tipar,60000000,28000000,-0.5333333333333333,2024-12-12,2024-12-26,32500000,2024-12-26,Sold,,,,,,,,,,,,,,,,,,,,,,,23,,Closed,32500000,GCD-20158,Panca Mandiri Mobil (Hudi suryantoro),197,2024-06-24,Jabodetabek,2024-12-26
SFA04008,B1217KOC,2024-11-07,Hendra,95000000,Mazda 2 HB 1.5 AT 2012,Sold JBA,2024-12-26,,0.2421052631578947,,,,,,Sold JBA,Tipar,95000000,67000000,-0.29473684210526313,2024-12-05,2024-12-26,72000000,2024-12-26,Sold,,,,,,,,,,,,,,,,,,,,,,,49,,Closed,72000000,GCD-17903,"FRANZ MOBILINDO (Franz Eddy Soetikno K, SE)",138,2024-08-22,Jabodetabek,2024-12-26
SFA05851,AB1431WX,2024-12-14,Agus Sumarwan,97500000,Volkswagen Polo 1.4 5D AT 2012,Sold JBA,2024-12-26,,0.10256410256410253,,,,,,Sold JBA,Semarang,70000000,70000000,0,2024-12-26,2024-12-26,87500000,2024-12-26,Sold,,,,,,,,,,,,,,,,,,,,,,,12,,Closed,87500000,GCD-5457,Auto One (Nugroho Panukmo),74,2024-10-25,Yogyakarta,2024-12-26
SFA02489,N1827HC,2024-09-30,Adiem Muttaqin,93000000,NISSAN X-TRAIL,Sold JBA,2024-12-31,,0.3548387096774194,,,,,,Sold JBA,Sidoarjo,70000000,60000000,-0.14285714285714285,2024-12-24,2024-12-31,60000000,2024-12-31,Sold,,,,,,,,,,,,,,,,,,,,,,,92,,Closed,60000000,GCD-19907,Rezeki Sekawan Motor (A Zainuri),212,2024-06-13,Surabaya,2024-12-31
SFA03097,B1674SAE,2024-10-16,FEBBY,143000000,Merc benz Sedan C200 cgi at ckd,Sold JBA,2024-12-31,,0.4055944055944056,,,,,,Sold JBA,Sidoarjo,129000000,85000000,-0.34108527131782945,2024-12-03,2024-12-31,85000000,2024-12-31,Sold,,,,,,,,,,,,,,,,,,,,,,,76,,Closed,85000000,GCD-10948,Champ Motor (Arfiansyah),178,2024-07-17,Surabaya,2024-12-31
SFA03235,B1945UMA,2024-11-04,Hendra,81999900,NISSAN SERENA HIGHWAY2.0A/T,Sold JBA,2025-01-02,,0.3719504535981142,,,,,,Sold JBA,Tipar,40000000,40000000,0,2025-01-02,2025-01-02,51500000,2025-01-02,Sold,,,,,,,,,,,,,,,,,,,,,,,59,,Closed,51500000,GCD-19681,Brillian maju motor (Ariel setya bearani),173,2024-07-22,Jabodetabek,2025-01-02
SFA06057,B1722SAM,2024-12-18,Purnomo Ajie Nugroho,249999900,Toyota Camry G 2.5 AT 2016,Sold JBA,2025-01-02,,0.4019997607999043,,,,,,Sold JBA,Tipar,200000000,140000000,-0.3,2024-12-26,2025-01-02,149500000,2025-01-02,Sold,,,,,,,,,,,,,,,,,,,,,,,15,,Closed,149500000,GCD-19501,Rosarios Cars Gallery (Anthonius Hot Arios),72,2024-10-31,Jabodetabek,2025-01-02
SFA02017,B2227UOT,2024-11-26,PT Tania,95000000,WULING CONFERO S 1.5 L,Sold JBA,2025-01-09,,0.2578947368421053,,,,,,Sold JBA,Tipar,95000000,62000000,-0.3473684210526316,2024-12-05,2025-01-09,70500000,2025-01-09,Sold,,,,,,,,,,,,,,,,,,,,,,,44,,Closed,70500000,GCD-15908,Brother Auto Car (Mohammad Gamal),263,2024-05-13,Jabodetabek,2025-01-09
SFA04201,B2011FBC,2024-11-13,Hendra,154999900,Toyota Alphard 2WD 2.4 AT 2008,Sold JBA,2025-01-09,,0.35483829344406026,,,,,,Sold JBA,Tipar,155000000,100000000,-0.3548387096774194,2024-12-05,2025-01-09,100000000,2025-01-09,Sold,,,,,,,,,,,,,,,,,,,,,,,57,,Closed,100000000,GCD-17903,"FRANZ MOBILINDO (Franz Eddy Soetikno K, SE)",145,2024-08-29,Jabodetabek,2025-01-09
SFA05350,B2017TVL,2024-11-11,Henri,154999900,Mazda 2 HB G 1.5 MT 2017,Sold JBA,2025-01-09,,0.3225802081162633,,,,,,Sold JBA,Tipar,155000000,105000000,-0.3225806451612903,2024-11-21,2025-01-09,105000000,2025-01-09,Sold,,,,,,,,,,,,,,,,,,,,,,,59,,Closed,105000000,GCD-18273,Taro Mobilindo (Indra Saputra),103,2024-10-10,Jabodetabek,2025-01-09
SFA06460,F1034BW,2024-12-30,Purnomo Ajie Nugroho,214999900,Mitsubishi Pajero Sport Dakar 2.5 AT 2012,Sold JBA,2025-01-09,,0.19534846295277342,,,,,,Sold JBA,Tipar,165000000,165000000,0,2025-01-09,2025-01-09,173000000,2025-01-09,Sold,,,,,,,,,,,,,,,,,,,,,,,10,,Closed,173000000,GCD-19501,Rosarios Cars Gallery (Anthonius Hot Arios),70,2024-11-12,Jabodetabek,2025-01-09
SFA04640,S1860AN,2025-01-07,PT Aqueen,64000000,Suzuki Splash 1.2 MT 2013,Sold JBA,2025-01-14,,0.09375,,,,,,Sold JBA,Sidoarjo,58000000,58000000,0,2025-01-14,2025-01-14,58000000,2025-01-14,Sold,,,,,,,,,,,,,,,,,,,,,,,7,,Closed,58000000,GCD-20172,Cita Mobilindo (Danang Prakoso Mualim),128,2024-09-17,Surabaya,2025-01-14
SFA04137,B2867TOI,2024-11-30,Purnomo,160000000,Toyota Sienta Q 1.5 AT 2017,Sold JBA,2025-01-16,,0.021874999999999978,,,,,,Sold JBA,Tipar,144000000,144000000,0,2025-01-16,2025-01-16,156500000,2025-01-16,Sold,,,,,,,,,,,,,,,,,,,,,,,47,,Closed,156500000,GCD-6732,AZ Car (Indra Pradana),157,2024-08-27,Jabodetabek,2025-01-16
SFA04926,B1529ERT,2024-12-28,Agus Sumarwan,104000000,Daihatsu Sigra R 1.2 Dlx MT 2019,Sold JBA,2025-01-16,,0.09615384615384615,,,,,,Sold JBA,Semarang,93500000,85000000,-0.09090909090909091,2025-01-09,2025-01-16,94000000,2025-01-16,Sold,,,,,,,,,,,,,,,,,,,,,,,19,,Closed,94000000,GCD-12533,Bintang Fausta Motor (Eko Butsiantoro ST),129,2024-09-24,Yogyakarta,2025-01-16
SFA05538,B1745TJD,2024-12-12,Wahyu Prasetyadi Wicaksono,93999900,Hyundai Tucson 2WD 2.0 AT 2012,Sold JBA,2025-01-23,,0.20212681077320294,,,,,,Sold JBA,Tipar,94000000,66000000,-0.2978723404255319,2025-01-09,2025-01-23,75000000,2025-01-23,Sold,,,,,,,,,,,,,,,,,,,,,,,42,,Closed,75000000,GCD-19001,RS Auto Car (RONI FREDDY SIHOMBING),111,2024-10-18,Jabodetabek,2025-01-23
SFA01023,B1476EZT,2024-12-27,PT Tania,249999900,Hyundai creta prime 1.5 AT,Sold JBA,2025-01-09,,-0.1700004680001872,,,,,,Sold JBA,Semarang,250000000,250000000,0,2025-01-09,2025-01-23,292500000,2025-01-09,Sold,,,,,,,,,,,,,,,,,,,,,,,13,,Closed,292500000,GCD-16551,JS Motor (Sony Robby),346,2024-02-26,Jabodetabek,2025-01-09
SFA05900,B2832FVA,2025-01-03,Purnomo Ajie Nugroho,150000000,Mazda CX5 Low 2.5 AT 2014,Sold JBA,2025-01-23,,0.23333333333333328,,,,,,Sold JBA,Tipar,150000000,115000000,-0.23333333333333334,2025-01-09,2025-01-23,115000000,2025-01-23,Sold,,,,,,,,,,,,,,,,,,,,,,,20,,Closed,115000000,GCD-20440,Keenan Autocars (Yulia Azhar),103,2024-10-26,Jabodetabek,2025-01-23
SFA04081,B2566TBB,2024-11-30,Wahyu,68000000,Nissan Grand Livina Ult XV 1.5 AT 2012,Sold JBA,2025-01-30,,0.2647058823529411,,,,,,Sold JBA,Tipar,58000000,50000000,-0.13793103448275862,2025-01-23,2025-01-30,50000000,2025-01-30,Sold,,,,,,,,,,,,,,,,,,,,,,,61,,Closed,50000000,GCD-20435,Dsb Automotif (Mohammad hadi),169,2024-08-26,Jabodetabek,2025-01-30
SFA04265,D1698SGQ,2024-11-30,Wahyu,88000000,Nissan Grand Livina SV 1.5 MT 2014,Sold JBA,2025-01-30,,0.21590909090909094,,,,,,Sold JBA,Tipar,73000000,60000000,-0.1780821917808219,2025-01-23,2025-01-30,69000000,2025-01-30,Sold,,,,,,,,,,,,,,,,,,,,,,,61,,Closed,69000000,GCD-20084,Garasi 151 (Agil),165,2024-08-30,Jabodetabek,2025-01-30
SFA04150,B1087BFA,2024-11-26,Wicaksono,51000000,Mazda 3 1.6 AT 2006,Sold JBA,2025-01-30,,0.5882352941176471,,,,,,Sold JBA,Tipar,51000000,18000000,-0.6470588235294118,2024-12-05,2025-01-30,21000000,2025-01-30,Sold,,,,,,,,,,,,,,,,,,,,,,,65,,Closed,21000000,GCD-16619,Pelita Motor (Maskur),168,2024-08-27,Jabodetabek,2025-01-30
SFA04892,B2507UKT,2024-12-27,Irfan Effendi,105999900,Toyota Calya G 1.2 AT 2019,Sold JBA,2025-01-30,,0.15094259522886344,,,,,,Sold JBA,Tipar,106000000,75000000,-0.29245283018867924,2025-01-16,2025-01-30,90000000,2025-01-30,Sold,,,,,,,,,,,,,,,,,,,,,,,34,,Closed,90000000,GCD-16286,Tri Mobilindo (Ayyub Habibburrohman),140,2024-09-24,Jabodetabek,2025-01-30
SFA04879,B1223SO,2024-12-28,Hendra Posma Waller Sitompul,90000000,Honda Accord VTIL 2.4 AT 2008,Sold JBA,2025-01-30,,0.4444444444444444,,,,,,Sold JBA,Tipar,81000000,47000000,-0.41975308641975306,2025-01-09,2025-01-30,50000000,2025-01-30,Sold,,,,,,,,,,,,,,,,,,,,,,,33,,Closed,50000000,GCD-17199,Ghazza Maju Motor  (Budi Widodo),141,2024-09-23,Jabodetabek,2025-01-30
SFA05159,D1553UAS,2024-12-31,Dominggus E. Tefa,105000000,Toyota Agya G 1.2 MT 2018,Sold JBA,2025-01-30,,0.26190476190476186,,,,,,Sold JBA,Bandung,100000000,75000000,-0.25,2025-01-23,2025-01-30,77500000,2025-01-30,Sold,,,,,,,,,,,,,,,,,,,,,,,30,,Closed,77500000,GCD-5662,Dua Mandiri Putra (Andri Trisnandar),134,2024-09-30,Bandung,2025-01-30
SFA02001,B2242KKT,2025-01-08,PT Tania,229500000,HONDA HR-V 1.5 E CVT,Sold JBA,2025-01-30,,0.11982570806100223,,,,,,Sold JBA,Tipar,200000000,200000000,0,2025-01-30,2025-01-30,202000000,2025-01-30,Sold,,,,,,,,,,,,,,,,,,,,,,,22,,Closed,202000000,GCD-15908,Brother Auto Car (Mohammad Gamal),276,2024-05-11,Jabodetabek,2025-01-30
SFA07359,B8509XG,2025-01-12,Wahyu Prasetyadi Wicaksono,45000000,Nissan Xtrail XT 2.5 AT 2004,Sold JBA,2025-01-30,,0.4444444444444444,,,,,,Sold JBA,Tipar,45000000,25000000,-0.4444444444444444,2025-01-23,2025-01-30,25000000,2025-01-30,Sold,,,,,,,,,,,,,,,,,,,,,,,18,,Closed,25000000,GCD-19880,Kana Motor (M. Herry Dhana Saputra),67,2024-12-06,Jabodetabek,2025-01-30
SFA06763,B1531HKC,2025-01-24,Muhammad Wahyu Prasetyo,184999900,Hyundai Stargazer Prime 1.5 AT 2022,Sold JBA,2025-02-06,,-0.056757327976934,,,,,,Sold JBA,Tipar,190000000,190000000,0,2025-02-06,2025-02-06,195500000,2025-02-06,Sold,,,,,,,,,,,,,,,,,,,,,,,13,,Closed,195500000,GCD-781,Tc.Mobilindo (Fikki Lutfie),86,2024-11-21,Jabodetabek,2025-02-06
SFA05186,B2649SFA,2024-12-31,Adzim Muttaqin,89250000,Toyota Agya G 1.0 AT 2014,Sold JBA,2025-02-11,,0.13165266106442575,,,,,,Sold JBA,Sidoarjo,80000000,60000000,-0.25,2025-01-14,2025-02-11,77500000,2025-02-11,Sold,,,,,,,,,,,,,,,,,,,,,,,42,,Closed,77500000,GCD-17830,Sawojajar 2 Mobil (R. Gogi Prionggo Seto),142,2024-10-01,Surabaya,2025-02-11
SFA05240,N1695ABL,2025-01-09,Adzim Muttaqin,140000000,Daihatsu Xenia R 1.3 MT 2017,Sold JBA,2025-02-11,,0.16785714285714282,,,,,,Sold JBA,Sidoarjo,130000000,105000000,-0.19230769230769232,2025-02-04,2025-02-11,116500000,2025-02-11,Sold,,,,,,,,,,,,,,,,,,,,,,,33,,Closed,116500000,GCD-17830,Sawojajar 2 Mobil (R. Gogi Prionggo Seto),140,2024-10-03,Surabaya,2025-02-11
SFA05330,D1319EO,2025-01-10,Dominggus E. Tefa,145000000,Toyota Avanza Veloz 1.5 AT 2016,Sold JBA,2025-02-13,,0.16896551724137931,,,,,,Sold JBA,Bandung,140000000,115000000,-0.17857142857142858,2025-02-06,2025-02-13,120500000,2025-02-13,Sold,,,,,,,,,,,,,,,,,,,,,,,34,,Closed,120500000,GCD-20277,Arick Motor (Erick Muljadi kostaman),136,2024-10-09,Bandung,2025-02-13
SFA05414,B2338JBA,2025-01-13,Muhammad Wahyu Prasetyo,75000000,Toyota Yaris S Lmt 1.5 AT 2009,Sold JBA,2025-02-13,,-0.01333333333333342,,,,,,Sold JBA,Tipar,80000000,75000000,-0.0625,2025-02-06,2025-02-13,76000000,2025-02-13,Sold,,,,,,,,,,,,,,,,,,,,,,,31,,Closed,76000000,GCD-20464,Mangku auto garage (Teguh pujiarto),133,2024-10-12,Jabodetabek,2025-02-13
SFA06273,G1533BZ,2025-01-21,PT Aqueen,80000000,Toyota Calya E 1.2 MT 2017,Sold JBA,2025-02-13,,0.0625,,,,,,Sold JBA,Semarang,75000000,75000000,0,2025-02-13,2025-02-13,75000000,2025-02-13,Sold,,,,,,,,,,,,,,,,,,,,,,,23,,Closed,75000000,GCD-5863,Ferie Mobil (Ferie imam ghufron),108,2024-11-06,Semarang,2025-02-13
SFA05323,B1043WOB,2025-01-16,Hendra Posma Waller Sitompul,165000000,Nissan All New Xtrail 2.5 AT 2015,Sold JBA,2025-02-20,,0.203030303030303,,,,,,Sold JBA,Tipar,130000000,115000000,-0.11538461538461539,2025-02-13,2025-02-20,131500000,2025-02-20,Sold,,,,,,,,,,,,,,,,,,,,,,,35,,Closed,131500000,GCD-17199,Ghazza Maju Motor  (Budi Widodo),143,2024-10-09,Jabodetabek,2025-02-20
SFA05218,H427ATA,2025-01-16,Dominggus E. Tefa,400000000,Toyota Fortuner VRZ 2.4 AT 2021,Sold JBA,2025-02-06,,-0.06875000000000009,,,,,,Sold JBA,Bandung,405000000,405000000,0,2025-02-06,2025-02-20,427500000,2025-02-06,Sold,,,,,,,,,,,,,,,,,,,,,,,21,,Closed,427500000,GCD-3676,FF Motor - ACEP (Acep Muharam),148,2024-10-04,Bandung,2025-02-06
SFA05561,B1619TIY,2025-01-17,Wahyu Prasetyadi Wicaksono,185000000,Nissan Xtrail 2.5 AT 2015,Sold JBA,2025-02-20,,0.2594594594594595,,,,,,Sold JBA,Tipar,150000000,125000000,-0.16666666666666666,2025-02-13,2025-02-20,137000000,2025-02-20,Sold,,,,,,,,,,,,,,,,,,,,,,,34,,Closed,137000000,GCD-20259,Berlian Nusantara Motor (Mohamad Rizal),136,2024-10-16,Jabodetabek,2025-02-20
SFA05468,D1480SHJ,2025-01-22,Dominggus E. Tefa,90000000,Toyota Agya G 1.0 MT 2016,Sold JBA,2025-02-20,,0.2222222222222222,,,,,,Sold JBA,Bandung,80000000,70000000,-0.125,2025-02-13,2025-02-20,70000000,2025-02-20,Sold,,,,,,,,,,,,,,,,,,,,,,,29,,Closed,70000000,GCD-5662,Dua Mandiri Putra (Andri Trisnandar),138,2024-10-14,Bandung,2025-02-20
SFA05941,B1342CBA,2025-01-07,Oky Nur Pratama,90000000,Honda Civic FD 1.8 AT 2007,Sold JBA,2025-02-25,,0.30000000000000004,,,,,,Sold JBA,Meruya,80000000,63000000,-0.2125,2025-02-11,2025-02-25,63000000,2025-02-25,Sold,,,,,,,,,,,,,,,,,,,,,,,49,,Closed,63000000,GCD-20618,Nur Rizki Autocars (Nurti nurhayati),130,2024-10-27,Jabodetabek,2025-02-25
SFA05659,S1480OJ,2025-01-17,Adzim Muttaqin,135000000,Daihatsu Terios X 1.5 MT 2017,Sold JBA,2025-02-25,,0.21111111111111114,,,,,,Sold JBA,Sidoarjo,135000000,100000000,-0.25925925925925924,2025-02-11,2025-02-25,106500000,2025-02-25,Sold,,,,,,,,,,,,,,,,,,,,,,,39,,Closed,106500000,GCD-20559,Y2TRANS (ARIF FATHUR ROZIKIN),138,2024-10-19,Surabaya,2025-02-25
SFA05948,B1423JVE,2025-01-31,Rudy Hartono,134000000,Suzuki Ertiga GL AT 2016,Sold JBA,2025-02-25,,0.332089552238806,,,,,,Sold JBA,Sidoarjo,134000000,87000000,-0.35074626865671643,2025-02-04,2025-02-25,89500000,2025-02-25,Sold,,,,,,,,,,,,,,,,,,,,,,,25,,Closed,89500000,GCD-20331,Glory Mobilindo (Hidayat Santoso),129,2024-10-28,Surabaya,2025-02-25
SFA05563,AB1296RN,2025-01-18,Agus Sumarwan,171700000,Toyota Kijang Innova G 2.0 AT 2014,Sold JBA,2025-02-27,,0.10017472335468836,,,,,,Sold JBA,Semarang,171700000,130000000,-0.24286546301688994,2025-02-20,2025-02-27,154500000,2025-02-27,Sold,,,,,,,,,,,,,,,,,,,,,,,40,,Closed,154500000,GCD-6900,Osabi Cars (Didik supriyadi),143,2024-10-16,Yogyakarta,2025-02-27
SFA05955,W1510EA,2025-01-29,Adzim Muttaqin,97000000,Daihatsu Sigra R 1.2 MT 2018,Sold JBA,2025-03-04,,0.015463917525773141,,,,,,Sold JBA,Sidoarjo,97000000,75000000,-0.2268041237113402,2025-02-25,2025-03-04,95500000,2025-03-04,Sold,,,,,,,,,,,,,,,,,,,,,,,34,,Closed,95500000,GCD-20212,Noppy Mobil (Indra novita sari),136,2024-10-28,Surabaya,2025-03-04
SFA06074,B1384TBD,2025-01-07,Dipa Kusuma Prasetyo,106000000,Mercedes-Benz C200 1.8 AT 2009,Sold JBA,2025-03-04,,0.19811320754716977,,,,,,Sold JBA,Meruya,106000000,85000000,-0.19811320754716982,2025-02-25,2025-03-04,85000000,2025-03-04,Sold,,,,,,,,,,,,,,,,,,,,,,,56,,Closed,85000000,GCD-20421,Cemerlang Jaya Motor (Yudith Yudhistira H),156,2024-11-04,Jabodetabek,2025-03-04
SFA06473,B2131SGW,2025-01-13,Agus Sumarwan,95000000,Ford Ecosport Titan 1.5 AT 2014,Sold JBA,2025-01-23,,0.052631578947368474,,,,,,Sold JBA,Semarang,90000000,52000000,-0.4222222222222222,2025-01-23,2025-03-06,90000000,2025-01-23,Sold,,,,,,,,,,,,,,,,,,,,,,,10,,Closed,90000000,GCD-5502,Garasi Pak E (Errys Berry Ramadona),122,2024-11-13,Yogyakarta,2025-01-23
SFA06518,G1702RQ,2025-01-25,PT Aqueen,89590000,Daihatsu Xenia M 1.0 MT 2016,Sold JBA,2025-03-06,,0.05123339658444026,,,,,,Sold JBA,Semarang,89000000,65000000,-0.2696629213483146,2025-02-27,2025-03-06,85000000,2025-03-06,Sold,,,,,,,,,,,,,,,,,,,,,,,40,,Closed,85000000,GCD-5863,Ferie Mobil (Ferie imam ghufron),121,2024-11-14,Semarang,2025-03-06
SFA04600,F1740OM,2025-02-13,PT Tania,65000000,Honda City VTECH 1.5 AT 2008,Sold JBA,2025-03-06,,0.01538461538461533,,,,,,Sold JBA,Tipar,65000000,50000000,-0.23076923076923078,2025-02-27,2025-03-06,64000000,2025-03-06,Sold,,,,,,,,,,,,,,,,,,,,,,,21,,Closed,64000000,GCD-19681,Brillian maju motor (Ariel setya bearani),184,2024-09-12,Jabodetabek,2025-03-06
SFA07310,A1406PC,2025-02-15,Rahadian Kusuma,100000000,Toyota Avanza G 1.3 MT 2013,Sold JBA,2025-03-20,,0.050000000000000044,,,,,,Sold JBA,Semarang,100000000,95000000,-0.05,2025-03-13,2025-03-20,95000000,2025-03-20,Sold,,,,,,,,,,,,,,,,,,,,,,,33,,Closed,95000000,GCD-3830,Harmoni Mobil (Didik Listanto ),114,2024-12-05,Semarang,2025-03-20
SFA07135,B2547KFX,2025-02-27,Muhammad Rajif Assalabi,74000000,Wuling Confero S 1.2 MT 2017,Sold JBA,2025-03-25,,0,,,,,,Sold JBA,Meruya,74000000,74000000,0,2025-03-25,2025-03-25,74000000,2025-03-25,Sold,,,,,,,,,,,,,,,,,,,,,,,26,,Closed,74000000,GCD-11021,surya kencana motor (Adha Suryana),132,2024-11-29,Jabodetabek,2025-03-25
SFA07435,B1283KZV,2025-03-10,Oky Nur Pratama,80000000,Daihatsu Xenia R 1.3 MT 2014,Sold JBA,2025-03-25,,0,,,,,,Sold JBA,Meruya,80000000,80000000,0,2025-03-25,2025-03-25,80000000,2025-03-25,Sold,,,,,,,,,,,,,,,,,,,,,,,15,,Closed,80000000,GCD-20620,Kauren jaya Mobilindo  (M yahya),122,2024-12-09,Jabodetabek,2025-03-25
SFA06761,B2098XO,2025-02-22,Muhammad Rajif Assalabi,50000000,Toyota Yaris E 1.5 AT 2006,Sold JBA,2025-04-08,,0,,,,,,Sold JBA,Meruya,50000000,45000000,-0.1,2025-03-25,2025-04-08,50000000,2025-04-08,Sold,,,,,,,,,,,,,,,,,,,,,,,45,,Closed,50000000,GCD-20613,Anugrah Jaya Motor (Amry Umar shofar),147,2024-11-21,Jabodetabek,2025-04-08
SFA07244,B1364SMC,2025-03-11,Irfan Effendi,67000000,Suzuki Swift GL 1.5 AT 2007,Sold JBA,2025-04-17,,0,,,,,,Sold JBA,Tipar,67000000,67000000,0,2025-04-17,2025-04-17,67000000,2025-04-17,Sold,,,,,,,,,,,,,,,,,,,,,,,37,,Closed,67000000,GCD-19551,Daffa mobil (ARIS HERDIYANSYAH),147,2024-12-03,Jabodetabek,2025-04-17
SFA06714,K1422TU,2025-03-14,PT Aqueen,56600000,Datsun Go+ Panca T 1.2 MT 2017,Sold JBA,2025-04-17,,0.05477031802120136,,,,,,Sold JBA,Semarang,60000000,50000000,-0.16666666666666666,2025-03-27,2025-04-17,53500000,2025-04-17,Sold,,,,,,,,,,,,,,,,,,,,,,,34,,Closed,53500000,GCD-5863,Ferie Mobil (Ferie imam ghufron),160,2024-11-20,Semarang,2025-04-17
SFA07456,B2629BOR,2025-03-16,Hendra Posma Waller Sitompul,105000000,Suzuki Ertiga GX 1.4 AT 2017,Sold JBA,2025-04-24,,0.04761904761904767,,,,,,Sold JBA,Tipar,105000000,100000000,-0.047619047619047616,2025-04-17,2025-04-24,100000000,2025-04-24,Sold,,,,,,,,,,,,,,,,,,,,,,,39,,Closed,100000000,GCD-20110,Geneva Motor Garage (Satria fajar pangestu),148,2024-12-09,Jabodetabek,2025-04-24
SFA07762,B1578SFE,2025-03-19,Dominggus E. Tefa,63000000,Toyota Yaris J 1.5 MT 2008,Sold JBA,2025-04-24,,0.07936507936507942,,,,,,Sold JBA,Bandung,63000000,58000000,-0.07936507936507936,2025-04-17,2025-04-24,58000000,2025-04-24,Sold,,,,,,,,,,,,,,,,,,,,,,,36,,Closed,58000000,GCD-20371,RR Mobilindo - Ramditia Dwi Amanto (Ramditia Dwi Amanto),139,2024-12-18,Bandung,2025-04-24
SFA07383,B8299WX,2025-03-10,Denny Rahmadani,67200000,Honda Stream STA 1.7 AT 2006,Sold JBA,2025-04-29,,0.3303571428571429,,,,,,Sold JBA,Palembang,67000000,45000000,-0.3283582089552239,2025-04-08,2025-04-29,45000000,2025-04-29,Sold,,,,,,,,,,,,,,,,,,,,,,,50,,Closed,45000000,GCD-20749,Rumah Semut Mobilindo (Agustu windra),151,2024-12-09,Palembang,2025-04-29
SFA06605,D1349VBI,2025-02-20,Dominggus E. Tefa,132000000,Toyota Avanza Veloz 1.5 AT 2017,Sold JBA,2025-04-30,,0.20833333333333337,,,,,,Sold JBA,Bandung,132000000,100000000,-0.24242424242424243,2025-03-13,2025-04-30,104500000,2025-04-30,Sold,,,,,,,,,,,,,,,,,,,,,,,69,,Closed,104500000,GCD-20202,Liam Mobilindo (Ilham Wirya Praja),175,2024-11-16,Bandung,2025-04-30
SFA08741,D1245XGI,2025-03-17,Agus Sumarwan,74999900,Mercedes Benz C230 At C230 At 2007,Sold JBA,2025-04-30,,0.21333228444304597,,,,,,Sold JBA,Semarang,75000000,55000000,-0.26666666666666666,2025-03-27,2025-04-30,59000000,2025-04-30,Sold,,,,,,,,,,,,,,,,,,,,,,,44,,Closed,59000000,GCD-5457,Auto One (Nugroho Panukmo),109,2025-01-21,Yogyakarta,2025-04-30
SFA07309,B2462WI,2025-03-11,Irfan Effendi,35999900,Hyundai Avega 1.5 MT 2007,Sold JBA,2025-05-08,,0.3333314814763374,,,,,,Sold JBA,Tipar,36000000,24000000,-0.3333333333333333,2025-04-17,2025-05-08,24000000,2025-05-08,Sold,,,,,,,,,,,,,,,,,,,,,,,58,,Closed,24000000,GCD-19551,Daffa mobil (ARIS HERDIYANSYAH),166,2024-12-05,Jabodetabek,2025-05-08
SFA07171,B1201EOV,2025-04-10,PT TANIA,100000000,Chevrolet Trax LTZ 1.4 AT 2016,Sold JBA,2025-05-08,,0.09999999999999998,,,,,,Sold JBA,Tipar,100000000,90000000,-0.1,2025-04-24,2025-05-08,90000000,2025-05-08,Sold,,,,,,,,,,,,,,,,,,,,,,,28,,Closed,90000000,GCD-20407,Alhabsyi Jaya Mobilindo (Muhammad Rizky Wicaksana),169,2024-12-02,Jabodetabek,2025-05-08
SFA07305,H1038PY,2025-03-05,Rahadian Kusuma,90000000,Nissan Serena HWS 2.0 AT 2012,Sold JBA,2025-05-15,,0.33333333333333337,,,,,,Sold JBA,Semarang,90000000,60000000,-0.3333333333333333,2025-04-10,2025-05-15,60000000,2025-05-15,Sold,,,,,,,,,,,,,,,,,,,,,,,71,,Closed,60000000,GCD-6948,Queen Mobil (Tri Cipto Giri Pangudi),173,2024-12-05,Semarang,2025-05-15
SFA07436,B2253FMO,2025-03-13,Purnomo Ajie Nugroho,119999900,Honda Brio E 1.2 AT 2018,Sold JBA,2025-05-15,,0.04166586805489003,,,,,,Sold JBA,Tipar,120000000,115000000,-0.041666666666666664,2025-05-08,2025-05-15,115000000,2025-05-15,Sold,,,,,,,,,,,,,,,,,,,,,,,63,,Closed,115000000,GCD-19639,BIBS AUTOCARS (SUSETYO HARIMURTI),166,2024-12-09,Jabodetabek,2025-05-15
SFA07222,B1675KMF,2025-03-17,PT TANIA,45000000,Suzuki Aerio DX 1.5 AT 2005,Sold JBA,2025-05-15,,0.33333333333333337,,,,,,Sold JBA,Tipar,45000000,30000000,-0.3333333333333333,2025-04-17,2025-05-15,30000000,2025-05-15,Sold,,,,,,,,,,,,,,,,,,,,,,,59,,Closed,30000000,GCD-3520,Raya Motor (Swigiharto ),173,2024-12-02,Jabodetabek,2025-05-15
SFA09304,B2311KOM,2025-04-14,Purnomo Ajie Nugroho,74999900,Daihatsu Ayla M Mt 2019,Sold JBA,2025-05-15,,0.06666542222056293,,,,,,Sold JBA,Tipar,75000000,70000000,-0.06666666666666667,2025-05-08,2025-05-15,70000000,2025-05-15,Sold,,,,,,,,,,,,,,,,,,,,,,,31,,Closed,70000000,GCD-19639,Bibs Autocars (Susetyo Harimurti),107,2025-02-06,Jabodetabek,2025-05-15
SFA06922,B1652SER,2025-02-27,Irfan Effendi,83700000,Mercedes Benz E240 AT 2005,Unit On-Hand,,Tribik,,https://drive.google.com/drive/folders/1nlynUCUJ9WxelKMa5Ibxlz339d6BNf2g?usp=drive_link,,,,,,Tribik - Jakarta,90000000,35000000,-0.6111111111111112,2025-03-20,2026-06-03,0,,,87081480,2025-07-09,,,,,,,,,,,,,,,,,,,,,462,,557,0,GCD-1541,Siliwangi mobil (Fitra Surya dharma),557,2024-11-25,Jabodetabek,
SFA04582,B8532XZ,2024-12-18,Wahyu Prasetyadi Wicaksono,58800000,Kia Sportage II 2.0 AT 2005,Sold JBA,2025-01-30,,0.4897959183673469,,,,,,Sold JBA,Tipar,58800000,30000000,-0.4897959183673469,2025-01-09,2025-01-30,30000000,2025-01-30,Sold,,,,,,,,,,,,,,,,,,,,,,,43,,Closed,30000000,GCD-19880,Kana Motor (M. Herry Dhana Saputra),152,2024-09-12,Jabodetabek,2025-01-30
SFA07077,B2109PBH,2025-02-26,Muhammad Wahyu Prasetyo,140000000,Honda Civic 1.8 AT 2013,Sold JBA,2025-05-22,,0.26428571428571423,,,,,,Sold JBA,Tipar,140000000,103000000,-0.2642857142857143,2025-03-20,2025-05-22,103000000,2025-05-22,Sold,,,,,,,,,,,,,,,,,,,,,,,85,,Closed,103000000,GCD-16801,ALLURA AUTO (Waesul kurni),187,2024-11-28,Jabodetabek,2025-05-22
SFA07519,F1028IH,2025-03-18,Irfan Effendi,55000000,Toyota Yaris E 1.5 AT 2006,Sold JBA,2025-04-17,,0,,,,,,Sold JBA,Tipar,55000000,45000000,-0.18181818181818182,2025-04-17,2025-05-22,55000000,2025-04-17,Sold,,,,,,,,,,,,,,,,,,,,,,,30,,Closed,55000000,GCD-19551,Daffa mobil (ARIS HERDIYANSYAH),168,2024-12-17,Jabodetabek,2025-04-17
SFA08179,D1376UZ,2025-04-09,Dominggus E. Tefa,230000000,Mitsubishi Pajero Dakar 4x2 AT 2013,Sold JBA,2025-05-28,,0.08695652173913049,,,,,,Sold JBA,Bandung,230000000,210000000,-0.08695652173913043,2025-04-30,2025-05-28,210000000,2025-05-28,Sold,,,,,,,,,,,,,,,,,,,,,,,49,,Closed,210000000,GCD-20202,Liam Mobilindo (Ilham Wirya Praja),161,2024-12-31,Bandung,2025-05-28
SFA08229,B1880EOJ,2025-04-11,Purnomo Ajie Nugroho,72000000,Daihatsu Ayla X Mt 2015,Sold JBA,2025-05-28,,0.09722222222222221,,,,,,Sold JBA,Tipar,72000000,65000000,-0.09722222222222222,2025-05-08,2025-05-28,65000000,2025-05-28,Sold,,,,,,,,,,,,,,,,,,,,,,,47,,Closed,65000000,GCD-19639,Bibs Autocars (Susetyo Harimurti),157,2025-01-04,Jabodetabek,2025-05-28
SFA08345,D1186TV,2025-04-16,Dominggus E. Tefa,95999900,Honda Brio E A/T 2015,Sold JBA,2025-05-28,,0.16666579861020692,,,,,,Sold JBA,Bandung,96000000,80000000,-0.16666666666666666,2025-05-08,2025-05-28,80000000,2025-05-28,Sold,,,,,,,,,,,,,,,,,,,,,,,42,,Closed,80000000,GCD-20833,Prima Mobilindo (Rifki Prima),152,2025-01-09,Bandung,2025-05-28
SFA07441,B2405FBA,2025-03-11,Wahyu Prasetyadi Wicaksono,292000000,Toyota Alphard G 2.4 AT 2013,Sold Auksi,2026-05-22,Auksi,0.4691780821917808,https://drive.google.com/drive/folders/18jFIqtC6Fqv3ufTulwcQpt-JEBzxokMA?usp=drive_link,,,,,Sold JBA,POOL AUKSI CILEDUG,292000000,155000000,-0.4691780821917808,2025-04-17,2026-05-22,155000000,2026-05-22,Sold,333132000,2025-08-13,,,,,,,,,,,,,,,,,,,,,437,,Closed,155000000,GCD-20082,UT Mobilindo (Ari Sandi),538,2024-12-09,Jabodetabek,2026-05-22
SFA08626,B2137VBD,2025-04-22,Rahadian Kusuma,115000000,Honda Mobilio E-Cvt 2016,Sold JBA,2025-05-28,,0.13043478260869568,,,,,,Sold JBA,Semarang,115000000,100000000,-0.13043478260869565,2025-05-15,2025-05-28,100000000,2025-05-28,Sold,,,,,,,,,,,,,,,,,,,,,,,36,,Closed,100000000,GCD-3846,MTU Mobil (Michael Gunawan Wijaya),144,2025-01-17,Semarang,2025-05-28
SFA08217,D1856LB,2025-04-11,Dominggus E. Tefa,80699900,Suzuki Grand Vitara Jlx 2.0 A/T 2008,Sold JBA,2025-06-05,,0.25650465490043983,,,,,,Sold JBA,Bandung,80000000,60000000,-0.25,2025-05-08,2025-06-05,60000000,2025-06-05,Sold,,,,,,,,,,,,,,,,,,,,,,,55,,Closed,60000000,GCD-20833,Prima Mobilindo (Rifki Prima),165,2025-01-03,Bandung,2025-06-05
SFA08431,B1670FYX,2025-04-14,Purnomo Ajie Nugroho,39999900,Hyundai Getz 1.3 Gl Mt 2006,Sold JBA,2025-06-05,,0.1749979374948437,,,,,,Sold JBA,Tipar,41000000,33000000,-0.1951219512195122,2025-05-22,2025-06-05,33000000,2025-06-05,Sold,,,,,,,,,,,,,,,,,,,,,,,52,,Closed,33000000,GCD-1953,Bima Suci Motor (H. M.Katamso HS),156,2025-01-12,Jabodetabek,2025-06-05
SFA08255,B1564SEP,2025-04-30,Irfan Effendi,57000000,Toyota Camry 2.4 V 2006,Sold JBA,2025-06-05,,0.02631578947368418,,,,,,Sold JBA,Tipar,57000000,49000000,-0.14035087719298245,2025-05-22,2025-06-05,55500000,2025-06-05,Sold,,,,,,,,,,,,,,,,,,,,,,,36,,Closed,55500000,GCD-19288,Uncle Auto Cars (Bhadra Jiwo Satriojati),162,2025-01-06,Jabodetabek,2025-06-05
SFA07607,D1558IE,2025-04-30,PT TANIA,65000000,Honda City IDSI 1.5 AT 2007,Sold JBA,2025-06-05,,0.23076923076923073,,,,,,Sold JBA,Bandung,65000000,50000000,-0.23076923076923078,2025-05-15,2025-06-05,50000000,2025-06-05,Sold,,,,,,,,,,,,,,,,,,,,,,,36,,Closed,50000000,GCD-20277,Arick Motor (Erick Muljadi kostaman),186,2024-12-13,Bandung,2025-06-05
SFA07863,B1621CMI,2025-03-24,Oky Nur Pratama,53999900,Nissan Serena HWS 2.0 AT 2009,Sold JBA,2025-06-10,,0.26851716392067393,,,,,,Sold JBA,Jakarta Raya,50000000,35000000,-0.3,2025-05-06,2025-06-10,39500000,2025-06-10,Sold,,,,,,,,,,,,,,,,,,,,,,,78,,Closed,39500000,GCD-20646,Garasi Bang Fahmi (Moh Fahmi Bachtiar),181,2024-12-20,Jabodetabek,2025-06-10
SFA09534,BM8384QH,2025-05-13,Tuppal Sahala Tua Sejati,81999900,Mitsubishi L 300 Pick Up 2022,Sold JBA,2025-06-10,,0.1463404223663688,,,,,,Sold JBA,Medan,80000000,70000000,-0.125,2025-06-03,2025-06-10,70000000,2025-06-10,Sold,,,,,,,,,,,,,,,,,,,,,,,28,,Closed,70000000,GCD-20761,Fadli Mobil (Alfiansyah),127,2025-02-12,Medan,2025-06-10
SFA07716,B1356EVE,2025-03-20,Irfan Effendi,84500000,Nissan Elgrand 2.5 AT 2008,Sold JBA,2025-06-12,,0.3727810650887574,,,,,,Sold JBA,Tipar,85000000,53000000,-0.3764705882352941,2025-04-17,2025-06-12,53000000,2025-06-12,Sold,,,,,,,,,,,,,,,,,,,,,,,84,,Closed,53000000,GCD-1541,Siliwangi mobil (Fitra Surya dharma),187,2024-12-16,Jabodetabek,2025-06-12
SFA07960,B2347DA,2025-04-20,Irfan Effendi,40000000,Nissan Teranno Spirit S2 MT 2004,Sold JBA,2025-06-12,,-0.25,,,,,,Sold JBA,Tipar,50000000,50000000,0,2025-06-12,2025-06-12,50000000,2025-06-12,Sold,,,,,,,,,,,,,,,,,,,,,,,53,,Closed,50000000,GCD-20817,Adiba Mobilindo (Reza Afgani),179,2024-12-24,Jabodetabek,2025-06-12
SFA11246,BM1776AA,2025-04-30,Arya Bonansa Simanjuntak,73949900,"Honda Crv Re1 2Wd 2,4 At 2008",Sold JBA,2025-06-12,,0.12102653282830678,,,,,,Sold JBA,Pekanbaru,74000000,65000000,-0.12162162162162163,2025-05-28,2025-06-12,65000000,2025-06-12,Sold,,,,,,,,,,,,,,,,,,,,,,,43,,Closed,65000000,GCD-21111,CV. Vano Auto Mobilindo (Julipen Sinaga),74,2025-04-08,Pekanbaru,2025-06-12
SFA09652,B1144UIU,2025-05-05,Irfan Effendi,84999900,Daihatsu Sigra 1.2 R Dlx 2016,Sold JBA,2025-06-12,,0.1411754602064238,,,,,,Sold JBA,Tipar,85000000,70000000,-0.17647058823529413,2025-05-22,2025-06-12,73000000,2025-06-12,Sold,,,,,,,,,,,,,,,,,,,,,,,38,,Closed,73000000,GCD-20993,KJM Motor (USMAN),125,2025-02-16,Jabodetabek,2025-06-12
SFA09594,AA1311LJ,2025-05-19,Rahadian Kusuma,119999900,Suzuki Ertiga Gx M/T 2017,Sold JBA,2025-06-12,,0.04166586805489003,,,,,,Sold JBA,Semarang,120000000,115000000,-0.041666666666666664,2025-06-05,2025-06-12,115000000,2025-06-12,Sold,,,,,,,,,,,,,,,,,,,,,,,24,,Closed,115000000,GCD-1572,Allen Jaya Motor (Diding Eka Putra),127,2025-02-14,Semarang,2025-06-12
SFA06906,B1426BFT,2025-05-21,PT TANIA,69000000,Daihatsu Xenia Xi Dlx 1.3 MT 2009,Sold JBA,2025-06-12,,-0.01449275362318847,,,,,,Sold JBA,Tipar,69000000,60000000,-0.13043478260869565,2025-06-05,2025-06-12,70000000,2025-06-12,Sold,,,,,,,,,,,,,,,,,,,,,,,22,,Closed,70000000,GCD-3520,Raya Motor (Swigiharto ),208,2024-11-25,Jabodetabek,2025-06-12
SFA09265,A1038RJ,2025-05-10,Irfan Effendi,84999900,Daihatsu Gran Max 1.3M/T D Std 2020,Sold JBA,2025-05-27,,-0.0000011764719722862083,,,,,,Sold JBA,Jakarta Raya,85000000,75000000,-0.11764705882352941,2025-05-27,2025-06-17,85000000,2025-05-27,Sold,,,,,,,,,,,,,,,,,,,,,,,17,,Closed,85000000,GCD-19288,Uncle Auto Cars (Bhadra Jiwo Satriojati),141,2025-02-05,Jabodetabek,2025-05-27
SFA11332,BG1462MK,2025-05-15,Denny Rahmadani,95999900,Honda Jazz Rs Manual 2010,Sold JBA,2025-06-17,,0.10937407226465856,,,,,,Sold JBA,Palembang,96000000,79000000,-0.17708333333333334,2025-05-27,2025-06-17,85500000,2025-06-17,Sold,,,,,,,,,,,,,,,,,,,,,,,33,,Closed,85500000,GCD-21136,27 Carsell (Riska bellina uly gultom),77,2025-04-10,Palembang,2025-06-17
SFA08730,W1092VN,2025-05-27,Febby Charisalonica M Somba,177999900,Mitsubishi Xpander 1.5 Ult At 2018,Sold JBA,2025-06-17,,-0.0646073396670448,,,,,,Sold JBA,Sidoarjo,178000000,178000000,0,2025-06-17,2025-06-17,189500000,2025-06-17,Sold,,,,,,,,,,,,,,,,,,,,,,,21,,Closed,189500000,GCD-20937,Duta mobil (Nasrul Fauzi S.T),156,2025-01-21,Surabaya,2025-06-17
SFA08227,B2202JO,2025-04-13,Muhammad Wahyu Prasetyo,136000000,Toyota Alphard 2.4 2Wd At 2007,Sold JBA,2025-06-19,,0.2279411764705882,,,,,,Sold JBA,Tipar,136000000,105000000,-0.22794117647058823,2025-05-08,2025-06-19,105000000,2025-06-19,Sold,,,,,,,,,,,,,,,,,,,,,,,67,,Closed,105000000,GCD-19418,Hilal Mobilindo (Hasan Basri),178,2025-01-04,Jabodetabek,2025-06-19
SFA09287,F1105LU,2025-04-28,Wahyu Prasetyadi Wicaksono,86999900,Honda City City Gm2 1.5 E Mt 2010,Sold JBA,2025-06-19,,0.25287270445138443,,,,,,Sold JBA,Tipar,87000000,65000000,-0.25287356321839083,2025-05-22,2025-06-19,65000000,2025-06-19,Sold,,,,,,,,,,,,,,,,,,,,,,,52,,Closed,65000000,GCD-14305,Pap's Auto (Rudy Triono),146,2025-02-05,Jabodetabek,2025-06-19
SFA09260,Z1184AH,2025-05-10,Dominggus E. Tefa,130000000,Toyota Innova E At 2013,Sold JBA,2025-06-19,,0.19999999999999996,,,,,,Sold JBA,Bandung,130000000,100000000,-0.23076923076923078,2025-05-28,2025-06-19,104000000,2025-06-19,Sold,,,,,,,,,,,,,,,,,,,,,,,40,,Closed,104000000,GCD-20952,Kappe Used Car (Ricky Rahmat Maliki Tanjung),146,2025-02-05,Bandung,2025-06-19
SFA09525,B2080TFK,2025-04-23,Purnomo Ajie Nugroho,107000000,Toyota Grand New Avanza E At 2015,Sold Marketplace,2025-06-25,,0.15887850467289721,,,,,,Sold Marketplace,Tipar,107000000,95000000,-0.11214953271028037,2025-05-15,2025-05-28,0,,,115157999.99999999,2025-05-30,90000000,2025-06-25,-0.21846506538842275,Sold,,,,,,,,,,,,,,,,,63,,Closed,90000000,GCD-19639,Bibs Autocars (Susetyo Harimurti),134,2025-02-12,Jabodetabek,2025-06-25
SFA09524,B1303RR,2025-04-24,Irfan Effendi,140000000,Vw Tiguan Tiguan At 2014,Sold Marketplace,2025-06-25,,0.0714285714285714,,,,,,Sold Marketplace,Tipar,140000000,130000000,-0.07142857142857142,2025-05-15,2025-05-28,0,,,151572000,2025-05-30,130000000,2025-06-25,-0.1423218008603172,Sold,,,,,,,,,,,,,,,,,62,,Closed,130000000,GCD-4102,R&N Jaya Cemerlang (Rully lukman),133,2025-02-13,Jabodetabek,2025-06-25
SFA11050,B2617NBA,2025-05-06,Muhammad Wahyu Prasetyo,86000000,Daihatsu Sirion Sirion Rs At 1.3 2013,Sold JBA,2025-06-26,,0.32558139534883723,,,,,,Sold JBA,Tipar,86000000,58000000,-0.32558139534883723,2025-05-28,2025-06-26,58000000,2025-06-26,Sold,,,,,,,,,,,,,,,,,,,,,,,51,,Closed,58000000,GCD-3247,Kay Mobilindo (Ardian Fajarianto),103,2025-03-27,Jabodetabek,2025-06-26
SFA10789,F1057LH,2025-05-26,Muhammad Wahyu Prasetyo,93000000,Honda Jazz V-Tec A/T 2009,Sold JBA,2025-06-26,,0.10752688172043012,,,,,,Sold JBA,Tipar,93000000,80000000,-0.13978494623655913,2025-06-12,2025-06-26,83000000,2025-06-26,Sold,,,,,,,,,,,,,,,,,,,,,,,31,,Closed,83000000,GCD-3247,Kay Mobilindo (Ardian Fajarianto),115,2025-03-15,Jabodetabek,2025-06-26
SFA07377,BK1949ADT,2025-03-15,Tuppal Sahala Tua Sejati,107999900,Honda CRV 2WD 2.4 AT 2010,Sold JBA,2025-07-01,,0.3981475908773989,,,,,,Sold JBA,Medan,108000000,65000000,-0.39814814814814814,2025-04-15,2025-07-01,65000000,2025-07-01,Sold,,,,,,,,,,,,,,,,,,,,,,,108,,Closed,65000000,GCD-20731,Maju Berkah Mobil (Diego Hendri Saputra S.Psi),211,2024-12-11,Medan,2025-07-01
SFA08084,B2802EGZ,2025-03-29,Oky Nur Pratama,118000000,Toyota Yaris S Lmt 1.5 AT 2013,Sold JBA,2025-07-01,,0.2966101694915254,,,,,,Sold JBA,Jakarta Raya,118000000,83000000,-0.2966101694915254,2025-05-13,2025-07-01,83000000,2025-07-01,Sold,,,,,,,,,,,,,,,,,,,,,,,94,,Closed,83000000,GCD-20716,Bintang Sinar Global (Marino mulyadi),194,2024-12-28,Jabodetabek,2025-07-01
SFA11061,BG1958IP,2025-05-15,Denny Rahmadani,95000000,Nissan X-Trail 2.0 Mt 2011,Sold JBA,2025-07-01,,0.2578947368421053,,,,,,Sold JBA,Palembang,95000000,70000000,-0.2631578947368421,2025-05-27,2025-07-01,70500000,2025-07-01,Sold,,,,,,,,,,,,,,,,,,,,,,,47,,Closed,70500000,GCD-21136,27 Carsell (Riska bellina uly gultom),111,2025-03-21,Palembang,2025-07-01
SFA11930,BK1841MAB,2025-05-22,Tuppal Sahala Tua Sejati,95000000,Wuling Confero 1.5 Db 2022,Sold JBA,2025-07-01,,0.2210526315789474,,,,,,Sold JBA,Medan,95000000,65000000,-0.3157894736842105,2025-06-03,2025-07-01,74000000,2025-07-01,Sold,,,,,,,,,,,,,,,,,,,,,,,40,,Closed,74000000,GCD-21154,DK 1 Mobil (Dedy kurniawan ST),72,2025-04-29,Medan,2025-07-01
SFA10080,W1289BD,2025-05-31,Febby Charisalonica M Somba,42000000,Proton Minibus Exora 1.6 L Medline Mt 2010,Sold JBA,2025-07-01,,0.23809523809523814,,,,,,Sold JBA,Sidoarjo,42000000,25000000,-0.40476190476190477,2025-06-10,2025-07-01,32000000,2025-07-01,Sold,,,,,,,,,,,,,,,,,,,,,,,31,,Closed,32000000,GCD-20958,Warrior Auto Car (Junaedi Abdul Sahri),133,2025-02-27,Surabaya,2025-07-01
SFA08098,B2617VVD,2025-04-23,Irfan Effendi,100000000,Honda Brio E 1.2 AT 2014,Sold Marketplace,2025-07-02,,0.12,,,,,,Sold Marketplace,Tipar,100000000,90000000,-0.1,2025-05-15,2025-05-28,0,,,109037999.99999999,2025-05-30,88000000,2025-07-02,-0.1929419101597607,Sold,,,,,,,,,,,,,,,,,70,,Closed,88000000,GCD-19288,UNCLE AUTO CARS (Bhadra Jiwo Satriojati ),187,2024-12-28,Jabodetabek,2025-07-02
SFA08621,B1999ADL,2025-04-08,Agus Sumarwan,265000000,Toyota Alphard 2.5 G At 2014,Sold JBA,2025-07-03,,0.26981132075471703,,,,,,Sold JBA,Semarang,265000000,193500000,-0.269811320754717,2025-04-30,2025-07-03,193500000,2025-07-03,Sold,,,,,,,,,,,,,,,,,,,,,,,86,,Closed,193500000,GCD-5457,Auto One (Nugroho Panukmo),176,2025-01-17,Yogyakarta,2025-07-03
SFA12469,B1035PCY,2025-06-09,Rahadian Kusuma,125000000,Toyota Fortuner 2.7Gatlxtrdbnsn 2008,Sold JBA,2025-07-03,,0.09199999999999997,,,,,,Sold JBA,Semarang,125000000,110000000,-0.12,2025-06-19,2025-07-03,113500000,2025-07-03,Sold,,,,,,,,,,,,,,,,,,,,,,,24,,Closed,113500000,GCD-25010,Intan Mobil (Surono),53,2025-05-20,Semarang,2025-07-03
SFA08430,B1710POF,2025-04-17,Oky Nur Pratama,46350000,Hyundai Avega 1.5 Gl M/T 2012,Sold JBA,2025-07-08,,0.3959007551240561,,,,,,Sold JBA,Jakarta Raya,47000000,28000000,-0.40425531914893614,2025-05-13,2025-07-08,28000000,2025-07-08,Sold,,,,,,,,,,,,,,,,,,,,,,,82,,Closed,28000000,GCD-20646,Garasi Fahmi (Moh Fahmi Bachtiar),187,2025-01-11,Jabodetabek,2025-07-08
SFA11045,BK1295ABS,2025-04-25,Tuppal Sahala Tua Sejati,182999900,Toyota Alphard 2.5 G At 2010,Sold JBA,2025-07-08,,0.26229467884955127,,,,,,Sold JBA,Medan,183000000,135000000,-0.26229508196721313,2025-05-13,2025-07-08,135000000,2025-07-08,Sold,,,,,,,,,,,,,,,,,,,,,,,74,,Closed,135000000,GCD-20630,BJ Auto Car (Frans Bintang Manurung),118,2025-03-21,Medan,2025-07-08
SFA09473,L1087BAA,2025-05-16,Febby Charisalonica M Somba,100000000,Daihatsu Ayla X Mt 2022,Sold JBA,2025-07-08,,0.22999999999999998,,,,,,Sold JBA,Sidoarjo,100000000,77000000,-0.23,2025-06-10,2025-07-08,77000000,2025-07-08,Sold,,,,,,,,,,,,,,,,,,,,,,,53,,Closed,77000000,GCD-15046,Barokah Jaya Group (Henik Sutriandari),156,2025-02-11,Surabaya,2025-07-08
SFA09972,A1774WV,2025-05-24,Oky Nur Pratama,49999900,Honda Jazz Idsi 2007,Sold JBA,2025-07-08,,0.3999987999976,,,,,,Sold JBA,Jakarta Raya,50000000,30000000,-0.4,2025-06-03,2025-07-08,30000000,2025-07-08,Sold,,,,,,,,,,,,,,,,,,,,,,,45,,Closed,30000000,GCD-20646,Garasi Fahmi (Moh Fahmi Bachtiar),142,2025-02-25,Jabodetabek,2025-07-08
SFA08655,D1802VCL,2025-04-30,Muhammad Rajif Assalabi,100000000,Mercedes Benz Passengers C 280 2008,Sold JBA,2025-12-30,JBA,0.48,https://drive.google.com/drive/folders/1yiabNImsmI0GYSRhMNrPFpCIk6mP0T_f?usp=drive_link,,,,,Sold JBA,Jakarta Raya,100000000,52000000,-0.48,2025-05-20,2025-12-30,52000000,2025-12-30,Sold,,,,,,,,,,,,,,,,,,,,,,,244,,Closed,52000000,GCD-20696,Chadev Motor's Jaya (Luthfiyah Futri),354,2025-01-20,Jabodetabek,2025-12-30
SFA11274,F1285OQ,2025-06-20,Yanto Sumardi,130000000,Toyota Agya 1.2 G At 2022,Sold JBA,2025-07-08,,0.038461538461538436,,,,,,Sold JBA,Jakarta Raya,130000000,125000000,-0.038461538461538464,2025-07-01,2025-07-08,125000000,2025-07-08,Sold,,,,,,,,,,,,,,,,,,,,,,,18,,Closed,125000000,GCD-25069,Jeemz 88 Mobilindo  (Jimmi arfan ),100,2025-04-08,Jabodetabek,2025-07-08
SFA11253,D1239ADI,2025-05-27,Dominggus E. Tefa,84999900,Honda Brio Satya E M/T 2015,Sold JBA,2025-07-10,,0.0941165813136251,,,,,,Sold JBA,Bandung,85000000,70000000,-0.17647058823529413,2025-06-19,2025-07-10,77000000,2025-07-10,Sold,,,,,,,,,,,,,,,,,,,,,,,44,,Closed,77000000,GCD-20329,M'bils Project Mobilindo (Bilal Rizky Ramadhan),102,2025-04-08,Bandung,2025-07-10
SFA09907,B2484BKH,2025-05-28,Irfan Effendi,84000000,Toyota Agya 1.0 G At Trd 2016,Sold JBA,2025-07-10,,0.20238095238095233,,,,,,Sold JBA,Tipar,84000000,67000000,-0.20238095238095238,2025-06-19,2025-07-10,67000000,2025-07-10,Sold,,,,,,,,,,,,,,,,,,,,,,,43,,Closed,67000000,GCD-20993,KJM Motor (USMAN),147,2025-02-22,Jabodetabek,2025-07-10
SFA09335,B2527TRG,2025-05-28,PT TANIA,119999900,Toyota Calya 1.2 G At 2021,Sold JBA,2025-07-10,,0.16666597222164348,,,,,,Sold JBA,Tipar,120000000,100000000,-0.16666666666666666,2025-06-12,2025-07-10,100000000,2025-07-10,Sold,,,,,,,,,,,,,,,,,,,,,,,43,,Closed,100000000,GCD-19288,Uncle Auto Cars (Bhadra Jiwo Satriojati),162,2025-02-07,Jabodetabek,2025-07-10
SFA10885,A1763WO,2025-06-17,Irfan Effendi,79999900,Daihatsu Sigra 1.0 D 2020,Sold JBA,2025-07-10,,0.08749885937357427,,,,,,Sold JBA,Tipar,80000000,70000000,-0.125,2025-06-26,2025-07-10,73000000,2025-07-10,Sold,,,,,,,,,,,,,,,,,,,,,,,23,,Closed,73000000,GCD-19746,Garasi Trubus (Alip Mubiarto ),123,2025-03-18,Jabodetabek,2025-07-10
SFA11010,BG1584UQ,2025-05-26,Denny Rahmadani,130000000,Toyota Avanza Veloz 1.5 At 2017,Sold JBA,2025-07-15,,0.23076923076923073,,,,,,Sold JBA,Palembang,130000000,100000000,-0.23076923076923078,2025-06-10,2025-07-15,100000000,2025-07-15,Sold,,,,,,,,,,,,,,,,,,,,,,,50,,Closed,100000000,GCD-21148,Aka Mobilindo (Mia amelia),125,2025-03-21,Palembang,2025-07-15
SFA09932,BN1772QS,2025-05-31,Denny Rahmadani,74999900,Toyota Avanza E M/T 2011,Sold JBA,2025-07-15,,0.29333239110985476,,,,,,Sold JBA,Palembang,75000000,53000000,-0.29333333333333333,2025-06-10,2025-07-15,53000000,2025-07-15,Sold,,,,,,,,,,,,,,,,,,,,,,,45,,Closed,53000000,GCD-21024,Marchel Mobilindo (Budi setiawan),150,2025-02-24,Palembang,2025-07-15
SFA10136,H8845UE,2025-05-30,Rahadian Kusuma,86000000,Daihatsu Ayla X Mt 2019,Sold JBA,2025-07-17,,0.2093023255813954,,,,,,Sold JBA,Sidoarjo,86000000,69500000,-0.19186046511627908,2025-06-19,2025-08-19,68000000,2025-07-17,Sold,,,,,,,,,,,,,,,,,,,,,,,48,,Closed,68000000,GCD-21039,VanDame Tri 99 (F Agung Tri Gunawan ),149,2025-02-27,Semarang,2025-07-17
SFA10813,BE1833BV,2025-06-17,Muhammad Wahyu Prasetyo,84999900,Honda Jazz Ge8 1.5 E Mt 2013,Sold JBA,2025-07-17,,0.1176460207600244,,,,,,Sold JBA,Tipar,85000000,75000000,-0.11764705882352941,2025-07-03,2025-07-17,75000000,2025-07-17,Sold,,,,,,,,,,,,,,,,,,,,,,,30,,Closed,75000000,GCD-20717,Gudang Jaya Mobilindo (Eko Wahyudi ),131,2025-03-17,Jabodetabek,2025-07-17
SFA10609,B8510II,2025-05-02,Irfan Effendi,280000000,Toyota Alphard 2.5 G At 2014,Sold JBA,2026-05-26,Tribik,0.4,https://drive.google.com/drive/folders/1pm-YVTFlKg7SdN71u1wbz-uZ8KWQKzba?usp=drive_link,,,,,Sold JBA,Tribik - Jakarta,280000000,150000000,-0.4642857142857143,2025-05-20,2026-05-26,168000000,2026-05-26,Sold,314160000,2025-07-09,,,,,,,,,,,,,,,,,,,,,389,,Closed,168000000,GCD-19746,Garasi Trubus (Alip Mubiarto ),444,2025-03-12,Jabodetabek,2026-05-26
SFA12445,B2853PFJ,2025-06-30,Rasyid Sidik,182999900,Mazda Cx3 Gt 2.0 2017,Sold JBA,2025-07-22,,0.06010877601572462,,,,,,Sold JBA,Jakarta Raya,183000000,170000000,-0.07103825136612021,2025-07-15,2025-07-22,172000000,2025-07-22,Sold,,,,,,,,,,,,,,,,,,,,,,,22,,Closed,172000000,GCD-20953,MMB Autocars (Sofi Nur Zaman),73,2025-05-19,Jabodetabek,2025-07-22
SFA11812,B2595UBS,2025-06-04,Rasyid Sidik,149999900,Bmw X1 S Drive 2012,Sold Marketplace,2025-07-23,,0.046666031110687456,,,,,,Sold Marketplace,Jakarta Raya,150000000,140000000,-0.06666666666666667,2025-06-24,2025-07-08,0,,,160650000,2025-07-09,143000000,2025-07-23,-0.1098661686896981,Sold,,,,,,,,,,,,,,,,,49,,Closed,143000000,GCD-17386,Erbama Auto (Zulfikar Mada Suksena),91,2025-04-24,Jabodetabek,2025-07-23
SFA09179,B1203BVN,2025-05-15,Muhammad Wahyu Prasetyo,135000000,Nissan New Xtrail 2.5 Cvt 2014,Sold JBA,2025-07-24,,0.22592592592592597,,,,,,Sold JBA,Tipar,135000000,98000000,-0.2740740740740741,2025-06-12,2025-07-24,104500000,2025-07-24,Sold,,,,,,,,,,,,,,,,,,,,,,,70,,Closed,104500000,GCD-20144,Garasi 28 (Deni Jaka Wiharyanto),180,2025-02-03,Jabodetabek,2025-07-24
SFA10664,BK1640ADT,2025-05-13,Tuppal Sahala Tua Sejati,109999900,"Honda Crv Re1 2Wd 2,4 At 2012",Sold JBA,2025-12-30,JBA,0.47272679338799395,https://drive.google.com/open?id=1oiM73dc9vJna9sqQkTvJ5X0gj2MB1sc7&usp=drive_copy,,,,,Sold JBA,Medan,110000000,58000000,-0.4727272727272727,2025-06-03,2025-12-30,58000000,2025-12-30,Sold,,,,,,,,,,,,,,,,,,,,,,,231,,Closed,58000000,GCD-20761,Fadli Mobil (Alfiansyah),302,2025-03-13,Medan,2025-12-30
SFA09700,B2214STU,2025-05-23,Muhammad Wahyu Prasetyo,40000000,Mercy Sedan C180 At 2004,Sold JBA,2025-07-24,,0.525,,,,,,Sold JBA,Tipar,40000000,16500000,-0.5875,2025-06-05,2025-07-24,19000000,2025-07-24,Sold,,,,,,,,,,,,,,,,,,,,,,,62,,Closed,19000000,GCD-20342,Bekti Garage (Lukman cahyono),165,2025-02-18,Jabodetabek,2025-07-24
SFA09741,A1363SN,2025-05-23,Muhammad Wahyu Prasetyo,85000000,Toyota Camry G 2.4 A/T 2010,Sold JBA,2025-07-24,,0.47058823529411764,,,,,,Sold JBA,Tipar,75000000,45000000,-0.4,2025-06-12,2025-07-24,45000000,2025-07-24,Sold,,,,,,,,,,,,,,,,,,,,,,,62,,Closed,45000000,GCD-20319,Berkah Lancar Mobilindo (Heru Purwanto),165,2025-02-18,Jabodetabek,2025-07-24
SFA10178,B1346ZLO,2025-05-31,Irfan Effendi,28999900,Ford Escape2.3L At Ford Escape 2.3 L At 2004,Sold JBA,2025-07-24,,0.2413766944023945,,,,,,Sold JBA,Tipar,30000000,22000000,-0.26666666666666666,2025-07-03,2025-07-24,22000000,2025-07-24,Sold,,,,,,,,,,,,,,,,,,,,,,,54,,Closed,22000000,GCD-19551,Daffa Mobil (Aris Herdiansyah ),155,2025-02-28,Jabodetabek,2025-07-24
SFA11931,D1776XGJ,2025-06-18,Dominggus E. Tefa,70600000,Nissan Serena Highway2.0A/T 2009,Sold JBA,2025-07-24,,0.3342776203966006,,,,,,Sold JBA,Bandung,70000000,47000000,-0.32857142857142857,2025-07-03,2025-07-24,47000000,2025-07-24,Sold,,,,,,,,,,,,,,,,,,,,,,,36,,Closed,47000000,GCD-20329,M'bils Project Mobilindo (Bilal Rizky Ramadhan),95,2025-04-29,Bandung,2025-07-24
SFA10997,B1600KYA,2025-06-20,Oky Nur Pratama,44999900,Hyundai Avega 1.5 Gx At 2010,Sold JBA,2025-07-24,,0.0777757283905075,,,,,,Sold JBA,Tipar,45000000,35000000,-0.2222222222222222,2025-07-10,2025-07-24,41500000,2025-07-24,Sold,,,,,,,,,,,,,,,,,,,,,,,34,,Closed,41500000,GCD-20693,Kandang Mobil 69 (Dimas Handitia),135,2025-03-20,Jabodetabek,2025-07-24
SFA11001,H1883LX,2025-06-21,Rahadian Kusuma,67999900,Suzuki Apv Gl Arena 1.5 M/T 2013,Sold JBA,2025-07-24,,0.029410337368143136,,,,,,Sold JBA,Semarang,68000000,66000000,-0.029411764705882353,2025-07-17,2025-07-24,66000000,2025-07-24,Sold,,,,,,,,,,,,,,,,,,,,,,,33,,Closed,66000000,GCD-4154,Saluran Berkat (Ari Wibowo),135,2025-03-20,Semarang,2025-07-24
SFA10108,F1107FA,2025-06-24,Oky Nur Pratama,74999900,Daihatsu Sigra 1.0 M 2016,Sold JBA,2025-07-24,,0.1399988533318044,,,,,,Sold JBA,Tipar,75000000,63000000,-0.16,2025-07-10,2025-07-24,64500000,2025-07-24,Sold,,,,,,,,,,,,,,,,,,,,,,,30,,Closed,64500000,GCD-20693,Kandang Mobil 69 (Dimas Handitia),156,2025-02-27,Jabodetabek,2025-07-24
SFA11398,BK1703ACC,2025-05-21,Tuppal Sahala Tua Sejati,195000000,Toyota Vellfire 2.4 V A/T 2.4 V A/T 2012,Sold JBA,2025-07-29,,0.5128205128205128,,,,,,Sold JBA,Medan,195000000,95000000,-0.5128205128205128,2025-06-03,2025-07-29,95000000,2025-07-29,Sold,,,,,,,,,,,,,,,,,,,,,,,69,,Closed,95000000,GCD-20630,BJ Auto Car (Frans Bintang Manurung),118,2025-04-11,Medan,2025-07-29
SFA10254,B1226KBP,2025-06-04,Muhammad Rajif Assalabi,310000000,Bmw 320 I At 2016,Sold Internal Sales,2025-07-29,,0.2129032258064516,,,,,,Sold Internal Sales,Jakarta Raya,320000000,305000000,-0.046875,2025-06-24,2025-07-08,0,,,347820000,2025-07-09,,,,,341000000,244000000,2025-07-29,,Sold,Cash,,,,,,,,,,,55,,Closed,244000000,GCD-2055,Exist Auto (Ricko Ryanto Taslim),146,2025-03-06,Jabodetabek,2025-07-29
SFA11083,BK1462YAB,2025-06-30,Kiki Pramudya Budi Sumantri,160000000,Toyota Fortuner G 2.7 At 2012,Sold JBA,2025-07-29,,0.09375,,,,,,Sold JBA,Medan,160000000,145000000,-0.09375,2025-07-15,2025-07-29,145000000,2025-07-29,Sold,,,,,,,,,,,,,,,,,,,,,,,29,,Closed,145000000,GCD-20856,Asoby Mobil (Rudi Syahputra),132,2025-03-28,Medan,2025-07-29
SFA11336,B1847SAM,2025-05-23,Rasyid Sidik,300000000,Mercedes E 200 Avg 2.0 At Ckd 2016,Unit On-Hand,,Tribik,,https://drive.google.com/drive/folders/1JW3pR_SKUMy2JH82O0SIZ3_SfLxlTJc0?usp=drive_link,,,,,,Tribik - Jakarta,300000000,185000000,-0.38333333333333336,2025-06-10,2026-06-03,0,,,,,,,,,,,,,,,,,,,,,,,,,377,,419,0,GCD-17386,Erbama Auto (Zulfikar Mada Suksena),419,2025-04-12,Jabodetabek,
SFA12163,F1439QW,2025-06-26,Irfan Effendi,69000000,Toyota Avanza 1.3.G.Mt Avanza 1.3 G Avanza 1.3.G 2007,Sold JBA,2025-07-31,,0.17391304347826086,,,,,,Sold JBA,Tipar,69000000,55000000,-0.2028985507246377,2025-07-10,2025-07-31,57000000,2025-07-31,Sold,,,,,,,,,,,,,,,,,,,,,,,35,,Closed,57000000,GCD-19791,Rafli Motor (Dedi Ruspendi),94,2025-05-07,Jabodetabek,2025-07-31
SFA10122,B1667FBC,2025-05-30,Wahyu Prasetyadi Wicaksono,28999900,Toyota Soluna 1.5 Gli 2023,Sold JBA,2025-08-07,,0.4827568370925417,,,,,,Sold JBA,Tipar,29000000,15000000,-0.4827586206896552,2025-07-03,2025-08-07,15000000,2025-08-07,Sold,,,,,,,,,,,,,,,,,,,,,,,69,,Closed,15000000,GCD-20685,Arfa Motor (Dani Nurhandayani Yusuf),170,2025-02-27,Jabodetabek,2025-08-07
SFA10281,B2701PFV,2025-06-03,Rahadian Kusuma,128000000,Toyota Grand New Avanza E At 2019,Sold JBA,2025-08-07,,0.21875,,,,,,Sold JBA,Semarang,128000000,100000000,-0.21875,2025-06-12,2025-08-07,100000000,2025-08-07,Sold,,,,,,,,,,,,,,,,,,,,,,,65,,Closed,100000000,GCD-21050,"Javas Auto Car (Kiki Andriani, SE)",166,2025-03-03,Semarang,2025-08-07
SFA09329,A1382YX,2025-06-11,PT Sawara,142000000,Mazda Cx 5 Grand Touring 2013,Sold JBA,2025-08-07,,0.31690140845070425,,,,,,Sold JBA,Tipar,142000000,97000000,-0.31690140845070425,2025-06-19,2025-08-07,97000000,2025-08-07,Sold,,,,,,,,,,,,,,,,,,,,,,,57,,Closed,97000000,GCD-20355,I Like This Car (Yudha Yudianto),195,2025-02-07,Jabodetabek,2025-08-07
SFA10266,B1106BER,2025-06-11,Hendra Posma Waller Sitompul,97000000,Toyota Camry V 2.4 A/T 2009,Sold JBA,2025-08-07,,0.2989690721649485,,,,,,Sold JBA,Tipar,97000000,68000000,-0.29896907216494845,2025-06-26,2025-08-07,68000000,2025-08-07,Sold,,,,,,,,,,,,,,,,,,,,,,,57,,Closed,68000000,GCD-11589,Authar Motor (Iik Kurniawan),165,2025-03-04,Jabodetabek,2025-08-07
SFA10692,B8777VV,2025-04-29,Erik Prima Putra,199999900,Mercedes Benz Sedan C250Cgi A/T 2010,Sold JBA,2025-06-24,,0.34999967499983753,,,,,,Sold JBA,Sidoarjo,200000000,92000000,-0.54,2025-05-20,2025-08-12,130000000,2025-06-24,Sold,,,,,,,,,,,,,,,,,,,,,,,56,,Closed,130000000,GCD-11259,Oto Sam (Kadek Darmika),161,2025-03-13,Bali,2025-06-24
SFA09822,DK1104SV,2025-06-12,I Nyoman Gede Harry Bhaskara,100000000,Nissan Grand Livina 1.5A/T Xv 2014,Sold JBA,2025-08-12,,0.32999999999999996,,,,,,Sold JBA,Sidoarjo,100000000,65000000,-0.35,2025-06-24,2025-08-12,67000000,2025-08-12,Sold,,,,,,,,,,,,,,,,,,,,,,,61,,Closed,67000000,GCD-20820,Rema Motor (I Putu Martana),182,2025-02-20,Bali,2025-08-12
SFA11580,L1720BAA,2025-06-28,Rasyid Sidik,90000000,Volkswagen Golf 2.0 Gti 2005,Sold JBA,2025-08-12,,0.05555555555555558,,,,,,Sold JBA,Jakarta Raya,90000000,85000000,-0.05555555555555555,2025-08-05,2025-08-12,85000000,2025-08-12,Sold,,,,,,,,,,,,,,,,,,,,,,,45,,Closed,85000000,GCD-20953,MMB Autocars (Sofi Nur Zaman),127,2025-04-16,Jabodetabek,2025-08-12
SFA10938,A1074DG,2025-07-03,Yanto Sumardi,135000000,Toyota New Yaris 1.5S.L/Attrd 2016,Sold JBA,2025-08-12,,0.1444444444444445,,,,,,Sold JBA,Jakarta Raya,135000000,113000000,-0.16296296296296298,2025-07-15,2025-08-12,115500000,2025-08-12,Sold,,,,,,,,,,,,,,,,,,,,,,,40,,Closed,115500000,GCD-20855,Belva Mobilindo (Fikri Subangkit),148,2025-03-26,Jabodetabek,2025-08-12
SFA08653,Z1783DG,2025-04-30,Dominggus E. Tefa,49500000,Suzuki Apv X 1.5 Mt 2005,Sold JBA,2025-08-14,JBA,0.696969696969697,,,,,,Sold JBA,Bandung,35000000,15000000,-0.5714285714285714,2025-06-26,2025-08-14,15000000,2025-08-14,Sold,,,,,,,,,,,,,,,,,,,,,,,106,,Closed,15000000,GCD-7824,Herdiana Motor  (Dani Ramdani),217,2025-01-18,Bandung,2025-08-14
SFA10311,D1335MM,2025-06-03,Oky Nur Pratama,74999900,Honda City E S Cvt At 2010,Sold JBA,2025-07-31,,0.13333217777623707,,,,,,Sold JBA,Tipar,65000000,64000000,-0.015384615384615385,2025-07-31,2025-08-14,65000000,2025-07-31,Sold,,,,,,,,,,,,,,,,,,,,,,,58,,Closed,65000000,GCD-3396,Arfan Sultan Motor  (Adam Muharam Syah ),172,2025-03-04,Jabodetabek,2025-07-31
SFA09722,B8299IU,2025-05-24,Oky Nur Pratama,32450000,Suzuki Carry St 100 2006,Sold JBA,2025-08-19,,0.460708782742681,,,,,,Sold JBA,Jakarta Raya,32000000,17500000,-0.453125,2025-06-03,2025-08-19,17500000,2025-08-19,Sold,,,,,,,,,,,,,,,,,,,,,,,87,,Closed,17500000,GCD-20646,Garasi Fahmi (Moh Fahmi Bachtiar),191,2025-02-18,Jabodetabek,2025-08-19
SFA11166,B2840WBC,2025-07-19,PT Bhinneka,100000000,Nissan All New-Teana 2.5 Xv Cvt 2013,Sold JBA,2025-08-19,,0.06999999999999995,,,,,,Sold JBA,Jakarta Raya,100000000,93000000,-0.07,2025-08-05,2025-08-19,93000000,2025-08-19,Sold,,,,,,,,,,,,,,,,,,,,,,,31,,Closed,93000000,GCD-20918,Farah Garage (Herman),158,2025-03-28,Jabodetabek,2025-08-19
SFA11014,B099SUS,2025-06-30,Arya Bonansa Simanjuntak,88000000,Toyota Calya 1.2 G At 2016,Sold JBA,2025-08-21,,0.07954545454545459,,,,,,Sold JBA,Pekanbaru,88000000,81000000,-0.07954545454545454,2025-07-24,2025-08-21,81000000,2025-08-21,Sold,,,,,,,,,,,,,,,,,,,,,,,52,,Closed,81000000,GCD-8811,FAJAR MOBILINDO (Andi Norman),172,2025-03-21,Pekanbaru,2025-08-21
SFA09360,B2926KMM,2025-07-16,PT Aqueen,100000000,Chevrolet Orlando Lt 2017,Sold JBA,2025-08-21,,0.09999999999999998,,,,,,Sold JBA,Bandung,100000000,90000000,-0.1,2025-07-31,2025-08-21,90000000,2025-08-21,Sold,,,,,,,,,,,,,,,,,,,,,,,36,,Closed,90000000,GCD-20741,Sakura Auto Mobilindo (Tiara Piecesa),228,2025-02-08,Jabodetabek,2025-08-21
SFA10983,BK1579ACH,2025-05-22,Tuppal Sahala Tua Sejati,91499900,"Honda Crv Re1 2Wd 2,4 At 2011",Sold JBA,2025-08-26,,0.4207643942780266,,,,,,Sold JBA,Medan,90000000,53000000,-0.4111111111111111,2025-06-03,2025-08-26,53000000,2025-08-26,Sold,,,,,,,,,,,,,,,,,,,,,,,96,,Closed,53000000,GCD-21154,DK 1 Mobil (Dedy kurniawan ST),168,2025-03-20,Medan,2025-08-26
SFA11005,B8889JD,2025-07-03,PT TANIA,79999900,Nissan X-Trail 2.0 At Cvt 2009,Sold JBA,2025-08-28,,0.3124991406239258,,,,,,Sold JBA,Bandung,80000000,54000000,-0.325,2025-07-17,2025-08-28,55000000,2025-08-28,Sold,,,,,,,,,,,,,,,,,,,,,,,56,,Closed,55000000,GCD-4253,Mukti Raudhoh Motor (Nurhayati),174,2025-03-21,Bandung,2025-08-28
SFA11252,AD1724BC,2025-07-29,PT Cakra Baymax,170000000,Toyota Raize 1.0T G Cvt Two Tone 2021,Sold JBA,2025-08-28,,-0.01764705882352935,,,,,,Sold JBA,Semarang,180000000,173000000,-0.03888888888888889,2025-08-14,2025-08-28,173000000,2025-08-28,Sold,,,,,,,,,,,,,,,,,,,,,,,30,,Closed,173000000,GCD-25026,Used Car Semarang (Latif Budi Nugroho),156,2025-04-08,Semarang,2025-08-28
SFA09172,BM1746LLN,2025-05-05,Arya Bonansa Simanjuntak,146000000,Wuling Cortez 1.5 S 2022,Sold JBA,2025-09-04,,0.4178082191780822,,,,,,Sold JBA,Pekanbaru,140000000,85000000,-0.39285714285714285,2025-05-28,2025-09-04,85000000,2025-09-04,Sold,,,,,,,,,,,,,,,,,,,,,,,122,,Closed,85000000,GCD-20181,CV AMANAH SOLUTION (Jun Siparilas),226,2025-02-03,Pekanbaru,2025-09-04
SFA12890,B8730XT,2025-08-07,Wahyu Prasetyadi Wicaksono,100000000,Mercedez Benz C200 1.8 Kompressor 2009,Sold JBA,2025-09-04,,0.030000000000000027,,,,,,Sold JBA,Tipar,100000000,97000000,-0.03,2025-08-21,2025-09-04,97000000,2025-09-04,Sold,,,,,,,,,,,,,,,,,,,,,,,28,,Closed,97000000,GCD-20916,Beryl Oto Mandiri (Ahmad maulana nur hidayat),99,2025-06-10,Jabodetabek,2025-09-04
SFA11072,B1688ZLO,2025-06-04,Rasyid Sidik,244900000,Porsche Cayenne V6 3.2 Tiptronic 2005,Sold JBA,2026-05-26,Tribik,0.5671702735810535,https://drive.google.com/drive/folders/1yX4Vxk2DcX0naOz3bPGZ1bjD6WAyuSCm?usp=drive_link,,,,,Sold JBA,Tribik - Jakarta,340000000,70000000,-0.7941176470588235,2025-06-24,2026-05-26,106000000,2026-05-26,Sold,299880000,2025-07-09,,,,,,,,,,,,,,,,,,,,,356,,Closed,106000000,GCD-17386,Erbama Auto (Zulfikar Mada Suksena),435,2025-03-21,Jabodetabek,2026-05-26
SFA11091,B1177DG,2025-07-16,Muhammad Rajif Assalabi,319999900,Mitsubishi Pajero Dakar 4X2 At 2016,Sold JBA,2025-09-09,,0.01249969140615359,https://drive.google.com/drive/folders/1INIMlaSpemdRjp6HbDdfYVy-yP7A2adv?usp=drive_link,Plan to Redeem,2025-08-26,,,Sold JBA,Jakarta Raya,320000000,316000000,-0.0125,2025-09-02,2025-09-09,316000000,2025-09-09,Sold,,,,,,,,,,,,,,,,,,,,,,,55,,Closed,316000000,GCD-2409,Ineeas Mobil (Henry Adhi Nugraha),177,2025-03-26,Jabodetabek,2025-09-09
SFA11813,B273UCI,2025-06-04,Rasyid Sidik,362500000,Mini Cooper S Countryman At 2015,Sold JBA,2026-01-15,JBA,0.49379310344827587,https://drive.google.com/drive/folders/1JgdTCuJygGieLE9Die2RpgyT161yQgzn?usp=drive_link,,,,,Sold JBA,Tipar,365000000,104000000,-0.7150684931506849,2025-06-24,2026-01-15,183500000,2026-01-15,Sold,,,,,,,,,,,,,,,,,,,,,,,225,,Closed,183500000,GCD-17386,Erbama Auto (Zulfikar Mada Suksena),274,2025-04-28,Jabodetabek,2026-01-15
SFA11498,BK1261AAJ,2025-06-24,Denny Rahmadani,153000000,Suzuki Ertiga Gx A/T 2018,Sold JBA,2025-09-16,,0.261437908496732,,,,,,Sold JBA,Palembang,153000000,113000000,-0.26143790849673204,2025-07-01,2025-09-16,113000000,2025-09-16,Sold,,,,,,,,,,,,,,,,,,,,,,,84,,Closed,113000000,GCD-25077,Azis Auto (Rony azis),165,2025-04-14,Palembang,2025-09-16
SFA10434,B2521KFP,2025-06-14,Wahyu Prasetyadi Wicaksono,85499900,Honda Brio Satya E M/T 2017,Sold Internal Sales,2025-09-17,,0.1345019116981423,https://drive.google.com/open?id=1F0A95E3-QeXe-ej56s4es5FfGtUKOZU7&usp=drive_copy,,,,,Sold Internal Sales,Tipar,85500000,79000000,-0.07602339181286549,2025-07-10,2025-09-11,0,,,,,,,,,74000000,74000000,2025-09-17,,Sold,Cash,,,,,,,,,,,95,,Closed,74000000,GCD-20967,Garasi Nadia (Nadia Nithy),195,2025-03-07,Jabodetabek,2025-09-17
SFA10922,B1809COA,2025-07-16,Oky Nur Pratama,79500000,Toyota Agya 1.0 G Mt 2016,Sold Marketplace,2025-09-17,,0.11949685534591192,,,,,,Sold Marketplace,Tipar,79500000,75000000,-0.05660377358490566,2025-07-31,2025-08-07,0,,,86190000,2025-08-13,70000000,2025-09-17,-0.18784081680009282,Sold,,,,,,,,,,,,,,,,,63,,Closed,70000000,GCD-3396,Arfan Sultan Motor  (Adam Muharam Syah ),183,2025-03-19,Jabodetabek,2025-09-17
SFA13015,B1975LI,2025-07-24,Irfan Effendi,84999900,"Honda Crv Re1 2Wd 2,4 At 2009",Sold Internal Sales,2025-09-17,,0.1764696193760228,https://drive.google.com/open?id=1h3Xvs_cQ47Lixk4eg1hEXJPiOcE6_jQb&usp=drive_copy,,,,,Sold Internal Sales,Tipar,85000000,76000000,-0.10588235294117647,2025-08-14,2025-09-11,0,,,,,,,,,85000000,70000000,2025-09-17,,Sold,IF Limit,,,,,,,,,,,55,,Closed,70000000,GCD-25128,Berkah Mobilindo (Andi Haryandi),98,2025-06-12,Jabodetabek,2025-09-17
SFA12495,B2975UFM,2025-08-29,Yanto Sumardi,102999900,Honda Brio Satya 1.2 E Cvt 2017,Sold Internal Sales,2025-09-17,,0.07766900744563832,https://drive.google.com/open?id=1d98CPdST65vJgmJ8ul_TCTqrKxxBDpvh&usp=drive_copy,Plan to Redeem,2025-09-12,,,Sold Internal Sales,Jakarta Raya,103000000,103000000,0,2025-09-09,2025-09-09,0,,,,,,,,,103000000,95000000,2025-09-17,,Sold,IF Limit,,,,,,,,,,,19,,Closed,95000000,GCD-25129,Arc Usedcar (Ilham alamsyah),120,2025-05-21,Jabodetabek,2025-09-17
SFA11366,B1690TVH,2025-07-15,Oky Nur Pratama,37999900,Kia Minibus Picanto At 2005,Sold Internal Sales,2025-09-18,,0.31578767312545564,,,,,,Sold Internal Sales,Tipar,41000000,40000000,-0.024390243902439025,2025-07-31,2025-08-07,0,,,48960000,2025-08-13,,,,,30000000,26000000,2025-09-18,,Sold,Cash,,,,,,,,,,,65,,Closed,26000000,GCD-20822,Jendela Auto (Ardi Febri Mulya),162,2025-04-10,Jabodetabek,2025-09-18
SFA12471,F297HL,2025-08-25,Purnomo Ajie Nugroho,125000000,Mercedes Benz R300L At 2011,Sold JBA,2025-09-18,,0,https://drive.google.com/open?id=1Mwwxk2tp1BXH4zXO2cKde3x5SrSIhEGb&usp=drive_copy,Plan to Redeem,2025-09-15,,,Sold JBA,Tipar,125000000,125000000,0,2025-09-18,2025-09-18,125000000,2025-09-18,Sold,,,,,,,,,,,,,,,,,,,,,,,24,,Closed,125000000,GCD-25098,HAFI JAYA MOTOR  (Irfan billah),130,2025-05-20,Jabodetabek,2025-09-18
SFA11054,B1981BFV,2025-06-18,Dipa Kusuma Prasetyo,149999900,Toyota Toyota Vellfire 2.4 At Toyota Vellfire 2.4 At 2009,Sold Internal Sales,2025-09-20,,0.23333282222188145,https://drive.google.com/drive/folders/1kqjdIVVWMZLCfsii4TJGHweOm12XmM6I?usp=drive_link,,,,,Sold Internal Sales,Jakarta Raya,150000000,129000000,-0.14,2025-07-01,2025-09-16,0,,,,,,,,,,115000000,2025-09-20,,Sold,IF Limit,,,,,,,,,,,94,,Closed,115000000,GCD-25050,Medari Autocars (Fadhli daraquthni),186,2025-03-21,Jabodetabek,2025-09-20
SFA11581,B2332TBY,2025-06-30,Muhammad Rajif Assalabi,97000000,Honda City E S Cvt At 2013,Sold Internal Sales,2025-09-20,,0.12371134020618557,https://drive.google.com/open?id=1bJo_YT0MXwqfSL6Q6gifgTQQgzxR54fn&usp=drive_copy,,,,,Sold Internal Sales,Jakarta Raya,104500000,95000000,-0.09090909090909091,2025-07-29,2025-09-16,0,,,,,,,,,,85000000,2025-09-20,,Sold,IF Limit,,,,,,,,,,,82,,Closed,85000000,GCD-12763,Bangkit Auto Garage (Efi Fitriyani),161,2025-04-15,Jabodetabek,2025-09-20
SFA11197,B1507NID,2025-07-09,Muhammad Rajif Assalabi,175000000,Honda Hr-V 1.5 E Cvt 2017,Sold Internal Sales,2025-09-20,,0.08571428571428574,https://drive.google.com/open?id=1OSKSZ8YMcMzVj1L52RB-xb7w6RRru3i9&usp=drive_copy,Plan to Redeem,2025-08-26,,,Sold Internal Sales,Jakarta Raya,175000000,173000000,-0.011428571428571429,2025-09-02,2025-09-09,0,,,,,,,,,,160000000,2025-09-20,,Sold,IF Limit,,,,,,,,,,,73,,Closed,160000000,GCD-2409,Ineeas Mobil (Henry Adhi Nugraha),168,2025-04-08,Jabodetabek,2025-09-20
SFA10634,F1580NO,2025-06-14,Muhammad Wahyu Prasetyo,126999900,Toyota Agya 1.2 G At Trd 2021,Sold JBA,2026-04-25,Auksi,0.4488184636365855,https://drive.google.com/open?id=1wPchFzpKnng5yDeWzdk_zkZVbgf1uSoU&usp=drive_copy,,,,,Sold JBA,POOL AUKSI CILEDUG,105000000,62000000,-0.4095238095238095,2025-07-31,2026-04-02,70000000,2026-04-25,Sold,,,,,,,,70000000,2026-04-25,,Sold,Cash,,,,,,,,,,,315,,Closed,7000000070000000,GCD-20584,Mutiara Mobilindo (Heri Irawan),402,2025-03-12,Jabodetabek,2026-04-25
SFA11932,B2421UOK,2025-07-30,Muhammad Wahyu Prasetyo,100000000,Toyota Calya 1.2 E Std 2019,Sold Internal Sales,2025-09-20,,0.21999999999999997,https://drive.google.com/open?id=1dAvDt94elRWNb6F9BuMqW9acZ0sVqx30&usp=drive_copy,Plan to Redeem,2025-08-29,,,Sold Internal Sales,Tipar,100000000,94000000,-0.06,2025-09-04,2025-09-18,0,,,,,,,,,,78000000,2025-09-20,,Sold,Cash,,,,,,,,,,,52,,Closed,78000000,GCD-2590,Bintang Pangukir Motor (Sugiono),145,2025-04-29,Jabodetabek,2025-09-20
SFA11944,B1675SJI,2025-07-31,Yanto Sumardi,125000000,Honda Crv Re1 2Wd 2.0Atckd 2013,Sold Internal Sales,2025-09-20,,0.14400000000000002,https://drive.google.com/drive/folders/1uRib5Fw9WYXJEsAMlG2HhO46cakb90Tn?usp=drive_link,,,,,Sold Internal Sales,Jakarta Raya,125000000,115000000,-0.08,2025-08-19,2025-09-16,0,,,,,,,,,,107000000,2025-09-20,,Sold,IF Limit,,,,,,,,,,,51,,Closed,107000000,GCD-20855,Belva Mobilindo (Fikri Subangkit),147,2025-04-29,Jabodetabek,2025-09-20
SFA12087,B1401WOQ,2025-08-04,Muhammad Rajif Assalabi,116999900,Suzuki Ertiga Gl A/T 2016,Sold Internal Sales,2025-09-20,,0.12820438308066928,https://drive.google.com/drive/folders/1Tz8qxhIwDp3b4j0qlkxP4Ijv1KwqblY-?usp=drive_link,,,,,Sold Internal Sales,Jakarta Raya,117000000,105000000,-0.10256410256410256,2025-08-19,2025-09-16,0,,,,,,,,,,102000000,2025-09-20,,Sold,IF Limit,,,,,,,,,,,47,,Closed,102000000,GCD-20568,AA+ Auto Cars (Mohamad Ravy Maulana),141,2025-05-05,Jabodetabek,2025-09-20
SFA10525,B2191TKD,2025-06-12,Muhammad Wahyu Prasetyo,125499900,Toyota Grand New Avanza 1.3G Mt 2016,Sold Internal Sales,2025-09-21,,0.24302728528070539,https://drive.google.com/open?id=1R0qQJdVDiB9YEms8ON-7IB8WtgN-sOJw&usp=drive_copy,,,,,Sold Internal Sales,Tipar,125500000,88000000,-0.29880478087649404,2025-07-10,2025-09-18,0,,,,,,,,,,95000000,2025-09-21,,Sold,IF Limit,,,,,,,,,,,101,,Closed,95000000,GCD-20584,Mutiara Mobilindo (Heri Irawan),197,2025-03-10,Jabodetabek,2025-09-21
SFA11509,B1700PI,2025-07-15,Agus Sumarwan,149999900,Honda Hr-V 1.5 S Mt 2016,Sold Internal Sales,2025-09-23,,0.23333282222188145,https://drive.google.com/open?id=1qQEJnof2UYuqvF_I31LDwDSe7Rd9HDC3&usp=drive_copy,,,,,Sold Internal Sales,Semarang,150000000,145000000,-0.03333333333333333,2025-08-07,2025-09-18,0,,,,,,,,,,115000000,2025-09-23,,Sold,Cash,,,,,,,,,,,70,,Closed,115000000,GCD-9856,"Valen Mobil (Wawan Mugianto, ST)",164,2025-04-14,Yogyakarta,2025-09-23
SFA10937,L1378BBR,2025-06-23,Rudy Hartono,130000000,Honda Mobilio Rs Cvt 2015,Sold Internal Sales,2025-09-24,,0.23076923076923073,https://drive.google.com/open?id=17T2Oz-AMhAFrxAZQ66bDTPsaGSlMs724&usp=drive_copy,,,,,Sold Internal Sales,Sidoarjo,130000000,112000000,-0.13846153846153847,2025-07-29,2025-09-23,0,,,,,,,,,,100000000,2025-09-24,,Sold,Cash,,,,,,,,,,,93,,Closed,100000000,GCD-25034,Carplus (Rusdyansyah),190,2025-03-19,Surabaya,2025-09-24
SFA11584,B8876MQ,2025-07-16,Rahadian Kusuma,53000000,Honda City Gd8 1.5 2006,Sold JBA,2025-09-25,,0.2075471698113207,https://drive.google.com/open?id=1jdXPCj5VMuB1LKzuCANFTrZOVXwgwUHK&usp=drive_copy,,,,,Sold JBA,Semarang,53000000,42000000,-0.20754716981132076,2025-08-07,2025-09-25,42000000,2025-09-25,Sold,,,,,,,,,,,,,,,,,,,,,,,71,,Closed,42000000,GCD-25093,Balbilar car (Dwi wahyudi),172,2025-04-15,Semarang,2025-09-25
SFA12490,W1995X,2025-08-26,Febby Charisalonica M Somba,154999900,Daihatsu Grand New Xenia 1.3 R 2021,Sold Internal Sales,2025-09-25,,0.14193493028060022,https://drive.google.com/open?id=1ftBHjqA8r6GL1BjtoARIKSMyXlxW9KCA&usp=drive_copy,,,,,Sold Internal Sales,Sidoarjo,155000000,142000000,-0.08387096774193549,2025-09-09,2025-09-23,0,,,,,,,,,,133000000,2025-09-25,,Sold,IF Limit,,,,,,,,,,,30,,Closed,133000000,GCD-20780,Bejo Usedcar (Hermansyah Setyo Pambudi ),127,2025-05-22,Surabaya,2025-09-25
SFA12606,B1296COK,2025-08-30,Yanto Sumardi,102999900,Honda Brio 1.2 Rs 2017,Sold Internal Sales,2025-09-25,,0.19417397492618926,https://drive.google.com/open?id=1arziXm-4I01bvyGAhLkEIh6XRvhsbs4C&usp=drive_copy,Plan to Redeem,2025-09-15,,,Sold Internal Sales,Jakarta Raya,103000000,95000000,-0.07766990291262135,2025-09-16,2025-09-23,0,,,,,,,,,,83000000,2025-09-25,,Sold,IF Limit,,,,,,,,,,,26,,Closed,83000000,GCD-25132,Red Auto Car (Kartiko dwi panji),122,2025-05-27,Jabodetabek,2025-09-25
SFA12190,B1247UYY,2025-08-13,Yanto Sumardi,102000000,Honda Mobilio E-Cvt 2015,Sold Internal Sales,2025-09-26,,0.196078431372549,https://drive.google.com/open?id=1yyM52wKojBluH0WvKDRNSQ8DGc7d8NAL&usp=drive_copy,Plan to Redeem,2025-08-29,,,Sold Internal Sales,Jakarta Raya,102000000,100000000,-0.0196078431372549,2025-09-02,2025-09-09,0,,,,,,,,,,82000000,2025-09-26,,Sold,IF Limit,,,,,,,,,,,44,,Closed,82000000,GCD-21065,Laksana Garage (Trya Setyawati),142,2025-05-08,Jabodetabek,2025-09-26
SFA06880,S1271NH,2025-06-12,PT Cakra Baymax,172000000,Hyundai H1 2.4 AT 2015,Sold JBA,2025-09-30,,0.5465116279069768,https://drive.google.com/open?id=1X-0QbTkfakZTmteX90epm2e_7k6UOi9b&usp=drive_copy,,,,,Sold JBA,Sidoarjo,172000000,78000000,-0.5465116279069767,2025-06-24,2025-09-30,78000000,2025-09-30,Sold,,,,,,,,,,,,,,,,,,,,,,,110,,Closed,78000000,GCD-20124,PSS Garasi (Phidel Samuel Sipasulta),321,2024-11-23,Surabaya,2025-09-30
SFA10561,BG1816ID,2025-06-24,Denny Rahmadani,158999900,Honda New Crv 2.0 M/T Dohc 2013,Sold JBA,2025-09-30,,0.34905619437496505,https://drive.google.com/open?id=1Djc4ZTGJ1zlcVOIq3AFsTzXqjeabHUuA&usp=drive_copy,,,,,Sold JBA,Palembang,159000000,100000000,-0.3710691823899371,2025-07-01,2025-09-30,103500000,2025-09-30,Sold,,,,,,,,,,,,,,,,,,,,,,,98,,Closed,103500000,GCD-21124,Dede Didi Auto (Kuswari marzuk),213,2025-03-11,Palembang,2025-09-30
SFA07729,W1969WW,2025-06-27,PT Cakra Baymax,73000000,Toyota Vios G 1.5 MT 2012,Sold JBA,2025-09-30,,0.31506849315068497,https://drive.google.com/open?id=1BtOIP9qchn-naYykYk-3J81IikWKWVcm&usp=drive_copy,,,,,Sold JBA,Sidoarjo,73000000,50000000,-0.3150684931506849,2025-08-26,2025-09-30,50000000,2025-09-30,Sold,,,,,,,,,,,,,,,,,,,,,,,95,,Closed,50000000,GCD-20124,PSS Garasi (Phidel Samuel Sipasulta),297,2024-12-17,Surabaya,2025-09-30
SFA12064,BG1468IS,2025-08-05,Denny Rahmadani,109999900,Toyota Yaris S Limited At 2013,Sold JBA,2025-09-30,,0.2181811074373704,https://drive.google.com/open?id=10iEap7ogz4RUspTriLK69F9cfBlmxTW2&usp=drive_copy,,,,,Sold JBA,Palembang,110000000,85000000,-0.22727272727272727,2025-08-19,2025-09-30,86000000,2025-09-30,Sold,,,,,,,,,,,,,,,,,,,,,,,56,,Closed,86000000,GCD-20721,I'AM Auto (Ahmad Karpawi),158,2025-05-05,Palembang,2025-09-30
SFA12332,A1534FU,2025-08-20,Yanto Sumardi,126999900,Daihatsu Terios X Mt Extra 2017,Sold JBA,2025-09-30,,0.1889757393509759,https://drive.google.com/open?id=1P4hPAs_OxWk8XNmVlw3QNjfKTVlkknl-&usp=drive_copy,Plan to Redeem,2025-09-05,,,Sold JBA,Jakarta Raya,127000000,90000000,-0.29133858267716534,2025-09-09,2025-12-02,103000000,2025-09-30,Sold,,,,,,,,,,,,,,,,,,,,,,,41,,Closed,103000000,GCD-20955,Ratu Mobilindo (Halimatu sadiah),148,2025-05-15,Jabodetabek,2025-09-30
SFA12654,A1695XQ,2025-08-28,Muhammad Rajif Assalabi,79999900,Honda Jazz Idsi A/T 2008,Sold JBA,2025-09-30,,0.19999899999875004,https://drive.google.com/open?id=10NStl_3pcQEE96YBt6WY5S_wTMwHf4v8&usp=drive_copy,Plan to Redeem,2025-09-12,,,Sold JBA,Jakarta Raya,80000000,60000000,-0.25,2025-09-16,2025-09-30,64000000,2025-09-30,Sold,,,,,,,,,,,,,,,,,,,,,,,33,,Closed,64000000,GCD-20568,AA+ Auto Cars (Mohamad Ravy Maulana),135,2025-05-28,Jabodetabek,2025-09-30
SFA08176,W1992QS,2025-08-29,PT Cakra Baymax,60000000,Suzuki Splash GX 1.2 MT 2013,Sold JBA,2025-09-30,,0.1333333333333333,https://drive.google.com/open?id=1ZEbMKgRsyq9VeTvB4j54mDXtCUlSkhCP&usp=drive_copy,,,,,Sold JBA,Sidoarjo,60000000,46000000,-0.23333333333333334,2025-09-09,2025-09-30,52000000,2025-09-30,Sold,,,,,,,,,,,,,,,,,,,,,,,32,,Closed,52000000,GCD-11368,Family Garage (Asmara dhimas kharisma),283,2024-12-31,Surabaya,2025-09-30
SFA14123,B2015SKA,2025-09-03,Adzim Muttaqin,90000000,Honda Brio Ckd 1.2 S At 2015,Sold JBA,2025-09-30,,0.19999999999999996,https://drive.google.com/open?id=16SDP-EiePjHmZ1wHANqZKvCEsLzsqzQ9&usp=drive_copy,,,,,Sold JBA,Sidoarjo,90000000,70000000,-0.2222222222222222,2025-09-16,2025-09-30,72000000,2025-09-30,Sold,,,,,,,,,,,,,,,,,,,,,,,27,,Closed,72000000,GCD-6936,Dian Jaya Mobil (Dian Setyo Nugroho),73,2025-07-29,Surabaya,2025-09-30
SFA08203,D1298ST,2025-05-05,PT TANIA,149999900,Mazda Mazda Cx9 2011,Sold JBA,2025-09-23,,0.49999966666644446,https://drive.google.com/drive/folders/1jA6QcLhUVNWKSrdtLaSIatMS-2-45Nr2?usp=drive_link,,,,,Sold JBA,Tipar,150000000,76000000,-0.49333333333333335,2025-05-15,2025-09-11,75000000,2025-09-23,Sold,,,,,,,,,,,,,,,,,,,,,,,141,MK,Closed,75000000,GCD-6740,GMC Auto Mobilindo (Harry Firmansyah),273,2025-01-03,Bandung,2025-09-23
SFA10864,F1066KA,2025-07-09,PT Bhinneka,144499900,Honda New Crv 2.4 At 2013,Sold JBA,2025-10-02,,0.23875379844553524,https://drive.google.com/open?id=1VNcPyXrcG5bdrJBUOjcZmjsvrICTdx7H&usp=drive_copy,,,,,Sold JBA,Bandung,144500000,105000000,-0.27335640138408307,2025-07-24,2025-10-02,110000000,2025-10-02,Sold,,,,,,,,,,,,,,,,,,,,,,,85,MK,Closed,110000000,GCD-4253,Mukti Raudhoh Motor (Nurhayati),210,2025-03-18,Bandung,2025-10-02
SFA11270,BM1246SF,2025-07-21,Arya Bonansa Simanjuntak,74399900,Toyota Avanza G A/T 2011,Sold JBA,2025-10-02,,0.052418081207098344,https://drive.google.com/open?id=1vMHb_BnvmbJG9iLjmVQy-3bQvU6rXoLS&usp=drive_copy,,,,,Sold JBA,Pekanbaru,80000000,62000000,-0.225,2025-08-07,2025-10-02,70500000,2025-10-02,Sold,,,,,,,,,,,,,,,,,,,,,,,73,,Closed,70500000,GCD-10017,BKS MOBILINDO (Sahrul Derita Alfian),186,2025-04-08,Pekanbaru,2025-10-02
SFA12179,B1112ERV,2025-08-12,Oky Nur Pratama,170000000,Toyota Grand New Veloz 1.5Mt 2020,Sold JBA,2025-10-02,,0.050000000000000044,https://drive.google.com/open?id=1Wa0UQuYGUsSakMGyvP1xDJVMQYEd34nJ&usp=drive_copy,,,,,Sold JBA,Tipar,170000000,130000000,-0.23529411764705882,2025-08-28,2025-10-02,161500000,2025-10-02,Sold,,,,,,,,,,,,,,,,,,,,,,,51,,Closed,161500000,GCD-2834,Fatan's Auto (Tanrry Hardi Lismana),157,2025-05-07,Jabodetabek,2025-10-02
SFA14224,B2981FVH,2025-08-25,Rahadian Kusuma,139000000,Mazda Mazda 2 Gt A/T 2015,Sold JBA,2025-10-02,,0.22661870503597126,https://drive.google.com/open?id=17B3yafxaZPvQkVx7X_7EIQwhCw6R3rxX&usp=drive_copy,,,,,Sold JBA,Semarang,115000000,103000000,-0.10434782608695652,2025-09-04,2025-10-02,107500000,2025-10-02,Sold,,,,,,,,,,,,,,,,,,,,,,,38,,Closed,107500000,GCD-25124,GM Auto Cars Mobil (Dwiky Gilang Mahendra),80,2025-07-23,Semarang,2025-10-02
SFA11150,A1640BP,2025-06-30,Yanto Sumardi,140000000,Honda Mobilio S M/T 2020,Sold Internal Sales,2025-11-20,Garasi Banana,0.18571428571428572,https://drive.google.com/drive/folders/1cHrYa3CEgcJ_n727t5TvR7dvOwO0TXwf?usp=drive_link,,,,,Sold Internal Sales,Jakarta Raya,140000000,117000000,-0.16428571428571428,2025-07-15,2025-08-12,0,,,157080000,2025-08-14,,,,,,114000000,2025-11-20,,Sold,Cash,,,,,,,,,,,143,,Closed,114000000,GCD-21038,Ansel Mobilindo (Ine hermawan),239,2025-03-27,Jabodetabek,2025-11-20
SFA11145,B2154POT,2025-06-30,Yanto Sumardi,100999900,Toyota Calya 1.2 G 2019,Sold Internal Sales,2025-11-07,Garasi Banana,0.2871280070574327,https://drive.google.com/drive/folders/1c4PNvX66wPLi5L5jXJ5t3rPXJ_tb2AS1?usp=drive_link,,,,,Sold Internal Sales,Jakarta Raya,110000000,90000000,-0.18181818181818182,2025-07-15,2025-08-12,0,,,107100000,2025-08-14,,,,,,72000000,2025-11-07,,Sold,Cash,,,,,,,,,,,130,,Closed,72000000,GCD-5231,AA Jaya Mobil (Zainal Abidin),225,2025-03-28,Jabodetabek,2025-11-07
SFA14002,BG1047UG,2025-08-26,Rahadian Kusuma,111499900,Suzuki Ertiga Gx M/T 2015,Sold JBA,2025-10-02,,0.14798129863793597,https://drive.google.com/drive/folders/1EqI5t7lFqlWC7SU2gtkvd5bzifINBO-7?usp=drive_link,Plan to Redeem,2025-09-12,,,Sold JBA,Semarang,111000000,95000000,-0.14414414414414414,2025-09-18,2025-10-02,95000000,2025-10-02,Sold,,,,,,,,,,,,,,,,,,,,,,,37,,Closed,95000000,GCD-21069,Rezqiano Mobil (Fahmi Febi Akbar),86,2025-07-17,Semarang,2025-10-02
SFA09616,B2824PBI,2025-05-19,Muhammad Rajif Assalabi,175999900,Honda Accord Vti L 2.4 A/T 2013,Sold SUN,2025-10-06,,0.3977269305266651,https://drive.google.com/drive/folders/1h3zQlTobdCPuGNH2EALwc3oAz52loLcm?usp=drive_link,,,,,Sold SUN,Jakarta Raya,176000000,132000000,-0.25,2025-06-10,2025-09-09,0,,,,,,,,,,,,,,,,106000000,2025-10-06,,Sold,,,,,,140,,Closed,106000000,GCD-2055,Exist Auto (Ricko Ryanto Taslim),222,2025-02-15,Jabodetabek,2025-10-06
SFA10776,B1848TLQ,2025-07-01,Muhammad Wahyu Prasetyo,137000000,Honda Crv Rm3. 2Wd 2.4 At 2013,Sold Marketplace,2025-10-07,,0.21897810218978098,https://drive.google.com/drive/folders/1Cor4mK_E6EKfZ5uuqqhHxFfSpHcaCCVT?usp=drive_link,,,,,Sold Marketplace,Tipar,137000000,137000000,0,2025-07-10,2025-08-07,0,,,148920000,2025-08-13,107000000,2025-10-07,-0.2814934192855224,Sold,,,,,,,,,,,,,,,,,98,,Closed,107000000,GCD-20584,Mutiara Mobilindo (Heri Irawan),207,2025-03-15,Jabodetabek,2025-10-07
SFA11210,B2335STC,2025-07-08,Muhammad Rajif Assalabi,121999900,Nissan Serena Highway2.0A/T 2013,Sold Marketplace,2026-02-09,Bursa,0.18032719698950572,https://drive.google.com/drive/folders/1sI6vYuiRQz-hA5SVdyofmodDin9h9Nd5?usp=drive_link,,,,,Sold Marketplace,Jakarta Raya,122000000,117000000,-0.040983606557377046,2025-07-29,2025-08-12,0,,,132600000,2025-08-14,100000000,2026-02-09,-0.2458521870286576,Sold,,,,,,,,,,,,,,,,,216,,Closed,100000000,GCD-20568,AA+ Auto Cars (Mohamad Ravy Maulana),309,2025-04-07,Jabodetabek,2026-02-09
SFA10189,B1902MR,2025-05-28,Rasyid Sidik,249999900,Bmw 320I N20 At 2014,Sold Internal Sales,2025-10-07,Central Used Car,0.27599971039988414,https://drive.google.com/drive/folders/1aRPiJML7zaKb4CX4FNl2wo76PpKJDOYr?usp=drive_link,,,,,Sold Internal Sales,Jakarta Raya,250000000,180000000,-0.28,2025-06-17,2025-09-30,0,,,,,,,,,,181000000,2025-10-07,,Sold,Cash,,,,,,,,,,,132,,Closed,181000000,GCD-17386,Erbama Auto (Zulfikar Mada Suksena),222,2025-02-28,Jabodetabek,2025-10-07
SFA11652,BG1627UA,2025-07-29,Denny Rahmadani,90000000,Nissan Grand Livina 1.5 A/Tsv 2015,Sold JBA,2025-10-07,,0.28888888888888886,https://drive.google.com/open?id=1mM4X9m2OGfZ58M5u1ENfkhPk_I70gieL&usp=drive_copy,,,,,Sold JBA,Palembang,90000000,64000000,-0.28888888888888886,2025-08-05,2025-10-07,64000000,2025-10-07,Sold,,,,,,,,,,,,,,,,,,,,,,,70,,Closed,64000000,GCD-25095,Garasi Bozz (Doni Wahyudi),182,2025-04-17,Palembang,2025-10-07
SFA11942,W1340ZV,2025-07-31,Rudy Hartono,130000000,Toyota Grand New Avanza 1.3G Mt 2017,Sold JBA,2025-10-07,,0.3076923076923077,https://drive.google.com/open?id=1rxaNDVKilsTa3YrCyqEZcrg1zHNVkSrv&usp=drive_copy,Plan to Redeem,2025-08-23,,,Sold JBA,Sidoarjo,130000000,90000000,-0.3076923076923077,2025-08-26,2025-10-07,90000000,2025-10-07,Sold,,,,,,,,,,,,,,,,,,,,,,,68,,Closed,90000000,GCD-20956,Eka Jaya Motor (Eko Prasetyo),169,2025-04-30,Surabaya,2025-10-07
SFA08830,L1924KK,2025-07-31,PT Cakra Baymax,90000000,Daihatsu Ayla 1.2 R 2020,Sold JBA,2025-10-07,,0.1444444444444445,https://drive.google.com/open?id=1oiFttBAoOuBfd1pGC390UnMcZ6AqBUDk&usp=drive_copy,,,,,Sold JBA,Sidoarjo,95000000,77000000,-0.18947368421052632,2025-08-19,2025-10-07,77000000,2025-10-07,Sold,,,,,,,,,,,,,,,,,,,,,,,68,,Closed,77000000,GCD-11368,Family Garage (Asmara Dhimas Kharisma),266,2025-01-23,Surabaya,2025-10-07
SFA12122,S1670OG,2025-08-12,Rudy Hartono,112000000,Daihatsu Sigra 1.2 R 2020,Sold JBA,2025-10-07,,0.2857142857142857,https://drive.google.com/open?id=181HNzcXMQxPUzEhf1ZGfFwL3mmfJkv5v&usp=drive_copy,,,,,Sold JBA,Sidoarjo,112000000,79000000,-0.29464285714285715,2025-08-19,2025-10-07,80000000,2025-10-07,Sold,,,,,,,,,,,,,,,,,,,,,,,56,,Closed,80000000,GCD-1682,RF Mobil (Rakhmad Rudhi Triyanto),163,2025-05-06,Surabaya,2025-10-07
SFA12567,A1240BF,2025-08-31,Yanto Sumardi,168999900,Toyota New Yaris 1.5S.L/Attrd 2018,Sold JBA,2025-10-07,,0.17159714295688933,https://drive.google.com/open?id=1-1LDj16k4nXenjHrZUtng_9pMNJ9dszf&usp=drive_copy,Plan to Redeem,2025-09-15,,,Sold JBA,Jakarta Raya,167000000,140000000,-0.16167664670658682,2025-09-16,2025-10-07,140000000,2025-10-07,Sold,,,,,,,,,,,,,,,,,,,,,,,37,,Closed,140000000,GCD-20855,Belva Mobilindo (Fikri Subangkit),141,2025-05-28,Jabodetabek,2025-10-07
SFA13081,B2441BYW,2025-09-16,Muhammad Rajif Assalabi,74999900,Daihatsu Ayla 1.2 R 2018,Sold JBA,2025-10-07,,0.0399987199982933,https://drive.google.com/drive/folders/1Nv8UziV3pHV_TNskCUZL9OFS1wPOdBJ0?usp=drive_link,Plan to Redeem,2025-09-24,,,Sold JBA,Jakarta Raya,75000000,70000000,-0.06666666666666667,2025-09-30,2025-10-07,72000000,2025-10-07,Sold,,,,,,,,,,,,,,,,,,,,,,,21,,Closed,72000000,GCD-25208,Syafa Mobilindo (Imron),125,2025-06-13,Jabodetabek,2025-10-07
SFA13173,A1129BG,2025-09-22,Yanto Sumardi,93500000,Toyota Agya 1.2 G 2018,Sold JBA,2025-10-07,,0.05882352941176472,https://drive.google.com/drive/folders/1zgvt3_YL8JDHg_yq93Q6cFYjOFGViLm1?usp=drive_link,,,,,Sold JBA,Jakarta Raya,95000000,88000000,-0.07368421052631578,2025-09-30,2025-10-07,88000000,2025-10-07,Sold,,,,,,,,,,,,,,,,,,,,,,,15,,Closed,88000000,GCD-20940,NRT Garage (Nero gusti muriatama),121,2025-06-17,Jabodetabek,2025-10-07
SFA11999,BG1392IB,2025-09-30,Than Abdillah,66999900,Daihatsu Sirion All New 1.3Mt 2013,Sold JBA,2025-10-07,,0.059700089104610554,https://drive.google.com/drive/folders/19Nu88nLdAnsKRrWe6udK1D73BQfAHsC4?usp=drive_link,,,,,Sold JBA,Palembang,63000000,63000000,0,2025-10-07,2025-10-07,63000000,2025-10-07,Sold,,,,,,,,,,,,,,,,,,,,,,,7,,Closed,63000000,GCD-20876,Ry Auto (Frans Maulana),167,2025-05-02,Palembang,2025-10-07
SFA12951,B2753UBU,2025-07-17,Rasyid Sidik,277999900,Mercedes Ml 250 Cdi At 2014,Sold Internal Sales,2026-01-19,Garasi Banana,0.20143856166854734,https://drive.google.com/drive/folders/148axumSJCPjYeFfVe1zjeUUNnJMFNGIt?usp=drive_link,,,,,Sold Internal Sales,Jakarta Raya,278000000,220000000,-0.20863309352517986,2025-07-29,2025-10-21,0,,,,,,,,,,222000000,2026-01-19,,Sold,Cash,,,,,,,,,,,186,,Closed,222000000,GCD-20953,MMB Autocars (Sofi Nur Zaman),223,2025-06-11,Jabodetabek,2026-01-19
SFA11522,F1240AAD,2025-07-17,Oky Nur Pratama,189999900,Toyota New Yaris 1.5S.L/Attrd 2020,Sold Internal Sales,2025-11-06,Garasi Banana,0.20526273961196817,https://drive.google.com/drive/folders/1xAJOpIkjq2MJfAH0072k4kXh_xvcvbMS?usp=drive_link, ,,,,Sold Internal Sales,Tipar,190000000,152000000,-0.2,2025-08-07,2025-10-09,0,,,,,,,,,,151000000,2025-11-06,,Sold,Cash,,,,,,,,,,,112,,Closed,151000000,GCD-2834,Fatan's Auto (Tanrry Hardi Lismana),206,2025-04-15,Jabodetabek,2025-11-06
SFA12082,A1277KN,2025-07-11,Irfan Effendi,56999900,Suzuki Apv X Dlx Mt Apv X Dlx Mt 2005,Sold JBA,2025-10-09,,0.2631566020291264,https://drive.google.com/open?id=1tPuykgomychSyRs_AJkHMwAX2cRboTJQ&usp=drive_copy,,,,,Sold JBA,Tipar,57000000,35000000,-0.38596491228070173,2025-07-24,2025-10-09,42000000,2025-10-09,Sold,,,,,,,,,,,,,,,,,,,,,,,90,,Closed,42000000,GCD-19791,Rafli Motor (Dedi Ruspendi),166,2025-05-05,Jabodetabek,2025-10-09
SFA12018,B2529SKD,2025-07-22,Irfan Effendi,49999900,Datsun Datsun Go+ Type T 2015,Sold JBA,2025-10-09,,0.25999851999704005,https://drive.google.com/open?id=1rAgPEnFvlIQr2J7kh_0h8TgMcV0iMNlK&usp=drive_copy,,,,,Sold JBA,Tipar,50000000,37000000,-0.26,2025-08-07,2025-10-09,37000000,2025-10-09,Sold,,,,,,,,,,,,,,,,,,,,,,,79,,Closed,37000000,GCD-19791,Rafli Motor (Dedi Ruspendi),169,2025-05-02,Jabodetabek,2025-10-09
SFA12258,DB1574BI,2025-08-11,Rahadian Kusuma,140999900,Nissan New Xtrail 2.5 Cvt 2015,Sold JBA,2025-10-09,,0.2872335370450617,https://drive.google.com/open?id=1G-Wxk9TRFwnt3e4r1tgiyfl06V9_nbsw&usp=drive_copy,,,,,Sold JBA,Semarang,141000000,95000000,-0.3262411347517731,2025-08-21,2025-10-09,100500000,2025-10-09,Sold,,,,,,,,,,,,,,,,,,,,,,,59,,Closed,100500000,GCD-4306,Didik Mobil (Didik priyanto),158,2025-05-13,Semarang,2025-10-09
SFA13686,AD1235KN,2025-08-11,Rahadian Kusuma,107000000,Honda Brio Satya E M/T 2018,Sold JBA,2025-10-09,,0.14953271028037385,https://drive.google.com/open?id=1hkk1943Sp49F9icA18OaMkOFaIG2gvlS&usp=drive_copy,Plan to Redeem,2025-08-28,,,Sold JBA,Semarang,107000000,87000000,-0.18691588785046728,2025-09-04,2025-10-09,91000000,2025-10-09,Sold,,,,,,,,,,,,,,,,,,,,,,,59,,Closed,91000000,GCD-21069,Rezqiano Mobil (Fahmi Febi Akbar),102,2025-07-08,Semarang,2025-10-09
SFA12511,E1707BH,2025-08-21,Rahadian Kusuma,74999900,Nissan Grand Livina Xv 1.5 A/T 2012,Sold JBA,2025-10-09,,0.27333236444315256,https://drive.google.com/drive/folders/1BeU-J4jmH2-bKGH9JRARKHv4IzILsDgf?usp=drive_link,Plan to Redeem,2025-09-12,,,Sold JBA,Semarang,75000000,53000000,-0.29333333333333333,2025-09-18,2025-10-09,54500000,2025-10-09,Sold,,,,,,,,,,,,,,,,,,,,,,,49,,Closed,54500000,GCD-21069,Rezqiano Mobil (Fahmi Febi Akbar),148,2025-05-23,Semarang,2025-10-09
SFA12811,B1723ZKD,2025-09-10,Yanto Sumardi,88499900,Daihatsu Sigra 1.2 R At Dlx 2017,Sold Internal Sales,2025-10-09,Central Used Car,0.1977392064849791,https://drive.google.com/drive/folders/1WOv57D8AC4Yx_CJd-goZCHQDmVVjXRzL?usp=drive_link,Plan to Redeem,2025-09-19,,,Sold Internal Sales,Jakarta Raya,90000000,85000000,-0.05555555555555555,2025-09-23,2025-09-30,0,,,,,,,,,,71000000,2025-10-09,,Sold,Cash,,,,,,,,,,,29,,Closed,71000000,GCD-7841,Heldi auto car (Heldi fadillah),129,2025-06-03,Jabodetabek,2025-10-09
SFA11327,BG1041HQ,2025-07-26,Denny Rahmadani,74999900,Honda Crv 2.4 Cvt 2007,Sold JBA,2025-10-14,,0.28666571555428744,https://drive.google.com/open?id=1oV0RRGhi26CKt6tk2GvRLCIFuccV6uxW&usp=drive_copy,,,,,Sold JBA,Palembang,75000000,47000000,-0.37333333333333335,2025-08-05,2025-10-14,53500000,2025-10-14,Sold,,,,,,,,,,,,,,,,,,,,,,,80,,Closed,53500000,GCD-21019,Batik Mobilindo (Zulkifli),196,2025-04-10,Palembang,2025-10-14
SFA11892,L1415ABO,2025-07-30,Dipa Kusuma Prasetyo,190000000,Toyota Vellfire Z 2.4 At 2012,Sold JBA,2025-10-14,,0.23684210526315785,https://drive.google.com/open?id=1nY0SuiiSHn5NUtUcbSiUqDmJaJKbom-Q&usp=drive_copy,Plan to Redeem,2025-09-20,,,Sold JBA,Jakarta Raya,190000000,145000000,-0.23684210526315788,2025-09-23,2025-10-14,145000000,2025-10-14,Sold,,,,,,,,,,,,,,,,,,,,,,,76,,Closed,145000000,GCD-14809,3 Brothers (Ongky Wijaya Ali),178,2025-04-28,Jabodetabek,2025-10-14
SFA12867,BG1610CR,2025-09-09,Denny Rahmadani,140000000,Toyota Agya 1.2 G At Trd 2022,Sold JBA,2025-10-14,,0.09285714285714286,https://drive.google.com/drive/folders/1DxcCjU_L-ZlZwxjXFki2PCfOK34Yb-IA?usp=drive_link,Plan to Redeem,2025-09-30,,,Sold JBA,Palembang,135000000,127000000,-0.05925925925925926,2025-10-07,2025-10-14,127000000,2025-10-14,Sold,,,,,,,,,,,,,,,,,,,,,,,35,,Closed,127000000,GCD-20957,Agus Buana Mobilindo (Li'I Gusmita),136,2025-06-09,Palembang,2025-10-14
SFA10623,B1282SEE,2025-06-11,Dominggus E. Tefa,140000000,Mercedes Benz C200 Cgi At Sedan 2012,Sold JBA,2025-10-16,,0.4285714285714286,https://drive.google.com/drive/folders/1F1OOAgVQhs1sfHlWOBevxZtROofVXx7W?usp=drive_link,,,,,Sold JBA,Bandung,140000000,75000000,-0.4642857142857143,2025-06-26,2025-10-16,80000000,2025-10-16,Sold,,,,,,,,,,,,,,,,,,,,,,,127,,Closed,80000000,GCD-10786,Radar Motor (Asep Mulyana),227,2025-03-12,Bandung,2025-10-16
SFA11840,B2023UBG,2025-07-29,Denny Rahmadani,83000000,Honda Accord Vti L Mt 2007,Sold JBA,2026-03-31,JBA,0.6506024096385542,https://drive.google.com/open?id=17lkkJEdSASfAC_1dP3wKWcb3eq76JOzx&usp=drive_copy,,,,,Sold JBA,Palembang,83000000,23000000,-0.7228915662650602,2025-08-05,2026-03-31,29000000,2026-03-31,Sold,,,,,,,,,,,,,,,,,,,,,,,245,,Closed,29000000,GCD-20876,Ry Auto (Frans Maulana),351,2025-04-24,Palembang,2026-03-31
SFA11237,B1641EOF,2025-06-17,Oky Nur Pratama,154999900,Nissan Serena Highway2.0A/T 2015,Sold JBA,2025-10-16,,0.33548344224738214,https://drive.google.com/open?id=1_vWi_cuP0UjYU6mQ4I4IyZFkvFxCSSu2&usp=drive_copy,,,,,Sold JBA,Tipar,155000000,100000000,-0.3548387096774194,2025-07-10,2025-10-16,103000000,2025-10-16,Sold,,,,,,,,,,,,,,,,,,,,,,,121,,Closed,103000000,GCD-20693,Kandang Mobil 69 (Dimas Handitia),200,2025-04-08,Jabodetabek,2025-10-16
SFA11604,H1264SX,2025-06-19,Rahadian Kusuma,165000000,Honda Crv Re1 2Wd 2.0Atckd 2014,Sold JBA,2025-10-16,,0.36363636363636365,https://drive.google.com/open?id=1slYpvNDBGEAAYElU8nz-Mdp50zuK8kZ9&usp=drive_copy,,,,,Sold JBA,Semarang,165000000,105000000,-0.36363636363636365,2025-07-17,2025-10-16,105000000,2025-10-16,Sold,,,,,,,,,,,,,,,,,,,,,,,119,,Closed,105000000,GCD-1572,Allen Jaya Motor (Diding Eka Putra),192,2025-04-16,Semarang,2025-10-16
SFA11631,AA1371LA,2025-06-23,Rahadian Kusuma,128000000,Kia Sorento 2.4 At 2013,Sold JBA,2025-10-16,,0.359375,https://drive.google.com/drive/folders/1G9IEhwsFmNSUKkvfxRsvRwXkehRXT0_p?usp=drive_link,,,,,Sold JBA,Semarang,128000000,82000000,-0.359375,2025-07-03,2025-10-16,82000000,2025-10-16,Sold,,,,,,,,,,,,,,,,,,,,,,,115,,Closed,82000000,GCD-6917,Ulin Autocars (Abdul Aziz ulinnuha),191,2025-04-17,Semarang,2025-10-16
SFA11159,B2794PFQ,2025-07-30,PT Bhinneka,300000000,Bmw X1 Sdrive 1.8 At 2018,Sold JBA,2025-12-16,JBA Modalku,0.2666666666666667,https://drive.google.com/open?id=16FjjjsG2tOVU4IjYVk-0HdN2CZH4Ci6g&usp=drive_copy,,,,,Sold JBA,Jakarta Raya,307000000,210000000,-0.31596091205211724,2025-08-12,2025-12-16,220000000,2025-12-16,Sold,,,,,,,,,,,,,,,,,,,,,,,139,MK,Closed,220000000,GCD-11507,Satria Mobilindo Jaya (Judi Prabowo),264,2025-03-28,Jabodetabek,2025-12-16
SFA12933,F1218QL,2025-08-09,Irfan Effendi,67999900,Daihatsu Xenia Vvt-I Xi 2010,Sold JBA,2025-10-16,,0.2647048010364721,https://drive.google.com/open?id=11OpXX9BSgy8x0amifVGU84Ft0-YT8kCO&usp=drive_copy,,,,,Sold JBA,Tipar,70000000,50000000,-0.2857142857142857,2025-08-21,2025-10-16,50000000,2025-10-16,Sold,,,,,,,,,,,,,,,,,,,,,,,68,,Closed,50000000,GCD-19791,Rafli Motor (Dedi Ruspendi),136,2025-06-11,Jabodetabek,2025-10-16
SFA11831,BK1147PJ,2025-07-31,Kiki Pramudya Budi Sumantri,62499900,Kia All New Picanto At 2012,Sold JBA,2025-12-02,JBA,0.45599912959860733,https://drive.google.com/open?id=1vk8sdlcbbwjmDQcjDX4YGPTS0_gJaUGz&usp=drive_copy,,,,,Sold JBA,Medan,63000000,34000000,-0.4603174603174603,2025-08-26,2025-12-02,34000000,2025-12-02,Sold,,,,,,,,,,,,,,,,,,,,,,,124,,Closed,34000000,GCD-10070,Axel Mobil (Denny Franklin Sahuwat),233,2025-04-22,Medan,2025-12-02
SFA13016,L1728ST,2025-08-15,Rahadian Kusuma,184999900,Honda New Crv 2.4 At 2014,Sold JBA,2025-10-16,,0.3162158466031604,https://drive.google.com/open?id=13jzGBm-4p7iOJ0pQyKotOX1vkJOJyjuj&usp=drive_copy,Plan to Redeem,2025-08-28,,,Sold JBA,Semarang,185000000,117000000,-0.3675675675675676,2025-09-04,2025-10-16,126500000,2025-10-16,Sold,,,,,,,,,,,,,,,,,,,,,,,62,,Closed,126500000,GCD-21069,Rezqiano Mobil (Fahmi Febi Akbar),135,2025-06-12,Semarang,2025-10-16
SFA13774,H1745FR,2025-09-10,Rahadian Kusuma,112999900,Toyota New Avanza G 1.3 Mt 2015,Sold JBA,2025-10-16,,0.10619389928663658,https://drive.google.com/drive/folders/1uuPkGAFB86gy1z6iv0JQsXNRokYrMRmv?usp=drive_link,Plan to Redeem,2025-10-03,,,Sold JBA,Semarang,108000000,99000000,-0.08333333333333333,2025-10-09,2025-10-16,101000000,2025-10-16,Sold,,,,,,,,,,,,,,,,,,,,,,,36,,Closed,101000000,GCD-25269,Muria Mobil (Tofik Fatkhurohman),108,2025-07-09,Semarang,2025-10-16
SFA10347,L1872L,2025-06-11,Rudy Hartono,135000000,Honda Mobilio E M/T 2019,Sold Internal Sales,2025-10-17,,0.11111111111111116,https://drive.google.com/drive/folders/11w-2TJUUrpdXoiIdPC2y6eS93Wmwhm9h?usp=drive_link,,,,,Sold Internal Sales,Sidoarjo,135000000,130000000,-0.037037037037037035,2025-08-05,2025-08-12,0,,,163200000,2025-08-13,,,,,,120000000,2025-10-17,,Sold,Cash,,,,,,,,,,,128,,Closed,120000000,GCD-20825,Rejeki Jaya Mulya (Moch Rodi),226,2025-03-06,Surabaya,2025-10-17
SFA11762,B1591BRU,2025-07-21,Wahyu Prasetyadi Wicaksono,60999900,Suzuki Apv Gl Arena 1.5 M/T 2013,Sold Internal Sales,2025-10-17,,0.24590040311541494,https://drive.google.com/drive/folders/1qeS3x5YM0WJuSeBTVHIdn1tJwQPIfy8x?usp=drive_link,,,,,Sold Internal Sales,Tipar,70000000,70000000,0,2025-08-07,2025-08-07,0,,,70890000,2025-08-13,,,,,,46000000,2025-10-17,,Sold,Cash,,,,,,,,,,,88,,Closed,46000000,GCD-20916,Beryl Oto Mandiri (Ahmad maulana nur hidayat),178,2025-04-24,Jabodetabek,2025-10-17
SFA11248,B1751PIU,2025-07-18,Muhammad Wahyu Prasetyo,133000000,Toyota Grand New Avanza 1.3G Mt 2017,Sold Internal Sales,2025-10-18,,0.2857142857142857,https://drive.google.com/drive/folders/158tKfPGDpLJeY43PNhM3tiMXQfJro552?usp=drive_link,,,,,Sold Internal Sales,Tipar,133000000,130000000,-0.022556390977443608,2025-07-31,2025-08-07,0,,,142800000,2025-08-13,,,,,,95000000,2025-10-18,,Sold,IF Limit,,,,,,,,,,,92,,Closed,95000000,GCD-2590,Bintang Pangukir Motor (Sugiono),194,2025-04-08,Jabodetabek,2025-10-18
SFA12824,AD1454MO,2025-08-06,Adzim Muttaqin,112000000,"Toyota New Camry V 2,5 A/T 2011",Sold Internal Sales,2025-10-20,JBA,0.3571428571428571,https://drive.google.com/open?id=1J6Cqyf92_Mzfo48HAn-5sk5EwTp9xWSC&usp=drive_copy,,,,,Sold Internal Sales,Jakarta Raya,,88000000,,2025-08-26,2026-04-21,0,,,,,,,,,,72000000,2025-10-20,,Sold,Cash,,,,,,,,,,,75,,Closed,72000000,GCD-20599,Garasi Temen (Adrianto Pranowo),141,2025-06-02,Surabaya,2025-10-20
SFA11673,B2505PFJ,2025-06-09,Irfan Effendi,114999900,Wuling Cortez 1.8 L Lux+Amt 2018,Sold JBA,2025-10-09,JBA,0.5478256937614728,https://drive.google.com/open?id=1bL6ioVNj5Ew1AKS71kE4dNMbGkgwKiwK&usp=drive_copy,,,,,Sold JBA,Tipar,115000000,52000000,-0.5478260869565217,2025-06-26,2025-10-09,52000000,2025-10-09,Sold,,,,,,,,,,,,,,,,,,,,,,,122,,Closed,52000000,GCD-21093,Fadila GT Motor (Priyo Andik Wibowo ),184,2025-04-17,Jabodetabek,2025-10-09
SFA12727,B1534UIN,2025-08-30,Dipa Kusuma Prasetyo,119999900,Honda Mobilio E A/T 2016,Sold JBA,2025-10-21,JBA,0.19999933333277775,https://drive.google.com/drive/folders/17tUu4BF4xbgNGOExflmAWL0HxKu6kUYK?usp=drive_link,,,,,Sold JBA,Jakarta Raya,120000000,90000000,-0.25,2025-09-23,2025-10-21,96000000,2025-10-21,Sold,,,,,,,,,,,,,,,,,,,,,,,52,,Closed,96000000,GCD-17599,Fahri Jaya Motor (HADI AFANDI),155,2025-05-28,Jabodetabek,2025-10-21
SFA13107,B1694KRP,2025-09-12,Yanto Sumardi,84000000,Honda Brio Satya E M/T 2015,Sold JBA,2025-10-21,JBA,0.09523809523809523,https://drive.google.com/drive/folders/1B3Qa4meKE2SyJWrwpdyfAtSlZn4LAEX4?usp=drive_link,Plan to Redeem,2025-09-26,,,Sold JBA,Jakarta Raya,84000000,76000000,-0.09523809523809523,2025-09-30,2025-10-21,76000000,2025-10-21,Sold,,,,,,,,,,,,,,,,,,,,,,,39,,Closed,76000000,GCD-21065,Laksana Garage (Trya Setyawati),136,2025-06-16,Jabodetabek,2025-10-21
SFA08834,B1358BZH,2025-09-12,PT Bhinneka,98000000,Honda Freed S A/T 2012,Sold Internal Sales,2025-10-21,JBA,0.15306122448979587,https://drive.google.com/drive/folders/1t8RabI7_AHZ9miCv888sSQmPfevnQl8r?usp=drive_link,,,,,Sold Internal Sales,Jakarta Raya,108000000,90000000,-0.16666666666666666,2025-09-23,2025-10-14,0,,,,,,,,,,83000000,2025-10-21,,Sold,IF Limit,,,,,,,,,,,39,,Closed,83000000,GCD-20817,Adiba Mobilindo (Reza Afgani),272,2025-01-23,Jabodetabek,2025-10-21
SFA13125,B1392UZL,2025-09-13,Muhammad Rajif Assalabi,105000000,Mazda Mazda Biante 2012,Sold JBA,2025-10-21,JBA,0.19999999999999996,https://drive.google.com/drive/folders/1zQPCD8FLRY8xkV6B15kphYoNLLbcHI8D?usp=drive_link,Plan to Redeem,2025-09-24,,,Sold JBA,Jakarta Raya,105000000,84000000,-0.2,2025-09-30,2025-10-21,84000000,2025-10-21,Sold,,,,,,,,,,,,,,,,,,,,,,,38,,Closed,84000000,GCD-20648,Kha-R Mobilindo (Selvi Evrianih),136,2025-06-16,Jabodetabek,2025-10-21
SFA13186,B2993UBD,2025-09-18,Muhammad Rajif Assalabi,94999900,Suzuki Ertiga Gl A/T 2014,Sold Internal Sales,2025-10-21,JBA,0.12631486980512607,https://drive.google.com/drive/folders/1kzCg6JjsBaCj7XHG9vIttV4sAAo0CKa5?usp=drive_link,Plan to Redeem,2025-09-26,,,Sold Internal Sales,Jakarta Raya,95000000,85000000,-0.10526315789473684,2025-09-30,2025-10-14,0,,,,,,,,,,83000000,2025-10-21,,Sold,IF Limit,,,,,,,,,,,33,,Closed,83000000,GCD-25208,Syafa Mobilindo (Imron),126,2025-06-18,Jabodetabek,2025-10-21
SFA12773,B1112TRF,2025-09-19,Dipa Kusuma Prasetyo,90000000,Honda Brio Ckd 1.2 S At 2013,Sold JBA,2025-10-21,JBA,0.16666666666666663,https://drive.google.com/open?id=10Uh1qW94wswfJ5_FWuyL6wcSzJ3KgIw0&usp=drive_copy,Plan to Redeem,2025-09-30,,,Sold JBA,Jakarta Raya,85000000,75000000,-0.11764705882352941,2025-10-07,2025-10-21,75000000,2025-10-21,Sold,,,,,,,,,,,,,,,,,,,,,,,32,,Closed,75000000,GCD-21036,KK Mobil - Lili (Lili Khairul Fahmi),150,2025-06-02,Jabodetabek,2025-10-21
SFA13534,B1694URI,2025-10-03,Yanto Sumardi,60000000,Mitsubishi Mirage Gls At 2013,Sold Internal Sales,2025-10-22,JBA,0.19999999999999996,https://drive.google.com/drive/folders/1zetwvihWY-KzCpRAKgVcbNXq9BIWGe2q?usp=drive_link,,,,,Sold Internal Sales,Jakarta Raya,60000000,55000000,-0.08333333333333333,2025-10-14,2025-10-21,0,,,,,,,,,,48000000,2025-10-22,,Sold,IF Limit,,,,,,,,,,,19,,Closed,48000000,GCD-20955,Ratu Mobilindo (Halimatu sadiah),115,2025-06-30,Jabodetabek,2025-10-22
SFA12278,B306SIS,2025-08-18,Rasyid Sidik,170000000,Bmw 528I Luxury Cbu 2011,Sold JBA,2025-11-04,JBA,0.27647058823529413,https://drive.google.com/open?id=1v1cvmZ0ub5An90SFvz4JoKJQbgB4ucyf&usp=drive_copy,Plan to Redeem,2025-08-29,,,Sold JBA,Jakarta Raya,172000000,115000000,-0.3313953488372093,2025-08-26,2025-11-04,123000000,2025-11-04,Sold,,,,,,,,,,,,,,,,,,,,,,,78,,Closed,123000000,GCD-19343,Iev Auto Sales (Prayudi Adi Wibowo),183,2025-05-14,Jabodetabek,2025-11-04
SFA09160,B2942KKF,2025-04-14,Oky Nur Pratama,172999900,Mazda Biante 2.0 At 2017,Sold Marketplace,2025-10-23,Bursa,0.2687857045004072,https://drive.google.com/drive/folders/1HDrQq6zX-jElvmB88y34ujNuViYalcqK?usp=drive_link,,,,,Sold Marketplace,Jakarta Raya,173000000,121000000,-0.30057803468208094,2025-05-06,2025-08-12,0,,,194106000,2025-08-14,126500000,2025-10-23,-0.3482942309871926,Sold,,,,,,,,,,,,,,,,,192,,Closed,126500000,GCD-3208,Andhika Motor  (Andri Chrisyadi),263,2025-02-04,Jabodetabek,2025-10-23
SFA11585,L1276AAW,2025-07-22,Rudy Hartono,170000000,Suzuki Xl7 Alpha 2021,Sold Marketplace,2025-10-25,Bursa,0.24117647058823533,https://drive.google.com/drive/folders/1t0RarAhVYJjBk1pHKPoYQgEyHvmkqUYO?usp=drive_link,,,,,Sold Marketplace,Sidoarjo,170000000,165000000,-0.029411764705882353,2025-08-05,2025-08-12,0,,,165750000,2025-08-13,129000000,2025-10-25,-0.22171945701357465,Sold,,,,,,,,,,,,,,,,,95,,Closed,129000000,GCD-1682,RF Mobil (Rakhmad Rudhi Triyanto),196,2025-04-15,Surabaya,2025-10-25
SFA12352,AD1834LH,2025-08-22,Dipa Kusuma Prasetyo,109000000,Volkswagen Minibus Golf 1.4 At 2012,Sold Internal Sales,2026-02-24,Garasi Banana,0.35779816513761464,https://drive.google.com/drive/folders/18oQ7mOl8H28ZUhbf1h5hc0CucZ-Mh7eJ?usp=drive_link,,,,,Sold Internal Sales,Jakarta Raya,109000000,85000000,-0.22018348623853212,2025-09-23,2025-10-21,0,,,,,,,,,,70000000,2026-02-24,,Sold,Cash,,,,,,,,,,,186,,Closed,70000000,GCD-14809,3 Brothers (Ongky Wijaya Ali),285,2025-05-16,Jabodetabek,2026-02-24
SFA12247,BH1416YH,2025-08-23,Denny Rahmadani,95000000,Wuling Confero 1.5 Db 2022,Sold JBA,2025-11-04,JBA,0.2578947368421053,https://drive.google.com/open?id=1SWfdwPGp_4HQ7HakrLUBjv5EzLpOz-ss&usp=drive_copy,,,,,Sold JBA,Palembang,95000000,65000000,-0.3157894736842105,2025-09-02,2025-11-04,70500000,2025-11-04,Sold,,,,,,,,,,,,,,,,,,,,,,,73,,Closed,70500000,GCD-20961,Junior Auto (M Hengki Al Khabir),188,2025-05-09,Palembang,2025-11-04
SFA14259,BM1929LH,2025-09-09,Arya Bonansa Simanjuntak,125000000,Suzuki Ertiga Dreza At 2016,Sold Internal Sales,2025-10-29,JBA,0,https://drive.google.com/drive/folders/1PLEnqMhhOrg9f8J84s7q3DRt5yLPsTEq?usp=sharing,Plan to Redeem,2025-09-30,,,Sold Internal Sales,SFA06922,125000000,125000000,0,2025-10-23,2025-10-23,0,,,,,,,,,,125000000,2025-10-29,,Sold,Cash,,,,,,,,,,,50,,Closed,125000000,GCD-16238,Gunawan Mobilindo (Ade Aries Gunawan),98,2025-07-24,Pekanbaru,2025-10-29
SFA12862,B1424NKM,2025-09-09,Bambang Nugroho,93999900,Daihatsu Terios 1.5 Tx At Dlx 2012,Sold JBA,2025-10-30,JBA,0.23404173834227482,https://drive.google.com/drive/folders/1PkrS8NL89Mco94noPlmCrNeGTyGlZL9T?usp=drive_link,Plan to Redeem,2025-09-26,,,Sold JBA,Semarang,94000000,72000000,-0.23404255319148937,2025-10-02,2025-10-30,72000000,2025-10-30,Sold,,,,,,,,,,,,,,,,,,,,,,,51,,Closed,72000000,GCD-21141,Raja Mobilindo (Tri asih),152,2025-06-09,Yogyakarta,2025-10-30
SFA13389,BG1637BD,2025-09-25,Helmy Adam,70000000,Nissan Evalia 1.5 Xv At 2014,Sold JBA,2025-10-30,JBA,0.2571428571428571,https://drive.google.com/drive/folders/1ObKvUO-syZUspcfWMiHj5YJUMe--cYhA?usp=drive_link,,,,,Sold JBA,Semarang,65000000,52000000,-0.2,2025-10-09,2025-10-30,52000000,2025-10-30,Sold,,,,,,,,,,,,,,,,,,,,,,,35,,Closed,52000000,GCD-25134,3-RF Abadi Cars (Didik Sugiarto),138,2025-06-23,Semarang,2025-10-30
SFA12502,BP1247OF,2025-08-26,Rahmat Hadi Subekti,95000000,Mazda Mazda Cx9 2011,Sold JBA,2026-03-26,JBA,0.6210526315789473,https://drive.google.com/open?id=1fLWdhpRSrlGucL1KLjBT5YZ0vp-XwUT6&usp=drive_copy,,,,,Sold JBA,Pekanbaru,100000000,35000000,-0.65,2025-09-04,2026-03-26,36000000,2026-03-26,Sold,,,,,,,,,,,,,,,,,,,,,,,212,,Closed,36000000,GCD-20932,Ganda Perkasa Automotive (Aa Nurdin k),321,2025-05-21,Batam,2026-03-26
SFA14299,H1164VA,2025-10-01,Helmy Adam,74999900,Daihatsu Xenia Vvt-I Xi 2010,Sold JBA,2025-10-30,JBA,0.1999989333319111,https://drive.google.com/drive/folders/1XzKxQpg3HT3Dv72KPtdiOTznBmCtgYW0?usp=drive_link,,,,,Sold JBA,Semarang,70000000,60000000,-0.14285714285714285,2025-10-09,2025-10-30,60000000,2025-10-30,Sold,,,,,,,,,,,,,,,,,,,,,,,29,,Closed,60000000,GCD-20551,Bless Mobilindo (France Agus Tjahjono Giarto),106,2025-07-25,Semarang,2025-10-30
SFA01704,B1323PEQ,2024-08-04,DIPA,250000000,BMW  Bmw Bmw 550i grand Turismo,Redeemed,,,,,,,Redeemed,2024-08-14,,,,,,,,0,,,,,,,,,,,,,,,,,,,,,,,,,669,,Closed,0,GCD-20037,My garage (ABD RAHIM AMIHSA RAMADHAN),118,2024-04-19,Jabodetabek,2024-08-14
SFA12618,B999DJK,2025-08-26,Yanto Sumardi,210000000,Mercy Cls 350 Wdd Cbu Cls 350 Wdd 2006,Sold JBA,2026-04-21,JBA,0.7142857142857143,https://drive.google.com/open?id=1ikLWT_yCVmWUk-UyNKAsmGBRFtmVBjsw&usp=drive_copy,Plan to Redeem,2025-09-12,,,Sold JBA,Jakarta Raya,210000000,60000000,-0.7142857142857143,2025-09-16,2026-04-21,60000000,2026-04-21,Sold,,,,,,,,,,,,,,,,,,,,,,,238,,Closed,60000000,GCD-13737,Nur Mobilindo (Fahmi Nurholidin Fajar),339,2025-05-26,Jabodetabek,2026-04-21
SFA03048,B1587BRU,2024-10-10,Oky,55000000,SUZUKI APV GL STD 1.5 M/T,Redeemed,,,,,,,Redeemed,2024-10-25,,,,,,,,0,,,,,,,,,,,,,,,,,,,,,,,,,602,,Closed,0,GCD-15005,Sandy Mobilindo (Sandy Asmoro),105,2024-07-13,Jabodetabek,2024-10-25
SFA03960,B2788BFA,2024-11-25,Dipa,100000000,Toyota New Avanza G 1.3 AT 2015,Redeemed,,,,,,,Redeemed,2024-11-26,,,,,,,,0,,,,,,,,,,,,,,,,,,,,,,,,,556,,Closed,0,GCD-20421,Cemerlang Jaya Motor (Yudith Yudhistira H),98,2024-08-21,Jabodetabek,2024-11-26
SFA04266,D1216XGX,2024-11-29,DOMINGGUS,127000000,Honda CRV 2WD 2.4 AT 2013,Redeemed,,,,,,,Redeemed,2024-12-16,,,,,,,,0,,,,,,,,,,,,,,,,,,,,,,,,,552,,Closed,0,GCD-10226,Jayz Mobilindo (Gustian Zulfikar S.Kom),109,2024-08-30,Bandung,2024-12-16
SFA08512,P1984IR,2025-08-29,PT Cakra Baymax,128999900,Toyota Rush Sptvultmo1.5Sat 2016,Sold JBA,2025-12-30,JBA,0.44186003244963756,https://drive.google.com/open?id=1oSPSjb2tKCt53UG2pDZdAb1_6ohZzU_v&usp=drive_copy,,,,,Sold JBA,Sidoarjo,129000000,72000000,-0.4418604651162791,2025-09-09,2025-12-30,72000000,2025-12-30,Sold,,,,,,,,,,,,,,,,,,,,,,,123,,Closed,72000000,GCD-11368,Family Garage (Asmara Dhimas Kharisma),360,2025-01-14,Surabaya,2025-12-30
SFA04261,B1220CYF,2024-11-30,Dipa,103000000,Toyota Avanza E 1.3 MT 2015,Redeemed,,,,,,,Redeemed,2024-12-02,,,,,,,,0,,,,,,,,,,,,,,,,,,,,,,,,,551,,Closed,0,GCD-20135,Arjuna Kreasi Utama (Andi Maryudi),95,2024-08-30,Jabodetabek,2024-12-02
SFA04866,B1942WZB,2024-12-28,Rasyid Sidik,93000000,Toyota Calya G 1.2 AT 2017,Redeemed,,,,,,,Redeemed,2025-01-04,,,,,,,,0,,,,,,,,,,,,,,,,,,,,,,,,,523,,Closed,0,GCD-20422,Mobil Second Berkualitas (Sigit Sujarwo ),104,2024-09-23,Jabodetabek,2025-01-04
SFA05074,B2665TRC,2024-12-31,Purnomo Ajie Nugroho,111499900,Toyota Calya G 1.2 AT 2020,Redeemed,,,,,,,Redeemed,2025-01-02,,,,,,,,0,,,,,,,,,,,,,,,,,,,,,,,,,520,,Closed,0,GCD-17119,Kartini Motor (Hadi Limanto),97,2024-09-28,Jabodetabek,2025-01-02
SFA12457,B1460SCZ,2025-08-31,Yanto Sumardi,170999900,Mitsubishi Pajero Sport Exc At4X2 2014,Sold Internal Sales,2025-12-30,Central Used Car,0.14619833111013514,https://drive.google.com/open?id=1m12A8vPh16qMJq2rWcKJCTLqEwP4SWwU&usp=drive_copy,Plan to Redeem,2025-09-15,,,Sold Internal Sales,Jakarta Raya,171000000,155000000,-0.0935672514619883,2025-09-16,2025-09-30,0,,,,,,,,,,146000000,2025-12-30,,Sold,Cash,,,,,,,,,,,121,,Closed,146000000,GCD-25178,Lancar Maju Jaya (LMJ) Mobil (H. R Ichwanudin Mostavan),225,2025-05-20,Jabodetabek,2025-12-30
SFA12704,A1588XP,2025-08-31,Yanto Sumardi,105999900,Honda Accord Vti L 2.4 A/T 2010,Sold JBA,2026-01-13,JBA,0.4716976148090706,https://drive.google.com/open?id=1u581aWmfevocQbPN8wulElgrRF-1SFIm&usp=drive_copy,Plan to Redeem,2025-09-19,,,Sold JBA,Jakarta Raya,106000000,56000000,-0.4716981132075472,2025-09-23,2026-01-13,56000000,2026-01-13,Sold,,,,,,,,,,,,,,,,,,,,,,,135,,Closed,56000000,GCD-25071,Viva mobilindo  (Fajar Januar),239,2025-05-30,Jabodetabek,2026-01-13
SFA04905,AD1307LS,2025-01-02,Agus Sumarwan,200000000,Toyota Fortuner G Dsl 2.5 AT 2013,Redeemed,,,,,,,Redeemed,2025-01-25,,,,,,,,0,,,,,,,,,,,,,,,,,,,,,,,,,518,,Closed,0,GCD-20354,Damai Motor (Redemtus Lilik Dwiyanto),124,2024-09-24,Yogyakarta,2025-01-25
SFA13624,B2010UBL,2025-09-03,Rahadian Kusuma,105999900,"Honda Crv Re1 2Wd 2,4 At 2010",Sold JBA,2025-11-13,JBA,0.3443390040934001,https://drive.google.com/drive/folders/1y4x9Ffp_E1vmVjSXDINmKGho7ZS3wHIP?usp=drive_link,,,,,Sold JBA,Semarang,106000000,66000000,-0.37735849056603776,2025-09-18,2025-11-13,69500000,2025-11-13,Sold,,,,,,,,,,,,,,,,,,,,,,,71,,Closed,69500000,GCD-5554,Bjo Mobilindo (MUHAFIDL DIMAS FEBRI ANGGORO),142,2025-07-03,Semarang,2025-11-13
SFA13552,B2180STE,2025-09-04,Muhammad Rajif Assalabi,175000000,Honda Hr-V E 1.8 Jbl 2016,Sold Internal Sales,2025-11-12,Central Used Car,0.1885714285714286,https://drive.google.com/open?id=1bMu9FRwbSDbgzJk83wHxZaXiUyWWZX-z&usp=drive_copy,,,,,Sold Internal Sales,Jakarta Raya,175000000,165000000,-0.05714285714285714,2025-09-16,2025-09-30,0,,,,,,,,,,142000000,2025-11-12,,Sold,Cash,,,,,,,,,,,69,,Closed,142000000,GCD-20832,SS Mobilindo (Sema Dwi lestari),135,2025-07-01,Jabodetabek,2025-11-12
SFA14629,A1858JD,2025-09-06,Rahadian Kusuma,109000000,"Honda Crv Re1 2Wd 2,4 At 2011",Sold JBA,2025-11-06,JBA,0.3302752293577982,https://drive.google.com/drive/folders/1-mkTu0yW3WT1cG7VhRQedMYean9ZzM_A?usp=drive_link,,,,,Sold JBA,Semarang,109000000,71000000,-0.3486238532110092,2025-09-18,2025-11-06,73000000,2025-11-06,Sold,,,,,,,,,,,,,,,,,,,,,,,61,,Closed,73000000,GCD-25124,GM Auto Cars Mobil (Dwiky Gilang Mahendra),103,2025-08-04,Semarang,2025-11-06
SFA12732,H1241AP,2025-09-08,Febby Charisalonica M Somba,140000000,Toyota Mb. Penumpang Alphard 2.4 2Wd A/T 2007,Sold Internal Sales,2026-04-29,Stadium,0.4642857142857143,https://drive.google.com/drive/folders/1mc3D6gMesqd_ki6ceDKop1AmUy133_FA?usp=drive_link,Plan to Redeem,2025-10-31,,,Sold Internal Sales,,,,,,,0,,,,,,,,,,75000000,2026-04-29,,Sold,Cash,,,,,,,,,,,233,,Closed,75000000,GCD-2239,KK Mobil (Andri Agustinus Darmosuwito),337,2025-05-28,Surabaya,2026-04-29
SFA05793,B1047UVD,2025-01-21,Muhammad Rajif Assalabi,77900000,Toyota Passo 2WD 1.0 AT 2006,Redeemed,,,,,,,Redeemed,2025-01-31,,,,,,,,0,,,,,,,,,,,,,,,,,,,,,,,,,499,,Closed,0,GCD-20458,Ram's Garage (Yogie Irawan Yusuf),101,2024-10-23,Jabodetabek,2025-01-31
SFA06140,A8314KG,2025-01-30,Dipa Kusuma Prasetyo,35000000,Daihatsu Granmax Pickup 1.5 MT 2013,Redeemed,,,,,,,Redeemed,2025-02-06,,,,,,,,0,,,,,,,,,,,,,,,,,,,,,,,,,490,,Closed,0,GCD-20135,Arjuna Kreasi Utama (Andi Maryudi),99,2024-10-31,Jabodetabek,2025-02-06
SFA05922,L1694WZ,2025-01-30,Adzim Muttaqin,64000000,Honda Stream 1.7 AT 2005,Redeemed,,,,,,,Redeemed,2025-02-07,,,,,,,,0,,,,,,,,,,,,,,,,,,,,,,,,,490,,Closed,0,GCD-20154,Araya Mobil (SAAD),105,2024-10-26,Surabaya,2025-02-07
SFA06494,H1139GD,2025-03-07,Rahadian Kusuma,73000000,Nissan Xtrail XT 2.5 AT 2009,Redeemed,,,,,,,Redeemed,2025-03-14,,,,,,,,0,,,,,,,,,,,,,,,,,,,,,,,,,454,,Closed,0,GCD-3830,Harmoni Mobil (Didik Listanto ),112,2024-11-23,Semarang,2025-03-14
SFA08160,D1696SHF,2025-03-28,Dominggus E. Tefa,102999900,Honda CRV 2WD 2.4 AT 2010,Redeemed,,,,,,,Redeemed,2025-04-09,,,,,,,,0,,,,,,,,,,,,,,,,,,,,,,,,,433,,Closed,0,GCD-20779,Almer Mobilindo (Hilmi),101,2024-12-30,Bandung,2025-04-09
SFA08454,D8RAY,2025-04-16,Muhammad Rajif Assalabi,170000000,Chrysler Sedan 300 C 6.4 At 2012,Redeemed,,,,,,,Redeemed,2025-06-12,,,,,,,,0,,,,,,,,,,,,,,,,,,,,,,,,,414,,Closed,0,GCD-2055,Exist Auto (Ricko Ryanto Taslim),151,2025-01-13,Jabodetabek,2025-06-12
SFA14385,B1737ZVM,2025-09-10,Helmy Adam,98999900,Nissan Serena Highway2.0A/T 2012,Sold Internal Sales,2026-02-06,JBA,0.3939387817563452,https://drive.google.com/drive/folders/1NEBn8_8r5DCPBH7ZPpE32KCPcVcX1IWs?usp=drive_link\,Plan to Redeem,2025-09-26,,,Sold Internal Sales,Semarang,99000000,59000000,-0.40404040404040403,2025-10-02,2026-02-05,0,,,,,,,,,,60000000,2026-02-06,,Sold,Cash,,,,,,,,,,,149,,Closed,60000000,GCD-20562,YY Mobilindo (L. BRAMASTA FAJAR KURNIAWAN),194,2025-07-28,Semarang,2026-02-06
SFA12538,L1683ACN,2025-09-11,Febby Charisalonica M Somba,294000000,Mini Mb. Penumpang Cooper S At 2012,Sold Internal Sales,2026-05-09,JBA,0.4727891156462585,https://drive.google.com/open?id=19xo0_IvqrcNjDuDCLnUU2vJdZIbMTQdQ&usp=drive_copy,Plan to Redeem,2025-10-31,,,Sold Internal Sales,Sidoarjo,294000000,180000000,-0.3877551020408163,2026-02-24,2026-05-05,0,,,,,,,,,,155000000,2026-05-09,,Sold,Cash,,,,,,,,,,,240,,Closed,155000000,GCD-2239,KK Mobil (Andri Agustinus Darmosuwito),347,2025-05-28,Surabaya,2026-05-09
SFA12887,B1597KOZ,2025-09-12,Yanto Sumardi,88000000,Honda Brio E A/T 2013,Sold Internal Sales,2026-01-29,Inti Mob,0.17613636363636365,https://drive.google.com/drive/folders/17Kb9sgwmbPlf3SD-TZzb932qEiTWmP98?usp=drive_link,Plan to Redeem,2025-09-26,,,Sold Internal Sales,Jakarta Raya,88000000,68000000,-0.22727272727272727,2025-09-30,2025-10-21,0,,,,,,,,,,72500000,2026-01-29,,Sold,Cash,,,,,,,,,,,139,,Closed,72500000,GCD-20828,Cantika Auto (Doni Prasetyo),235,2025-06-09,Jabodetabek,2026-01-29
SFA08692,B36MIR,2025-04-22,Muhammad Wahyu Prasetyo,182000000,Lexus Rx270 2.7 Sunroof 2011,Redeemed,,,,,,,Redeemed,2025-05-13,,,,,,,,0,,,,,,,,,,,,,,,,,,,,,,,,,408,,Closed,0,GCD-20195,Bombom Autocar (Dimas Rizky Catur Putra),114,2025-01-20,Jabodetabek,2025-05-13
SFA08717,T1153GR,2025-04-26,Hendra Posma Waller Sitompul,100500000,Toyota Calya 1.2 G 2019,Redeemed,,,,,,,Redeemed,2025-04-29,,,,,,,,0,,,,,,,,,,,,,,,,,,,,,,,,,404,,Closed,0,GCD-15782,DAF Auto Mobil (Dealfy Rangga Junifhar),99,2025-01-21,Jabodetabek,2025-04-29
SFA13000,B2785FVI,2025-09-12,Helmy Adam,116999900,Honda New Freed Psd A/T 2010,Sold JBA,2025-11-13,JBA,0.21794804952824742,https://drive.google.com/drive/folders/1yrj6--pcRrmWYM7SNtVTmF4P4J0qmVvl?usp=drive_link,Plan to Redeem,2025-10-03,,,Sold JBA,Semarang,100000000,80000000,-0.2,2025-10-09,2025-11-13,91500000,2025-11-13,Sold,,,,,,,,,,,,,,,,,,,,,,,62,,Closed,91500000,GCD-25221,Difan Mobil (Mia Dharmawati),163,2025-06-12,Semarang,2025-11-13
SFA09283,BM1083HF,2025-05-06,Arya Bonansa Simanjuntak,95000000,Daihatsu Sigra 1.0 M 2022,Redeemed,,,,,,,Redeemed,2025-05-14,,,,,,,,0,,,,,,,,,,,,,,,,,,,,,,,,,394,,Closed,0,GCD-10158,Ghizha Mobilindo (Anggi Ardian),99,2025-02-05,Pekanbaru,2025-05-14
SFA13193,B2019BYC,2025-09-13,Rasyid Sidik,100000000,Toyota Agya 1.2 G At Trd 2018,Sold Internal Sales,2025-12-29,Inti Mob,0.15000000000000002,https://drive.google.com/drive/folders/1sEISd5v3RpkHcju4Ll8MvJ21BFCKvPxr?usp=drive_link,Plan to Redeem,2025-09-26,,,Sold Internal Sales,Jakarta Raya,100000000,83000000,-0.17,2025-09-30,2025-10-21,0,,,,,,,,,,85000000,2025-12-29,,Sold,Cash,,,,,,,,,,,107,,Closed,85000000,GCD-2718,Zae Motor (Zaenuri),197,2025-06-16,Jabodetabek,2025-12-29
SFA12530,BK1200AK,2025-09-13,Febby Charisalonica M Somba,511000000,Cadillac Mb.Penumpang Escalade Rhd At 2011,Sold Internal Sales,2026-05-08,Rayyan Mobil,0.5401174168297456,https://drive.google.com/drive/folders/1Hch33i9ttsx7Jd6Kyyc3qAGWzCH7zLm8?usp=drive_link,Plan to Redeem,2025-10-31,,,Sold Internal Sales,,,,,,,0,,,,,,,,,,235000000,2026-05-08,,Sold,Cash,,,,,,,,,,,237,,Closed,235000000,GCD-2239,KK Mobil (Andri Agustinus Darmosuwito),346,2025-05-28,Surabaya,2026-05-08
SFA13156,B1179CMF,2025-09-16,Helmy Adam,79999900,Nissan Serena Highway2.0A/T 2010,Sold JBA,2026-02-12,JBA,0.36249920312400385,https://drive.google.com/drive/folders/1LUIHMNbxLgRsYxp35QBqoQuUtsAfZmXY?usp=drive_link,Plan to Redeem,2025-10-03,,,Sold JBA,Semarang,70000000,51000000,-0.2714285714285714,2025-10-09,2026-02-12,51000000,2026-02-12,Sold,,,,,,,,,,,,,,,,,,,,,,,149,,Closed,51000000,GCD-25221,Difan Mobil (Mia Dharmawati),253,2025-06-16,Semarang,2026-02-12
SFA09222,B1144PIH,2025-05-08,Rasyid Sidik,109999900,Toyota Avanza Veloz 1.3 At 2017,Redeemed,,,,,,,Redeemed,2025-05-16,,,,,,,,0,,,,,,,,,,,,,,,,,,,,,,,,,392,,Closed,0,GCD-20978,Ghulam Garage (Muhamad Farhan),102,2025-02-04,Jabodetabek,2025-05-16
SFA12945,B1320U,2025-09-18,Dipa Kusuma Prasetyo,163000000,Toyota Toyota Harrier 2.4 At Toyota Harrier 2.4 At 2013,Sold Auksi,2026-04-02,Auksi,0.2760736196319018,https://drive.google.com/drive/folders/1n_sjBIhKKOzlgpiBCEbOCFCfomGwuGnC?usp=drive_link,,,,,Sold JBA,POOL AUKSI CILEDUG,155000000,118000000,-0.23870967741935484,2025-10-14,2026-04-02,118000000,2026-04-02,Sold,,,,,,,,,,,,,,,,,,,,,,,196,,Closed,118000000,GCD-14809,3 Brothers (Ongky Wijaya Ali),303,2025-06-11,Jabodetabek,2026-04-02
SFA09720,BG8491DT,2025-05-28,Denny Rahmadani,149999900,Mitsubishi Triton Dc 2.5 Gls 4*4 Mt 2017,Redeemed,,,,,,,Redeemed,2025-06-04,,,,,,,,0,,,,,,,,,,,,,,,,,,,,,,,,,372,,Closed,0,GCD-20755,Firelia Garage Mobilindo (Rizki amalia),107,2025-02-18,Palembang,2025-06-04
SFA14345,B1937ERS,2025-10-23,Than Abdillah,77999900,Daihatsu Sigra 1.2 X 2019,Sold JBA,2025-12-02,JBA,0.10256295200378462,https://drive.google.com/drive/folders/1L50HoXKu4weXDYzGxPbBMpf58vgE0DQ4?usp=drive_link,Plan to Redeem,2025-11-07,,,Sold JBA,Palembang,78000000,70000000,-0.10256410256410256,2025-11-11,2025-12-02,70000000,2025-12-02,Sold,,,,,,,,,,,,,,,,,,,,,,,40,,Closed,70000000,GCD-20893,Three's Auto (Rio Pratama),139,2025-07-25,Palembang,2025-12-02
SFA13272,B2241UFV,2025-09-19,Muhammad Rajif Assalabi,119999900,Honda Mobilio E-Cvt 2017,Sold Internal Sales,2025-11-20,Inti Mob,0.09999924999937504,https://drive.google.com/open?id=1b1NKi4cBqsglUW6_pX__CY-FYDozvXqE&usp=drive_copy,Plan to Redeem,2025-09-30,,,Sold Internal Sales,Jakarta Raya,115000000,103000000,-0.10434782608695652,2025-10-07,2025-10-21,0,,,,,,,,,,108000000,2025-11-20,,Sold,Cash,,,,,,,,,,,62,,Closed,108000000,GCD-20832,SS Mobilindo (Sema Dwi lestari),155,2025-06-19,Jabodetabek,2025-11-20
SFA13833,F1311DH,2025-10-11,Nugroho Indrawan,94500000,Daihatsu Sigra 1.2 X At 2019,Sold JBA,2025-12-04,JBA,0.2592592592592593,https://drive.google.com/drive/folders/1q_kt1Py4-4Y8WtyFmP2HXY3LD1Tigsia?usp=drive_link,Plan to Redeem,2025-10-24,,,Sold JBA,Tipar,90000000,70000000,-0.2222222222222222,2025-10-30,2025-12-04,70000000,2025-12-04,Sold,,,,,,,,,,,,,,,,,,,,,,,54,,Closed,70000000,GCD-3403,JLC Jaya Motor (M Firmansyah),155,2025-07-11,Jabodetabek,2025-12-04
SFA09868,DK1079IZ,2025-06-03,I Nyoman Gede Harry Bhaskara,114999900,Honda Jazz Ge8 1.5 E Mt 2012,Redeemed,,,,,,,Redeemed,2025-06-11,,,,,,,,0,,,,,,,,,,,,,,,,,,,,,,,,,366,,Closed,0,GCD-5794,Putra Sidakarya Motor (I Ketut Aryawan),111,2025-02-21,Bali,2025-06-11
SFA13361,B1026UYZ,2025-09-22,Rahadian Kusuma,160000000,Nissan Serena Highway2.0A/T 2016,Sold JBA,2026-03-26,JBA,0.38749999999999996,https://drive.google.com/drive/folders/1L32OAkyC2VgDCDz0ILCmvCUugDHoKxDK?usp=drive_link,Plan to Redeem,2025-10-17,,,Sold JBA,Semarang,160000000,97000000,-0.39375,2025-10-23,2026-03-26,98000000,2026-03-26,Sold,,,,,,,,,,,,,,,,,,,,,,,185,,Closed,98000000,GCD-25241,Tiga Jaya Garage (Benny Febrianto Sutantio),288,2025-06-23,Semarang,2026-03-26
SFA12845,A1688KV,2025-09-22,Yanto Sumardi,199998900,Mitsubishi Pajero Dakar 4X2 At 2012,Sold Internal Sales,2025-11-10,Garasi Banana,0.2249957374765561,https://drive.google.com/drive/folders/1V6bPphdQdmb8TRLLIll1-i5NJ_tAI_n0?usp=drive_link,Plan to Redeem,2025-10-06,,,Sold Internal Sales,Jakarta Raya,195000000,195000000,0,2025-10-21,2025-10-21,0,,,,,,,,,,155000000,2025-11-10,,Sold,Cash,,,,,,,,,,,49,,Closed,155000000,GCD-25205,Deca Mobilindo (Irvan fahrurroji),155,2025-06-09,Jabodetabek,2025-11-10
SFA10780,A1445VCA,2025-06-18,Muhammad Rajif Assalabi,67000000,Hyundai I I20 Sg Sunroof 2010,Redeemed,,,,,,,Redeemed,2025-06-21,,,,,,,,0,,,,,,,,,,,,,,,,,,,,,,,,,351,,Closed,0,GCD-20210,Alamanda Mobilindo (Dian Kriswanto),99,2025-03-15,Jabodetabek,2025-06-21
SFA13560,S1433QI,2025-09-22,Febby Charisalonica M Somba,160000000,Bmw Mb. Penumpang X3 Xdrive 20 I Ckd At 2013,Sold Internal Sales,2026-04-24,Hakim Motor,0.35624999999999996,https://drive.google.com/drive/folders/1LifJVMP5dhVSA2Ezu2i_s91YODnKgZmZ?usp=drive_link,Plan to Redeem,2025-10-31,,,Sold Internal Sales,,,,,,,0,,,,,,,,,,103000000,2026-04-24,,Sold,Cash,,,,,,,,,,,214,,Closed,103000000,GCD-2239,KK Mobil (Andri Agustinus Darmosuwito),298,2025-07-01,Surabaya,2026-04-24
SFA13533,L1138HH,2025-09-23,Febby Charisalonica M Somba,160000000,Mercedes Benz Mb. Penumpang S350 L At 2007,Sold Internal Sales,2026-03-08,KK Mobil,0,https://drive.google.com/drive/folders/1UnOSxePdfhdwEysXeItyttpr7BA8fmgE?usp=drive_link,Plan to Redeem,2025-10-31,,,Sold Internal Sales,,,,,,,0,,,,,,,,,,160000000,2026-03-08,,Sold,Cash,,,,,,,,,,,166,,Closed,160000000,GCD-2239,KK Mobil (Andri Agustinus Darmosuwito),253,2025-06-30,Surabaya,2026-03-08
SFA14019,B1909JVE,2025-09-23,Dipa Kusuma Prasetyo,60000000,Nissan Serena Ct 2.0 A/T 2009,Sold Internal Sales,2026-01-05,Galang Motor,0.08333333333333337,https://drive.google.com/drive/folders/163N41RceD1xMENCY2_SMTi1axr6ko6Xp?usp=drive_link,,,,,Sold Internal Sales,Jakarta Raya,60000000,49000000,-0.18333333333333332,2025-09-30,2025-10-21,0,,,,,,,,,,55000000,2026-01-05,,Sold,Cash,,,,,,,,,,,104,,Closed,55000000,GCD-21036,KK Mobil - Lili (Lili Khairul Fahmi),173,2025-07-17,Jabodetabek,2026-01-05
SFA12891,A1870CM,2025-09-23,Yanto Sumardi,214000000,Mitsubishi Pajero Dakar 4X2 At 2012,Sold Internal Sales,2025-11-19,Garasi Banana,0.18224299065420557,https://drive.google.com/drive/folders/1z-Va_6YZeY2s7zACge4w_m65RrHGEBM7?usp=drive_link,,,,,Sold Internal Sales,Jakarta Raya,214000000,190000000,-0.11214953271028037,2025-09-30,2025-10-21,0,,,,,,,,,,175000000,2025-11-19,,Sold,Cash,,,,,,,,,,,57,,Closed,175000000,GCD-25071,Viva mobilindo  (Fajar Januar),164,2025-06-09,Jabodetabek,2025-11-19
SFA11875,P1448XR,2025-07-30,Febby Charisalonica M Somba,340000000,Peugeot Minibus New 3008 Active Active 2022,Redeemed,,,,,,,Redeemed,2025-08-12,,Semarang,273000000,235000000,-0.1391941391941392,2026-03-10,2026-04-23,0,,,,,,,,,,,,,,,,,,,,,,,,,309,,Closed,0,GCD-2239,KK Mobil (Andri Agustinus Darmosuwito),110,2025-04-25,Surabaya,2025-08-12
SFA12788,A1809XW,2025-09-25,PT Bala Manunggal Abadi,175000000,Nissan Elgrand 3.5 Highway Star 4X2 At 2013,Sold JBA,2026-01-21,JBA Modalku,0.3085714285714286,https://drive.google.com/open?id=1smduXGhjlc8QL6pdSzssmF1W3heYZl3j&usp=drive_copy,,,,,Sold JBA,Semarang,165000000,125000000,-0.24242424242424243,2025-10-16,2026-01-21,121000000,2026-01-21,Sold,,,,,,,,,,,,,,,,,,,,,,,118,,Closed,121000000,GCD-6356,Yassin Mobil (M. Adistyo Bawono Aji),233,2025-06-03,Semarang,2026-01-21
SFA13963,BH1939MN,2025-10-16,Agus Sumarwan,87209900,Kia Rio Se 1.4 At 2013,Sold JBA,2025-12-04,JBA,0.14000589382627426,https://drive.google.com/drive/folders/1Y_6wvuh-ymGXWd4ZZD-GzPd0DnwpTqTt?usp=drive_link,Plan to Redeem,2025-11-21,,,Sold JBA,Semarang,80000000,75000000,-0.0625,2025-11-27,2025-12-04,75000000,2025-12-04,Sold,,,,,,,,,,,,,,,,,,,,,,,49,,Closed,75000000,GCD-9665,Ar Rozzaq Auto (Deddy Mustafa SE),150,2025-07-16,Yogyakarta,2025-12-04
SFA15075,B2625TFA,2025-11-20,Muhamad Sofyan,161999900,Honda Hr-V 1.8 Prestige At 2015,Sold Internal Sales,2025-12-04,Auksi,0.024690755981948143,,Plan to Redeem,2025-11-28,,,Sold Internal Sales,,,,,,,0,,,,,,,,,,158000000,2025-12-04,,Sold,Cash,,,,,,,,,,,14,,Closed,158000000,GCD-8963,Al Zaidan Mobilindo 2 (Andri Dwi Putra),109,2025-08-19,Jabodetabek,2025-12-04
SFA13550,B1477SJM,2025-09-26,Helmy Adam,182000000,Honda New Crv 2.4 At 2014,Sold JBA,2026-02-05,JBA,0.2417582417582418,https://drive.google.com/drive/folders/1J9qvNCfC1fLZEN2vIYR6ZCjQfUW_9llq?usp=drive_link,,,,,Sold JBA,Semarang,170000000,146000000,-0.1411764705882353,2025-10-09,2026-04-23,138000000,2026-02-05,Sold,,,,,,,,,,,,,,,,,,,,,,,132,,Closed,138000000,GCD-6356,Yassin Mobil (M. Adistyo Bawono Aji),229,2025-07-01,Semarang,2026-02-05
SFA12725,B256LIA,2025-09-26,PT Bala Manunggal Abadi,186000000,Honda Crv Re1 2Wd 2.0Atckd 2014,Sold JBA,2026-01-29,JBA Modalku,0.34946236559139787,https://drive.google.com/drive/folders/1Iv0dLxEczS3OJaaz8Zs9k02cVvxgl_Vg?usp=drive_link,,,,,Sold JBA,Semarang,176000000,121000000,-0.3125,2025-10-16,2026-01-29,121000000,2026-01-29,Sold,,,,,,,,,,,,,,,,,,,,,,,125,,Closed,121000000,GCD-6356,Yassin Mobil (M. Adistyo Bawono Aji),256,2025-05-30,Semarang,2026-01-29
SFA13124,B2219PBC,2025-09-29,Febby Charisalonica M Somba,369300000,Mercedes Benz Mb. Penumpang E350 Cgi Coupe Cbu At 2012,Sold Internal Sales,2026-02-07,KK Mobil,0.17411318711075008,https://drive.google.com/drive/folders/1cqaaXrWIU0ZaSgSHj9I_T257h99vba2U?usp=drive_link,Plan to Redeem,2025-10-31,,,Sold Internal Sales,,,,,,,0,,,,,,,,,,305000000,2026-02-07,,Sold,Cash,,,,,,,,,,,131,,Closed,305000000,GCD-2239,KK Mobil (Andri Agustinus Darmosuwito),237,2025-06-16,Surabaya,2026-02-07
SFA13102,W1352OT,2025-09-29,Febby Charisalonica M Somba,112500000,Jaguar Mb. Penumpang X - Type 2.0 L V6 Se At 2007,Unit On-Hand,,JBA,,https://drive.google.com/drive/folders/11tLseOEE8JdSi4G_mj1VjCUjJWEia7yq?usp=drive_link,,,,,,Surabaya,150000000,55000000,-0.6333333333333333,2025-10-07,2026-06-02,0,,,,,,,,,,,,,,,,,,,,,,,,,248,,357,0,GCD-2239,KK Mobil (Andri Agustinus Darmosuwito),357,2025-06-13,Surabaya,
SFA11992,W1547H,2025-09-30,PT Cakra Baymax,158000000,Honda New Crv 2.4 A/T Dohc 2015,Sold JBA,2025-11-18,JBA Modalku,0.240506329113924,https://drive.google.com/drive/folders/1EknqcJ6J-TLYEQ6xRso8NZoyqpA6CSaz?usp=drive_link,,,,,Sold JBA,Sidoarjo,150000000,120000000,-0.2,2025-10-14,2025-11-18,120000000,2025-11-18,Sold,,,,,,,,,,,,,,,,,,,,,,,49,,Closed,120000000,GCD-20958,Warrior Auto Car (Junaedi Abdul Sahri),211,2025-04-30,Surabaya,2025-11-18
SFA14371,G1142RQ,2025-09-30,Rahadian Kusuma,139000000,Honda Brv E Mt 2016,Sold JBA,2025-11-20,JBA,0.17266187050359716,https://drive.google.com/drive/folders/1Wv-qBYtkRkyeFma8-9gl3LK1xSWkRVWo?usp=drive_link,Plan to Redeem,2025-10-17,,,Sold JBA,Semarang,139000000,115000000,-0.17266187050359713,2025-10-23,2025-11-20,115000000,2025-11-20,Sold,,,,,,,,,,,,,,,,,,,,,,,51,,Closed,115000000,GCD-25068,Mulya Mobilindo (Mulyanto),126,2025-07-26,Semarang,2025-11-20
SFA11825,L1756CAL,2025-07-31,Rudy Hartono,77180000,Nissan Grand Livina Xv 1.5 A/T 2013,Redeemed,,,,,Plan to Redeem,2025-08-28,Redeemed,2025-08-27,,,,,,,,0,,,,,,,,,,,,,,,,,,,,,,,,,308,,Closed,0,GCD-20336,Sorum Berkah Motor (Rizal Tjipto Wibowo),118,2025-05-02,Surabaya,2025-08-27
SFA12464,B1882FRV,2025-08-23,Purnomo Ajie Nugroho,175000000,Honda Hr-V 1.5 E Cvt 2016,Redeemed,,,,,,,Redeemed,2025-08-26,,,,,,,,0,,,,,,,,,,,,,,,,,,,,,,,,,285,,Closed,0,GCD-20733,Sorumedia (Erli yanti),99,2025-05-20,Jabodetabek,2025-08-26
SFA14702,B1072UID,2025-11-20,Dipa Kusuma Prasetyo,137499900,Honda New Jazz S 1.5 A/T 2016,Sold Auksi,2025-12-05,Auksi,0.0909084297515853,,Plan to Redeem,2025-11-28,,,Sold JBA,Ciledug,125000000,125000000,0,2025-12-05,2025-12-05,125000000,2025-12-05,Sold,,,,,,,,,,,,,,,,,,,,,,,15,,Closed,125000000,GCD-8499,Three Star Mobilindo (Suwardani),129,2025-08-05,Jabodetabek,2025-12-05
SFA14809,B137DBS,2025-10-02,Rasyid Sidik,254000000,Lexus Rx350 At 2013,Sold Internal Sales,2026-01-31,Central Used Car,0.21259842519685035,https://drive.google.com/drive/folders/1M10i8kiGh1uIu-yMtdd4jGxO6DfXaow0?usp=drive_link,,,,,Sold Internal Sales,Jakarta Raya,250000000,250000000,0,2025-10-21,2025-10-21,0,,,,,,,,,,200000000,2026-01-31,,Sold,Cash,,,,,,,,,,,121,,Closed,200000000,GCD-19343,Iev Auto Sales (Prayudi Adi Wibowo),177,2025-08-08,Jabodetabek,2026-01-31
SFA13392,F1657FB,2025-10-03,Oky Nur Pratama,112999900,Toyota Harrier 2.4 L A/T 2008,Sold Internal Sales,2025-11-06,Inti Mob,0.08539742070568201,https://drive.google.com/drive/folders/1aH5CCL4ULDT4d4cZM0v_G9YmcILnHnFY?usp=drive_link,,,,,Sold Internal Sales,Tipar,110000000,100000000,-0.09090909090909091,2025-10-16,2025-10-23,0,,,,,,,,,,103350000,2025-11-06,,Sold,Cash,,,,,,,,,,,34,,Closed,103350000,GCD-25004,Heri Mobilindo (Heri Effendi),135,2025-06-25,Jabodetabek,2025-11-06
SFA12804,B2701PBV,2025-09-10,Muhammad Rajif Assalabi,114999900,Toyota Alphard 2.4 At Alphard 2.4 At 2008,Redeemed,,,,,,,Redeemed,2025-09-11,,,,,,,,0,,,,,,,,,,,,,,,,,,,,,,,,,267,,Closed,0,GCD-20417,Fortune Garage (Tonny Agung Saputra T),95,2025-06-09,Jabodetabek,2025-09-11
SFA13525,D1325LA,2025-10-07,Irfan Effendi,88999900,Toyota Avanza E M/T 2015,Sold JBA,2025-11-13,JBA,0.19101032697789544,https://drive.google.com/drive/folders/1TRud-S52YX58sWlCkMrS1W5R56VGJJ1I?usp=drive_link,Plan to Redeem,2025-10-24,,,Sold JBA,Tipar,83000000,72000000,-0.13253012048192772,2025-10-30,2025-11-13,72000000,2025-11-13,Sold,,,,,,,,,,,,,,,,,,,,,,,37,,Closed,72000000,GCD-15005,Sandy Mobilindo (Sandy Asmoro),145,2025-06-30,Jabodetabek,2025-11-13
SFA15468,B1487COW,2025-11-28,Rasyid Sidik,130000000,Suzuki Ertiga Gx A/T 2018,Sold Auksi,2025-12-05,Auksi,0.023076923076923106,,Plan to Redeem,2025-12-08,,,Sold JBA,Ciledug,127000000,127000000,0,2025-12-05,2025-12-05,127000000,2025-12-05,Sold,,,,,,,,,,,,,,,,,,,,,,,7,,Closed,127000000,GCD-25396,"Carex Auto (Deni Avriansyah, S.Kel)",105,2025-08-29,Jabodetabek,2025-12-05
SFA13470,B1096EMO,2025-10-14,Maulana Hakikie,88999900,Mercedes Benz V 220 Cdi At 2010,Sold JBA,2026-01-27,JBA,-0.011237091277630729,https://drive.google.com/drive/folders/1c1lkBXzXOv58Wq6FoHWQ0-J6KSFE5b_g?usp=drive_link,Plan to Redeem,2025-10-31,,,Sold JBA,Medan,130000000,90000000,-0.3076923076923077,2025-11-04,2026-01-27,90000000,2026-01-27,Sold,,,,,,,,,,,,,,,,,,,,,,,105,,Closed,90000000,GCD-20702,Mint Mobil (Nanda Hairin Tami),224,2025-06-26,Medan,2026-01-27
SFA13436,B2070UBN,2025-10-15,Hendra Posma Waller Sitompul,51999900,Bmw Bmw 320I E90 At 2005,Sold JBA,2025-11-20,JBA,0.038459689345556436,https://drive.google.com/drive/folders/11yv8bySPphV71Z4xQq1oEpozg09RK4Sw?usp=drive_link,Plan to Redeem,2025-11-07,,,Sold JBA,Tipar,55000000,50000000,-0.09090909090909091,2025-11-13,2025-11-20,50000000,2025-11-20,Sold,,,,,,,,,,,,,,,,,,,,,,,36,,Closed,50000000,GCD-1313,Farrel Motor (Achmad Fahmi SE),156,2025-06-26,Jabodetabek,2025-11-20
SFA13511,S4FIN,2025-10-15,Febby Charisalonica M Somba,370000000,Chrysler Mb. Penumpang Sebring Cabrio 2.7 At 2011,Unit On-Hand,,Tribik,,https://drive.google.com/drive/folders/123jtra7MxXt1dqlTo6k1__zQVR4qdpSE?usp=drive_link,,,,,,Tribik - Surabaya,270000000,200000000,-0.25925925925925924,2026-05-30,2026-06-03,0,,,,,,,,,,,,,,,,,,,,,,,,,232,,340,0,GCD-2239,KK Mobil (Andri Agustinus Darmosuwito),340,2025-06-30,Surabaya,
SFA13909,B8811YY,2025-10-15,Febby Charisalonica M Somba,135379930,Lexus Jeep L. C. Hdtp Rx 350 At 2010,Redeemed,,KK Mobil,,https://drive.google.com/drive/folders/1dHX973_X5Zt_Bf-fPyEW0zi3_t9BWxFE?usp=drive_link,,,Redeemed,2025-12-22,,,,,,,,0,,,,,,,,,,,,,,,,,,,,,,,,,232,,Closed,0,GCD-2239,KK Mobil (Andri Agustinus Darmosuwito),137,2025-07-14,Surabaya,2025-12-22
SFA14861,L1615KX,2025-10-15,Febby Charisalonica M Somba,200000000,Mercedes Benz Gla 200 At 2014,Sold Internal Sales,2026-04-30,Stadium,0.42000000000000004,https://drive.google.com/drive/folders/1W55-ObulH3XfaaxCMrZCwUnFvSSvH4dD?usp=drive_link,,,,,Sold JBA,,,,,,,116000000,2026-04-30,Sold,,,,,,,,116000000,2026-04-30,,Sold,Cash,,,,,,,,,,,197,,Closed,116000000116000000,GCD-2239,KK Mobil (Andri Agustinus Darmosuwito),262,2025-08-12,Surabaya,2026-04-30
SFA15727,K1570RE,2025-10-15,Rahadian Kusuma,199999900,Honda Br-V 1.5 E Cvt Prestige 2023,Sold Internal Sales,2026-02-23,JBA,0.24999962499981254,https://drive.google.com/drive/folders/1XOdUDKZH5AXtsrU0LMXs4oFegsCfxdfN?usp=drive_link,Plan to Redeem,2025-10-31,,,Sold Internal Sales,Semarang,190000000,149000000,-0.21578947368421053,2025-11-06,2026-02-19,0,,,,,,,,,,150000000,2026-02-23,,Sold,Cash,,,,,,,,,,,131,,Closed,150000000,GCD-25181,B&A Mobilindo (Rinna Indriani),173,2025-09-04,Semarang,2026-02-23
SFA14964,AD1644DV,2025-10-17,Rahadian Kusuma,142000000,Honda New Crv 2.0 M/T Dohc 2014,Sold JBA,2026-01-29,JBA,0.204225352112676,https://drive.google.com/drive/folders/1IBAkhUkygaX9nvF0Q2EGK9ZuXsEbbyT-?usp=drive_link,Plan to Redeem,2025-10-31,,,Sold JBA,Semarang,135000000,113000000,-0.16296296296296298,2025-11-06,2026-01-29,113000000,2026-01-29,Sold,,,,,,,,,,,,,,,,,,,,,,,104,,Closed,113000000,GCD-7829,Tugu Jaya Mobil (Abd. Rosid),177,2025-08-14,Semarang,2026-01-29
SFA12915,B1174UMK,2025-09-25,PT Bala Manunggal Abadi,116999900,Honda New Freed Psd A/T 2011,Sold JBA,2025-12-11,JBA Modalku,0.32478574768012625,https://drive.google.com/drive/folders/18xOlyw9bII5uVLfLe2eiN5xwHiDGWGsm?usp=drive_link,,,,,Sold JBA,Semarang,117000000,78000000,-0.3333333333333333,2025-10-16,2025-12-11,79000000,2025-12-11,Sold,,,,,,,,,,,,,,,,,,,,,,,77,,Closed,79000000,GCD-6356,Yassin Mobil (M. Adistyo Bawono Aji),210,2025-06-10,Semarang,2025-12-11
SFA13911,K1319GU,2025-10-17,Rahadian Kusuma,95000000,Honda Freed S A/T 2010,Sold JBA,2025-11-20,JBA,0.18947368421052635,https://drive.google.com/drive/folders/1sbFbI94udJRdgFNGY9VnqxaQmtfL85yK?usp=drive_link,Plan to Redeem,2025-10-31,,,Sold JBA,Semarang,90000000,77000000,-0.14444444444444443,2025-11-06,2025-11-20,77000000,2025-11-20,Sold,,,,,,,,,,,,,,,,,,,,,,,34,,Closed,77000000,GCD-4165,AB Mobil Semarang (Heri Budi Setiawan),138,2025-07-14,Semarang,2025-11-20
SFA13988,AE8183KE,2025-10-17,Febby Charisalonica M Somba,87500000,Nissan Navara Frontier 2.5 4X4 Mt Double Cabin 2011,Sold Internal Sales,2026-02-03,,0,https://drive.google.com/drive/folders/1l79XhFgJLHzImtXpUXcKzhx4HF03tQgP?usp=drive_link,,,,,Sold Internal Sales,,,,,,,0,,,,,,,,,,87500000,2026-02-03,,Sold,Cash,,,,,,,,,,,109,,Closed,87500000,GCD-2239,KK Mobil (Andri Agustinus Darmosuwito),202,2025-07-17,Surabaya,2026-02-03
SFA13987,L1641SY,2025-10-18,Febby Charisalonica M Somba,140000000,Mercedes Benz S 300 L At 2010,Sold Internal Sales,2026-01-27,KK Mobil,0.2857142857142857,https://drive.google.com/drive/folders/17dFo4wtZnnL8MD4zfrCOdPne4Ps9-Qyg?usp=drive_link,,,,,Sold Internal Sales,,,,,,,0,,,,,,,,,,100000000,2026-01-27,,Sold,Cash,,,,,,,,,,,101,,323,100000000,GCD-2239,KK Mobil (Andri Agustinus Darmosuwito),323,2025-07-17,Surabaya,2026-01-27
SFA14062,AG1075TC,2025-10-18,Febby Charisalonica M Somba,197600000,Toyota Vellfire Z 2.4 At 2013,Unit On-Hand,,KK Mobil,,https://drive.google.com/drive/folders/1J1H0y49UCBE3tE_udnEdRynmtU4_YGJZ?usp=drive_link,,,,,,,,,,,,0,,,,,,,,,,,,,,,,,,,,,,,,,229,,Closed,0,GCD-2239,KK Mobil (Andri Agustinus Darmosuwito),309,2025-07-22,Surabaya,
SFA14726,B8889XP,2025-10-18,Febby Charisalonica M Somba,506000000,Landrover Range Rover 3.0 At 2010,Sold Internal Sales,2026-05-07,Rayyan Mobil,0.6640316205533596,https://drive.google.com/drive/folders/1x5FKnfdM6bSDLkX3f823jDpICRPXo2kU?usp=drive_link,,,,,Sold Internal Sales,,,,,,,0,,,,,,,,,,170000000,2026-05-07,,Sold,Cash,,,,,,,,,,,201,,Closed,170000000,GCD-2239,KK Mobil (Andri Agustinus Darmosuwito),273,2025-08-08,Surabaya,2026-05-07
SFA15100,AD800AN,2025-10-20,Rahadian Kusuma,189999900,"Toyota New Camry V 2,5 A/T 2015",Sold JBA,2026-03-05,JBA,0.3157891135732177,https://drive.google.com/drive/folders/17HUJp5YgqBFIGqC34L8H8nXGPuntldlM?usp=drive_link,Plan to Redeem,2025-10-31,,,Sold JBA,Semarang,177000000,130000000,-0.2655367231638418,2025-11-06,2026-03-05,130000000,2026-03-05,Sold,,,,,,,,,,,,,,,,,,,,,,,136,,Closed,130000000,GCD-7829,Tugu Jaya Mobil (Abd. Rosid),206,2025-08-20,Semarang,2026-03-05
SFA15965,H1067LF,2025-10-21,Rahadian Kusuma,160000000,Toyota Grand New Avanza G At 2020,Sold Internal Sales,2026-01-27,JBA,0.25,https://drive.google.com/drive/folders/1fvTdB-IZnPOWylIP04E7UGxOSDDe85SF?usp=drive_link,Plan to Redeem,2025-10-31,,,Sold Internal Sales,Semarang,150000000,127000000,-0.15333333333333332,2025-11-06,2026-01-22,0,,,,,,,,,,120000000,2026-01-27,,Sold,Cash,,,,,,,,,,,98,,Closed,120000000,GCD-7829,Tugu Jaya Mobil (Abd. Rosid),138,2025-09-12,Semarang,2026-01-27
SFA16279,B2965PBJ,2025-10-21,Rahadian Kusuma,112999900,Mazda Biante 2.0 At 2014,Sold JBA,2026-02-19,JBA,0.3362825984801756,https://drive.google.com/drive/folders/1u6Zi8ECLsEf9isUEYUrQCBMHXMB30Fa2?usp=drive_link,Plan to Redeem,2025-10-31,,,Sold JBA,Semarang,105000000,75000000,-0.2857142857142857,2025-11-06,2026-02-19,75000000,2026-02-19,Sold,,,,,,,,,,,,,,,,,,,,,,,121,,Closed,75000000,GCD-7829,Tugu Jaya Mobil (Abd. Rosid),159,2025-09-22,Semarang,2026-02-19
SFA15078,B2340BRG,2025-10-21,Irfan Effendi,149999900,Honda Mobilio E-Cvt 2020,Sold Internal Sales,2026-02-23,Inti Mob,0.13333275555517032,https://drive.google.com/drive/folders/1fPCd0FSPGFmUYSSE3lCgZjTqo78L3PPS?usp=drive_link,,,,,Sold Internal Sales,,,,,,,0,,,,,,,,,,130000000,2026-02-23,,Sold,Cash,,,,,,,,,,,125,,Closed,130000000,GCD-25037,Ino Mobilindo (M sidik),189,2025-08-19,Jabodetabek,2026-02-23
SFA14218,BP1787IJ,2025-10-22,Rahmat Hadi Subekti,119999900,Suzuki Ertiga Gx Dbl Blower 2016,Sold JBA,2026-01-15,JBA,0.25833271527726276,https://drive.google.com/drive/folders/1QZsKIubPlU4zLy_mzKpovkmqjIxozttw?usp=drive_link,Plan to Redeem,2025-11-05,,,Sold JBA,Pekanbaru,110000000,88000000,-0.2,2025-11-13,2026-01-15,89000000,2026-01-15,Sold,,,,,,,,,,,,,,,,,,,,,,,85,,Closed,89000000,GCD-25088,CV. Dafiz Auto Mobilindo (Taufik Hidayat ),188,2025-07-23,Batam,2026-01-15
SFA13200,B1829JFM,2025-09-26,Oky Nur Pratama,130000000,Toyota Calya 1.2 G At 2022,Sold Internal Sales,2025-12-11,Inti Mob,0.08461538461538465,https://drive.google.com/drive/folders/1CzT1cmMTJnxMdc8nSHNCtc4ZeQcW8yFx?usp=drive_link,Plan to Redeem,2025-10-10,,,Sold Internal Sales,Tipar,130000000,125000000,-0.038461538461538464,2025-10-16,2025-10-23,0,,,,,,,,,,119000000,2025-12-11,,Sold,Cash,,,,,,,,,,,76,,Closed,119000000,GCD-20830,Fadhilah Mobilindo (Dicky Chandra Mahendra),178,2025-06-17,Jabodetabek,2025-12-11
SFA14268,B1521TIZ,2025-10-24,Agus Sumarwan,86474100,"Ford Ecosprt Ttnm 1,5L At 2015",Sold JBA,2026-01-12,JBA,0.3061506277602195,https://drive.google.com/drive/folders/1ZBKbVmf7hDocnrZQft9M8vB6nTHiyR_j?usp=drive_link,Plan to Redeem,2025-11-07,,,Sold JBA,Semarang,85000000,61000000,-0.2823529411764706,2025-11-13,2026-01-12,60000000,2026-01-12,Sold,,,,,,,,,,,,,,,,,,,,,,,80,,Closed,60000000,GCD-9665,Ar Rozzaq Auto (Deddy Mustafa SE),173,2025-07-24,Yogyakarta,2026-01-12
SFA14383,W1707YI,2025-10-25,Rasyid Sidik,97000000,Mazda Biante 2.0 At 2013,Sold JBA,2025-11-18,JBA,0.11855670103092786,https://drive.google.com/drive/folders/1oDa40fjfIkplvW3vbmzLStikTE7kPXGJ?usp=drive_link,,,,,Sold JBA,Jakarta Raya,90000000,80000000,-0.1111111111111111,2025-11-04,2025-11-18,85500000,2025-11-18,Sold,,,,,,,,,,,,,,,,,,,,,,,24,,Closed,85500000,GCD-19515,Garasi 62 (Tinto Banu Dewonggo),123,2025-07-28,Jabodetabek,2025-11-18
SFA14826,B1076ERZ,2025-11-13,Nugroho Indrawan,114999900,Toyota Calya 1.2 G At 2020,Sold Internal Sales,2025-12-13,Galang Motor,0.08695572778758942,https://drive.google.com/drive/folders/1AyYp7lNokwyAzwdcYogszLUqczvXUlah?usp=drive_link,Plan to Redeem,2025-11-28,,,Sold Internal Sales,Tipar,125000000,125000000,0,2025-12-04,2025-12-04,0,,,,,,,,,,105000000,2025-12-13,,Sold,IF Limit,,,,,,,,,,,30,,Closed,105000000,GCD-5070,Zafar Mobilindo (ANDALA DIRGANTARA),125,2025-08-11,Jabodetabek,2025-12-13
SFA15962,B2990TYI,2025-10-28,Hendra Posma Waller Sitompul,199999900,Honda Hr-V 1.5 Epl Cvt Ckd 2019,Sold Marketplace,2025-11-12,Bursa,0.12499956249978128,https://drive.google.com/drive/folders/1KXQXh5RDgWFQBBAcyuD5s_POv7si_jKO?usp=drive_link,Plan to Redeem,2025-11-07,,,Sold Marketplace,,,,,,,0,,,,,175000000,2025-11-12,,Sold,,,,,,,,,,,,,,,,,15,,Closed,175000000,GCD-25437,Mardika RBT Motor (Arie Mardhika),61,2025-09-13,Jabodetabek,2025-11-12
SFA14310,B2891SOS,2025-10-29,Agus Sumarwan,160520000,Nissan Serena Highway2.0A/T 2017,Sold JBA,2026-04-02,JBA,0.40194368303015204,https://drive.google.com/drive/folders/1CULHSm-hVqKt4q6T1avlgdMa_qXVUn7v?usp=drive_link,Plan to Redeem,2025-11-21,,,Sold JBA,Semarang,150000000,95000000,-0.36666666666666664,2025-11-27,2026-04-02,96000000,2026-04-02,Sold,,,,,,,,,,,,,,,,,,,,,,,155,,Closed,96000000,GCD-9665,Ar Rozzaq Auto (Deddy Mustafa SE),263,2025-07-25,Yogyakarta,2026-04-02
SFA14091,BP1146EI,2025-10-30,Rahmat Hadi Subekti,58000000,Suzuki Apv Gx 1.5 M/T 2012,Sold JBA,2026-04-09,JBA,0.603448275862069,https://drive.google.com/drive/folders/1WJO2jfkcDsz9dweLgjpeq8COWE0kLDOe?usp=drive_link,Plan to Redeem,2025-11-28,,,Sold JBA,Pekanbaru,60000000,18000000,-0.7,2025-12-04,2026-04-09,23000000,2026-04-09,Sold,,,,,,,,,,,,,,,,,,,,,,,161,,Closed,23000000,GCD-20995,CV Exiss Jaya Utama (Exiss Mobilindo) (Eri Defrizon),273,2025-07-19,Batam,2026-04-09
SFA14567,B2537SKM,2025-10-30,Muhammad Rajif Assalabi,100000000,Suzuki Ertiga Gl A/T 2016,Sold JBA,2025-11-07,Auksi,-0.010000000000000009,,Plan to Redeem,2025-11-07,,,Sold JBA,Ciledug,70000000,70000000,0,2025-11-07,2025-11-07,101000000,2025-11-07,Sold,,,,,,,,,,,,,,,,,,,,,,,8,,Closed,101000000,GCD-25049,RRM Auto Car (Ida farida),107,2025-07-31,Jabodetabek,2025-11-07
SFA14472,B2558CBF,2025-10-31,Irfan Effendi,49999900,Suzuki Splash Gl Mt 2011,Sold JBA,2025-11-07,Auksi,-0.020002040004079902,,Plan to Redeem,2025-11-07,,,Sold JBA,Ciledug,40000000,40000000,0,2025-11-07,2025-11-07,51000000,2025-11-07,Sold,,,,,,,,,,,,,,,,,,,,,,,7,,Closed,51000000,GCD-15005,Sandy Mobilindo (Sandy Asmoro),109,2025-07-29,Jabodetabek,2025-11-07
SFA12657,AG1181RU,2025-10-31,PT Cakra Baymax,158999900,Honda New Crv 2.4 At 2013,Sold JBA,2026-02-10,JBA Modalku,0.29559704125600084,https://drive.google.com/drive/folders/1yP0rzZWI57cNd3aHZURgt8LsU0ipJ2CB?usp=drive_link,,,,,Sold JBA,Sidoarjo,145000000,112000000,-0.22758620689655173,2025-11-18,2026-02-10,112000000,2026-02-10,Sold,,,,,,,,,,,,,,,,,,,,,,,102,,Closed,112000000,GCD-1682,RF Mobil (Rakhmad Rudhi Triyanto),267,2025-05-30,Surabaya,2026-02-10
SFA16253,N1083SV,2025-11-03,Rahadian Kusuma,175000000,Honda Hr-V 1.5 E Cvt 2017,Sold JBA,2026-01-12,JBA,0.15428571428571425,https://drive.google.com/drive/folders/1nmKIzKsBcMandN2SM-9hMpki0Q2xEJoJ?usp=drive_link,,,,,Sold JBA,Semarang,170000000,142000000,-0.16470588235294117,2025-11-13,2026-01-12,148000000,2026-01-12,Sold,,,,,,,,,,,,,,,,,,,,,,,70,,Closed,148000000,GCD-7829,Tugu Jaya Mobil (Abd. Rosid),115,2025-09-20,Semarang,2026-01-12
SFA15871,B1589WKC,2025-11-18,Nugroho Indrawan,80700000,Daihatsu Luxio 1.5 M M/T Std 2013,Sold Internal Sales,2025-12-15,Galang Motor,0.14498141263940523,https://drive.google.com/drive/folders/1tuM4M8RqsVXK1eN4WEHkYaVaENWD0whj?usp=drive_link,Plan to Redeem,2025-11-28,,,Sold Internal Sales,Tipar,80000000,80000000,0,2025-12-04,2025-12-04,0,,,,,,,,,,69000000,2025-12-15,,Sold,Cash,,,,,,,,,,,27,,Closed,69000000,GCD-3403,JLC Jaya Motor (M Firmansyah),97,2025-09-10,Jabodetabek,2025-12-15
SFA15032,B1020VOJ,2025-11-20,Irfan Effendi,93999900,Toyota Agya 1.2 G 2019,Sold Internal Sales,2025-12-15,Galang Motor,0.0744671004969154,https://drive.google.com/drive/folders/1d3zaR_j6xLGNH7ebsxch3b73pB3hOtqF?usp=drive_link,Plan to Redeem,2025-11-28,,,Sold Internal Sales,Tipar,95000000,95000000,0,2025-12-04,2025-12-04,0,,,,,,,,,,87000000,2025-12-15,,Sold,IF Limit,,,,,,,,,,,25,,Closed,87000000,GCD-25324,Gun Mobilindo (Weni Gunawan),120,2025-08-18,Jabodetabek,2025-12-15
SFA14483,B2853FBJ,2025-11-05,Yanto Sumardi,90000000,Mazda Mazda Cx7 2011,Sold JBA,2026-04-07,JBA,0.6777777777777778,https://drive.google.com/drive/folders/1gv0P3sb4z5JoFNDBEEwNtTYgkVekdYxt?usp=drive_link,,,,,Sold JBA,Jakarta Raya,80000000,29000000,-0.6375,2025-11-18,2026-04-07,29000000,2026-04-07,Sold,,,,,,,,,,,,,,,,,,,,,,,153,,Closed,29000000,GCD-25085,3P Auto Car (Ifat rufat),258,2025-08-01,Jabodetabek,2026-04-07
SFA16610,BP1218IR,2025-11-05,Rahmat Hadi Subekti,42000000,Chevrolet Captiva Bsn 2.4Lt At 2010,Sold JBA,2026-03-28,JBA,0.5952380952380952,https://drive.google.com/drive/folders/1SKTO2Xw1BRe9LGzxZMJH1BOP___ylADJ?usp=drive_link,Plan to Redeem,2025-11-20,,,Sold JBA,Pekanbaru,42000000,17000000,-0.5952380952380952,2025-11-27,2026-03-28,17000000,2026-03-28,Sold,,,,,,,,,,,,,,,,,,,,,,,143,,Closed,17000000,GCD-20995,CV Exiss Jaya Utama (Exiss Mobilindo) (Eri Defrizon),183,2025-09-30,Batam,2026-03-28
SFA16413,B1531UZH,2025-11-06,Irfan Effendi,95000000,Suzuki Ertiga Gx M/T 2012,Sold JBA,2026-01-12,JBA,0.21052631578947367,https://drive.google.com/drive/folders/1M9dtSzNTKe4qeQhonYubNNyhIi0QeDxy?usp=drive_link,Plan to Redeem,2025-11-21,,,,POOL AUKSI CILEDUG,90000000,74000000,-0.17777777777777778,2025-11-27,2026-01-27,75000000,2026-01-12,,,,,,,,,,,,,,,,,,,,,,,,67,,Closed,75000000,GCD-4537,Berkah Jaya Mobilindo - CEPI (Cepi Septiadi),105,2025-09-30,Jabodetabek,2026-01-12
SFA15638,BG1630ER,2025-11-06,Than Abdillah,175999999,Honda Hr-V 1.5 E Cvt 2016,Sold JBA,2026-01-20,Tribik,0.20170454091877577,https://drive.google.com/drive/folders/1fX0LU1mud9eY-oinpDuAzu7qara8sHfA?usp=drive_link,,,,,Sold JBA,TRIBIK PALEMBANG,146000000,135000000,-0.07534246575342465,2025-12-09,2026-01-20,140500000,2026-01-20,Sold,,,,,,,,,,,,,,,,,,,,,,,75,,Closed,140500000,GCD-20659,Tembel Auto Cars (Imam Juansyah),146,2025-09-03,Palembang,2026-01-20
SFA14744,H1798FC,2025-11-07,Rahadian Kusuma,165999900,Nissan Serena Highway2.0A/T 2017,Sold Internal Sales,2026-02-19,JBA,0.19879469806909522,https://drive.google.com/drive/folders/1iweJzCh-Tgs3Ahaul-yl4LqQFQdzRHEO?usp=drive_link,Plan to Redeem,2025-11-21,,,Sold Internal Sales,Semarang,155000000,128000000,-0.17419354838709677,2025-11-27,2026-02-19,0,,,,,,,,,,133000000,2026-02-19,,Sold,Cash,,,,,,,,,,,104,,Closed,133000000,GCD-7829,Tugu Jaya Mobil (Abd. Rosid),197,2025-08-07,Semarang,2026-02-19
SFA14683,BG1170OX,2025-11-07,Denny Rahmadani,81999900,Honda Jazz Rs At 2008,Sold JBA,2025-11-25,Tribik,0.2134136748947255,,,,,,Sold JBA,Tribik Palembang,62000000,62000000,0,2025-11-25,2025-11-25,64500000,2025-11-25,Sold,,,,,,,,,,,,,,,,,,,,,,,18,,Closed,64500000,GCD-4562,R&R Auto (Yusrizal Lukmanul Hakim),119,2025-08-05,Palembang,2025-11-25
SFA16914,F1225ABF,2025-11-10,Irfan Effendi,90000000,Honda City Gm2 1.5 E 2012,Sold Internal Sales,2025-11-29,Auksi,0.07222222222222219,,,,,,Sold Internal Sales,,,,,,,0,,,,,,,,,,83500000,2025-11-29,,Sold,Cash,,,,,,,,,,,19,,Closed,83500000,GCD-25037,Ino Mobilindo (M sidik),52,2025-10-09,Jabodetabek,2025-11-29
SFA14035,BP1139FO,2025-11-13,Rahmat Hadi Subekti,84000000,Daihatsu New Xenia 1.3 R At 2013,Sold JBA,2026-01-29,JBA,0.25,https://drive.google.com/drive/folders/15QOW6-1EFhQFLYuQjOGc9tGMIU1oZECj?usp=drive_link,Plan to Redeem,2025-11-28,,,Sold JBA,Pekanbaru,84000000,63000000,-0.25,2025-12-04,2026-01-29,63000000,2026-01-29,Sold,,,,,,,,,,,,,,,,,,,,,,,77,,Closed,63000000,GCD-20772,Sago Auto (Masriadi),205,2025-07-17,Batam,2026-01-29
SFA14860,B1084CYE,2025-11-25,Dipa Kusuma Prasetyo,109000000,Toyota Rush G Vvti 1.5 M/T 2014,Sold JBA,2025-12-16,JBA,0.03669724770642202,https://drive.google.com/drive/folders/1SNjzKtIAmvuXV8WXbdnJvau35VzAvGjg?usp=drive_link,,,,,Sold JBA,Jakarta Raya,109000000,105000000,-0.03669724770642202,2025-12-02,2025-12-16,105000000,2025-12-16,Sold,,,,,,,,,,,,,,,,,,,,,,,21,,Closed,105000000,GCD-6179,Gytha Mobilindo (Widy Kustanto ),127,2025-08-12,Jabodetabek,2025-12-16
SFA15604,B2149KIF,2025-11-13,Purnomo Ajie Nugroho,199999900,Honda Brv Cvt Prestige 2022,Sold JBA,2025-11-25,Tribik,0.099999549999775,,Plan to Redeem,2025-11-28,,,Sold JBA,Tribik Palembang,180000000,180000000,0,2025-11-25,2025-11-25,180000000,2025-11-25,Sold,,,,,,,,,,,,,,,,,,,,,,,12,,Closed,180000000,GCD-20733,Sorumedia (Erli yanti),91,2025-09-02,Jabodetabek,2025-11-25
SFA15676,BG1880UK,2025-11-28,Than Abdillah,170000000,Mitsubishi Pajero Dakar 4X4 At 2012,Sold JBA,2025-12-17,Tribik,-0.00588235294117645,https://drive.google.com/drive/folders/1XZyMLU3_4sj00C6HfBIvxTOJAtsNr2G9?usp=drive_link,Plan to Redeem,2025-12-12,,,Sold JBA,TRIBIK PALEMBANG,170000000,170000000,0,2025-12-17,2025-12-17,171000000,2025-12-17,Sold,,,,,,,,,,,,,,,,,,,,,,,19,,Closed,171000000,GCD-20835,SH Motor (Krystian Bowo),101,2025-09-08,Palembang,2025-12-17
SFA15088,B1716SAL,2025-11-18,Agus Sumarwan,196451900,Toyota Camry 2.5 V 2015,Sold Internal Sales,2025-11-28,JBA,0.058293658651303426,https://drive.google.com/drive/folders/14EV85ldT55m2sKbIAVrM06YOxkhjL8RT?usp=drive_link,Plan to Redeem,2025-11-28,,,Sold Internal Sales,,,,,,,0,,,,,,,,,,185000000,2025-11-28,,Sold,Cash,,,,,,,,,,,10,,Closed,185000000,GCD-9665,Ar Rozzaq Auto (Deddy Mustafa SE),102,2025-08-19,Yogyakarta,2025-11-28
SFA13228,BP1033FF,2025-09-19,Rahmat Hadi Subekti,105999900,Toyota Agya 1.2 G At 2020,Sold JBA,2025-12-18,JBA,0.2594332636162864,https://drive.google.com/drive/folders/1ykPRcA5b9ygx6_AeVQiLnfvboVo7rzks?usp=drive_link,,,,,Sold JBA,Pekanbaru,110000000,75000000,-0.3181818181818182,2025-10-02,2025-12-18,78500000,2025-12-18,Sold,,,,,,,,,,,,,,,,,,,,,,,90,,Closed,78500000,GCD-21114,Berkah Auto Mobil (Yeli Hirawati),185,2025-06-17,Batam,2025-12-18
SFA15139,B2241TYB,2025-11-19,Irfan Effendi,133999900,Honda Mobilio E-Cvt 2018,Sold Internal Sales,2025-12-29,Galang Motor,0.04477540654881085,https://drive.google.com/drive/folders/19ZdAMZE3IYYEufqC2Xj2Iev8a88FXMqk?usp=drive_link,Plan to Redeem,2025-11-28,,,Sold Internal Sales,Tipar,134000000,134000000,0,2025-12-04,2025-12-04,0,,,,,,,,,,128000000,2025-12-29,,Sold,Cash,,,,,,,,,,,40,,Closed,128000000,GCD-25324,Gun Mobilindo (Weni Gunawan),132,2025-08-20,Jabodetabek,2025-12-29
SFA15028,B2079PVC,2025-11-19,Dipa Kusuma Prasetyo,84999900,Honda Brio E A/T 2015,Sold JBA,2026-01-06,Auksi,0.22352849826882148,https://drive.google.com/drive/folders/1W9sslUISJNrkFRjVb035dJAAkxtEwAOD?usp=drive_link,Plan to Redeem,2025-11-28,,,Sold JBA,POOL AUKSI CILEDUG,70000000,66000000,-0.05714285714285714,2025-12-09,2026-01-06,66000000,2026-01-06,Sold,,,,,,,,,,,,,,,,,,,,,,,48,,Closed,66000000,GCD-25377,Addhua Garage Trek (Dodi Hariyadi),148,2025-08-18,Jabodetabek,2026-01-06
SFA14814,L1793ADS,2025-11-19,Denny Rahmadani,105000000,Mercedes C 200 C 200 Cgi 2012,Sold JBA,2026-01-30,Tribik,0.22857142857142854,https://drive.google.com/drive/folders/1SZ-fhNCveHZx-xWCkWtSSBLk26P40np6?usp=drive_link,Plan to Redeem,2025-11-28,,,Sold JBA,Bandung - Mobil 243,94000000,115000000,0.22340425531914893,2025-12-09,2026-02-26,81000000,2026-01-30,Sold,,,,,,,,,,,,,,,,,,,,,,,72,,Closed,81000000,GCD-4428,Mjm mobilindo (Eka marlia quenda),181,2025-08-11,Palembang,2026-01-30
SFA15999,BP1686EG,2025-11-03,Rahmat Hadi Subekti,69000000,Toyota Avanza S Vvt-I A/T 2011,Sold JBA,2025-12-18,JBA,0.23188405797101452,https://drive.google.com/drive/folders/1UZbxMqcRfDtzf4PnQXGt1BpR86FnFkmV?usp=drive_link,,,,,Sold JBA,Pekanbaru,69000000,53000000,-0.2318840579710145,2025-11-13,2025-12-18,53000000,2025-12-18,Sold,,,,,,,,,,,,,,,,,,,,,,,45,,Closed,53000000,GCD-25088,CV. Dafiz Auto Mobilindo (Taufik Hidayat ),98,2025-09-12,Batam,2025-12-18
SFA15076,B2357SZF,2025-11-21,Muhamad Sofyan,179000000,Honda Hr-V 1.5 E Cvt 2017,Sold Internal Sales,2025-12-20,Auksi,0.12011173184357538,https://drive.google.com/drive/folders/1Jq7OyVJcJt6bD-oKPm3u24a2-zMkG6JH?usp=drive_link,Plan to Redeem,2025-11-28,,,Sold Internal Sales,POOL AUKSI CILEDUG,172000000,158000000,-0.08139534883720931,2025-12-05,2025-12-19,0,,,,,,,,,,157500000,2025-12-20,,Sold,Cash,,,,,,,,,,,29,,Closed,157500000,GCD-8963,Al Zaidan Mobilindo 2 (Andri Dwi Putra),124,2025-08-19,Jabodetabek,2025-12-20
SFA13234,B2182STD,2025-09-18,Than Abdillah,122414900,Toyota Harrier 2.4 L A/T 2008,Sold JBA,2025-12-23,JBA,0.2974711411764418,https://drive.google.com/drive/folders/1xGizetv96TrED8GVCMLmECz1_H5un8ni?usp=drive_link,Plan to Redeem,2025-09-30,,,Sold JBA,Palembang,120000000,86000000,-0.2833333333333333,2025-10-21,2025-12-23,86000000,2025-12-23,Sold,,,,,,,,,,,,,,,,,,,,,,,96,,Closed,86000000,GCD-25141,Baba Jaya Auto (Nyayu Hakida),200,2025-06-17,Palembang,2025-12-23
SFA15143,BG1339ZU,2025-11-20,Denny Rahmadani,79999900,Toyota Calya 1.2 G 2016,Sold JBA,2025-11-25,Tribik,0.12499890624863286,,Plan to Redeem,2025-11-28,,,Sold JBA,Tribik Palembang,70000000,70000000,0,2025-11-25,2025-11-25,70000000,2025-11-25,Sold,,,,,,,,,,,,,,,,,,,,,,,5,,Closed,70000000,GCD-4562,R&R Auto (Yusrizal Lukmanul Hakim),103,2025-08-21,Palembang,2025-11-25
SFA12622,B2342SKJ,2025-11-04,PT Cakra Baymax,109999900,Toyota Grand New Avanza E At 2016,Sold JBA,2025-12-23,JBA Modalku,0.1818174380158527,https://drive.google.com/drive/folders/1FH3TO-r2-eJTx3rgiEjf5PdIxK2IcNn_?usp=drive_link,,,,,Sold JBA,Jakarta Raya,103000000,90000000,-0.1262135922330097,2025-11-18,2025-12-23,90000000,2025-12-23,Sold,,,,,,,,,,,,,,,,,,,,,,,49,,Closed,90000000,GCD-20978,Ghulam Garage (Muhamad Farhan),224,2025-05-27,Jabodetabek,2025-12-23
SFA15742,A1421NM,2025-11-22,Dipa Kusuma Prasetyo,46800000,Honda City Gd8 1.5 Vti At 2005,Sold JBA,2026-01-15,Auksi,0.25213675213675213,https://drive.google.com/drive/folders/1g0pEi5nyg9eoub7871JFUSe6ehTMHFxk?usp=drive_link,,,,,Sold JBA,POOL AUKSI CILEDUG,39000000,35000000,-0.10256410256410256,2025-12-09,2026-01-15,35000000,2026-01-15,SOLD,,,,,,,,,,,,,,,,,,,,,,,54,,Closed,35000000,GCD-21125,Shaka Car's  (Umen Rosiana),139,2025-09-06,Jabodetabek,2026-01-15
SFA13168,L1784IN,2025-11-22,PT Cakra Baymax,179999900,Bmw 520D Ckd 520D Ckd 2012,Sold JBA,2026-03-26,JBA,0.23333290740717083,https://drive.google.com/drive/folders/1cmPOUXQdbC7_-52oInQ0Z6r9qUfWKVli?usp=drive_link,,,,,Sold JBA,Semarang,180000000,138000000,-0.23333333333333334,2025-12-04,2026-03-26,138000000,2026-03-26,Sold,,,,,,,,,,,,,,,,,,,,,,,124,,Closed,138000000,GCD-20670,3D Mobil (Ririh Anuraga Mulia Putra),294,2025-06-17,Semarang,2026-03-26
SFA14713,BP1438YD,2025-11-24,Rahmat Hadi Subekti,65500000,Toyota Avanza G A/T 2010,Sold JBA,2026-02-05,JBA,0.1984732824427481,https://drive.google.com/drive/folders/1mmaZ-SoQCN6ShFwauNcHhozukV0EJCMo?usp=drive_link,,,,,Sold JBA,Pekanbaru,66000000,50000000,-0.24242424242424243,2025-12-04,2026-02-05,52500000,2026-02-05,Sold,,,,,,,,,,,,,,,,,,,,,,,73,,Closed,52500000,GCD-20932,Ganda Perkasa Automotive (Aa Nurdin k),193,2025-08-06,Batam,2026-02-05
SFA14956,L1687NC,2025-11-28,PT Cakra Baymax,81000000,Daihatsu Ayla X At Elegant 2016,Sold JBA,2025-12-23,JBA Modalku,0.06172839506172845,https://drive.google.com/drive/folders/1F1Cdg96iFT9Tdx5KCQtBzZkr85zs_57m?usp=drive_link,,,,,Sold JBA,Sidoarjo,81000000,72000000,-0.1111111111111111,2025-12-02,2025-12-23,76000000,2025-12-23,Sold,,,,,,,,,,,,,,,,,,,,,,,25,,Closed,76000000,GCD-20780,Bejo Usedcar (Hermansyah Setyo Pambudi ),145,2025-08-14,Surabaya,2025-12-23
SFA15392,B1764FRF,2025-11-27,Irfan Effendi,84999900,Suzuki Ertiga Gl M/T 2015,Sold JBA,2026-01-15,Auksi,0.1176460207600244,https://drive.google.com/drive/folders/1kAZgmHDSkEqvEtsNdPYboXPmunET7NCI?usp=drive_link,Plan to Redeem,2025-12-08,,,Sold JBA,POOL AUKSI CILEDUG,90000000,74000000,-0.17777777777777778,2025-12-05,2026-01-30,75000000,2026-01-15,SOLD,,,,,,,,,,,,,,,,,,,,,,,49,,Closed,75000000,GCD-15005,Sandy Mobilindo (Sandy Asmoro),168,2025-08-27,Jabodetabek,2026-01-15
SFA17603,A1873VY,2025-11-29,Dipa Kusuma Prasetyo,60000000,Honda Jazz 1 5 Idsi At Honda Jazz Idsi At 2008,Sold JBA,2025-12-23,Auksi,0,https://drive.google.com/drive/folders/1e5fzewk23JPpDwt6ozMZQHoP88feEfbw?usp=drive_link,Plan to Redeem,2025-12-08,,,Sold JBA,AUKSI,85000000,60000000,-0.29411764705882354,2025-12-05,2025-12-23,60000000,2025-12-23,Sold,,,,,,,,,,,,,,,,,,,,,,,24,,Closed,60000000,GCD-25377,Addhua Garage Trek (Dodi Hariyadi),62,2025-10-30,Jabodetabek,2025-12-23
SFA15531,AB1353UP,2025-11-28,Dipa Kusuma Prasetyo,42999900,Honda Accord Vti L 2.4 A/T 2005,Sold Internal Sales,2026-01-24,Auksi,0.023253542450098696,https://drive.google.com/drive/folders/1RRvhWAJqyczigzqVnLul_BEDeWVdDF7c?usp=drive_link,Plan to Redeem,2025-12-08,,,Sold Internal Sales,POOL AUKSI CILEDUG,70000000,47000000,-0.32857142857142857,2025-12-05,2026-01-23,0,,,,,,,,,,42000000,2026-01-24,,Sold,IF Limit,,,,,,,,,,,57,,Closed,42000000,GCD-21125,Shaka Car's  (Umen Rosiana),150,2025-08-30,Jabodetabek,2026-01-24
SFA15197,BP1080AF,2025-11-28,Rahmat Hadi Subekti,84999900,Toyota New Avanza Veloz 1.5 2013,Sold JBA,2026-01-29,JBA,0.1529401799296235,https://drive.google.com/drive/folders/13H03Day60ptxCQlb9Ij7z_sVB7AtyWsy?usp=drive_link,Plan to Redeem,2025-12-08,,,Sold JBA,Pekanbaru,85000000,72000000,-0.15294117647058825,2025-12-11,2026-01-29,72000000,2026-01-29,Sold,,,,,,,,,,,,,,,,,,,,,,,62,,Closed,72000000,GCD-25185,Permata Auto - Batam (Ali Akbar ),170,2025-08-21,Batam,2026-01-29
SFA14934,D74KA,2025-11-28,Rasyid Sidik,300000000,Toyota Fortuner 2.4Vrzatdsl 2021,Redeemed,,Auksi,,https://drive.google.com/drive/folders/1HwPBaAPsvjjXESLCV4XnsEOcIc0i2658?usp=drive_link,Plan to Redeem,2025-12-08,Redeemed,2025-12-01,,,,,,,,0,,,,,,,,,,,,,,,,,,,,,,,,,188,,Closed,0,GCD-16004,Allison Automobile (Alvian Anwar),110,2025-08-14,Jabodetabek,2025-12-01
SFA13819,B12KDJ,2025-10-02,Helmy Adam,129999900,Honda Crv Rm1 2Wd 2.0 At 2013,Sold JBA,2025-12-24,JBA,0.22307632544332723,https://drive.google.com/drive/folders/14DWI0_IQwQa-3ucjRnPh-XxEIDOQlPyz?usp=drive_link,Plan to Redeem,2025-10-17,,,Sold JBA,Semarang,125000000,101000000,-0.192,2025-10-23,2025-12-24,101000000,2025-12-24,Sold,,,,,,,,,,,,,,,,,,,,,,,83,,Closed,101000000,GCD-25134,3-RF Abadi Cars (Didik Sugiarto),179,2025-07-11,Semarang,2025-12-24
SFA16150,BP1762EI,2025-10-28,Rahmat Hadi Subekti,88000000,Toyota Calya Calya G 2017,Sold JBA,2025-12-24,JBA,0.125,https://drive.google.com/drive/folders/1bFZhn7tNpInF8a3ZCXVKdcU-q16cRoHR?usp=drive_link,Plan to Redeem,2025-11-24,,,Sold JBA,Pekanbaru,88000000,77000000,-0.125,2025-11-27,2025-12-24,77000000,2025-12-24,Sold,,,,,,,,,,,,,,,,,,,,,,,57,,Closed,77000000,GCD-25185,Permata Auto - Batam (Ali Akbar ),111,2025-09-17,Batam,2025-12-24
SFA16769,D1133AJW,2025-11-17,Rahadian Kusuma,79999900,Wuling Confero 1.5 Db 2022,Sold JBA,2025-12-24,JBA,0.12499890624863286,https://drive.google.com/drive/folders/1pB9_8kRc9ICw2mJFaOwDIo1tcoVitBFR?usp=drive_link,Plan to Redeem,2025-11-28,,,Sold JBA,Semarang,80000000,70000000,-0.125,2025-12-04,2025-12-24,70000000,2025-12-24,Sold,,,,,,,,,,,,,,,,,,,,,,,37,,Closed,70000000,GCD-4165,AB Mobil Semarang (Heri Budi Setiawan),95,2025-10-03,Semarang,2025-12-24
SFA15624,F1346YI,2025-11-30,Agus Sumarwan,82387500,Wuling Confero S 1.5 C 2018,Sold Internal Sales,2026-01-29,JBA,0.19890760127446516,https://drive.google.com/drive/folders/1d2HglvhPRjRyNPueNM2qyPOwQWwkru57?usp=drive_link,,,,,Sold Internal Sales,Semarang,78000000,63000000,-0.19230769230769232,2025-12-11,2026-01-29,0,,,,,,,,,,66000000,2026-01-29,,Sold,IF Limit,,,,,,,,,,,60,,Closed,66000000,GCD-9665,Ar Rozzaq Auto (Deddy Mustafa SE),150,2025-09-02,Yogyakarta,2026-01-29
SFA17041,E1433YJ,2025-12-27,Agus Sumarwan,116480000,Nissan Xtrail Xt 2.5 A/T 2014,Sold Internal Sales,2026-01-13,JBA,0.012706043956043911,https://drive.google.com/drive/folders/1G9izhpSZRKL17bQGBmynyX6gOe-4fsYr?usp=drive_link,,,,,Sold Internal Sales,Semarang,115000000,115000000,0,2026-01-08,2026-01-08,0,,,,,,,,,,115000000,2026-01-13,,Sold,Cash,,,,,,,,,,,17,,Closed,115000000,GCD-9665,Ar Rozzaq Auto (Deddy Mustafa SE),93,2025-10-13,Yogyakarta,2026-01-13
SFA16157,B1576WOS,2025-12-26,Rahadian Kusuma,105000000,Suzuki Ertiga Gx M/T 2016,Sold JBA,2026-03-12,JBA,0.3142857142857143,https://drive.google.com/drive/folders/1eyFIAgedGR7xu8Cw-XTpt7C-e6LO_JaL?usp=drive_link,,,,,Sold JBA,Semarang,96000000,68000000,-0.2916666666666667,2026-01-08,2026-03-12,72000000,2026-03-12,Sold,,,,,,,,,,,,,,,,,,,,,,,76,,Closed,72000000,GCD-25403,Arjuna Auto Car - Semarang (Sutriman ),190,2025-09-17,Semarang,2026-03-12
SFA16459,F1260ABT,2025-12-26,Nugroho Indrawan,114999900,Toyota Innova G A/T Bensin 2011,Sold JBA,2026-04-18,Auksi,0.3043472211714967,https://drive.google.com/drive/folders/1Rk1NzTRszty2TpC0qQu2-UPL3mKAKj2t?usp=drive_link,,,,,Sold JBA,POOL AUKSI CILEDUG,115000000,97000000,-0.1565217391304348,2026-01-08,2026-04-02,80000000,2026-04-18,Sold,,,,,,,,80000000,2026-04-18,,Sold,Cash,,,,,,,,,,,113,,Closed,8000000080000000,GCD-5548,Felice Mobilindo (Andri apriadi),206,2025-09-25,Jabodetabek,2026-04-18
SFA17642,BP1498JI,2025-12-25,Rahmat Hadi Subekti,95499900,Toyota Rush S 1.5 At 2012,Sold JBA,2026-01-29,JBA,0.07853306652677128,https://drive.google.com/drive/folders/1kl_52pZPuq_XPv36KoxTb8qUtcCnMTzU?usp=drive_link,,,,,Sold JBA,Pekanbaru,100000000,73000000,-0.27,2026-01-08,2026-03-26,88000000,2026-01-29,Sold,,,,,,,,,,,,,,,,,,,,,,,35,,Closed,88000000,GCD-25481,Berkah Auto - Batam (Zulkarnain),158,2025-10-31,Batam,2026-01-29
SFA11399,B2914UBF,2025-12-22,PT Sawara Abadi Maero,70000000,Nissan Serena Ct 2.0 A/T 2010,Sold JBA,2026-03-12,JBA,0.2857142857142857,https://drive.google.com/drive/folders/1ANoFF34rkvjjgAs4dVmU3KzsUxzLYC3_?usp=drive_link,,,,,Sold JBA,Bandung,70000000,48000000,-0.3142857142857143,2026-01-08,2026-03-12,50000000,2026-03-12,Sold,,,,,,,,,,,,,,,,,,,,,,,80,,Closed,50000000,GCD-4253,Mukti Raudhoh Motor (Nurhayati),349,2025-04-11,Bandung,2026-03-12
SFA15694,W1375AY,2025-12-22,PT Cakra Baymax,135000000,Lexus Rx 270 Std At 2011,Sold Internal Sales,2026-04-29,JBA Modalku,0.2592592592592593,https://drive.google.com/drive/folders/1cbRyLbBlhA7OUIQZ9s9m4C-5cW_M-89o?usp=drive_link,,,,,Sold Internal Sales,Semarang,200000000,139000000,-0.305,2025-12-30,2026-04-23,0,,,,,,,,,,100000000,2026-04-29,,Sold,Cash,,,,,,,,,,,128,,Closed,100000000,GCD-6494,Gym Mobil (Marjoko),238,2025-09-04,Surabaya,2026-04-29
SFA15722,B1219KYI,2025-12-22,PT Bhinneka,100000000,Honda Jazz Rs At 2012,Sold Internal Sales,2026-01-23,JBA Modalku,0.020000000000000018,https://drive.google.com/drive/folders/1GScdx3Ll-Enb3oTeqYPnLsDHAjtK2Fsu?usp=drive_link,,,,,Sold Internal Sales,Tipar,120000000,113000000,-0.058333333333333334,2026-01-08,2026-01-22,0,,,,,,,,,,98000000,2026-01-23,,Sold,IF Limit,,,,,,,,,,,32,,Closed,98000000,GCD-20366,Queens Auto (Suherman),142,2025-09-04,Jabodetabek,2026-01-23
SFA16260,BP1372VK,2025-12-20,Rahmat Hadi Subekti,73000000,Nissan All New-Teana 2.5V6 At 2012,Sold JBA,2026-04-02,JBA,0.5273972602739726,https://drive.google.com/drive/folders/1vu4kcZaRPfvHv5U1kHZPU8vQ6k_Qjiax?usp=drive_link,Plan to Redeem,2026-01-02,,,Sold JBA,Pekanbaru,70000000,30000000,-0.5714285714285714,2026-01-08,2026-04-02,34500000,2026-04-02,Sold,,,,,,,,,,,,,,,,,,,,,,,103,,Closed,34500000,GCD-20995,CV Exiss Jaya Utama (Exiss Mobilindo) (Eri Defrizon),206,2025-09-20,Batam,2026-04-02
SFA16172,B1065RZO,2025-12-20,Rasyid Sidik,214999900,Honda Br- V E Prestige 2024,Sold JBA,2026-01-20,Auksi,0.041860019469776466,https://drive.google.com/drive/folders/10Q5SkXAphcxuaWPz7I4ZHX9GWSSon1Cv?usp=drive_link,Plan to Redeem,2026-01-02,,,Sold JBA,POOL AUKSI CILEDUG,215000000,206000000,-0.04186046511627907,2026-01-06,2026-01-20,206000000,2026-01-20,Sold,,,,,,,,,,,,,,,,,,,,,,,31,,Closed,206000000,GCD-20607,Garasi Rijlun (Abidzar Ghifari),132,2025-09-18,Jabodetabek,2026-01-20
SFA16584,BP1586JH,2025-12-19,Rahmat Hadi Subekti,88000000,Toyota Calya 1.2 G At 2016,Sold JBA,2026-03-12,JBA,0.2272727272727273,https://drive.google.com/drive/folders/1Mia-B4QfZz_8jlkznsXd6Kpd3-JvreYr?usp=drive_link,Plan to Redeem,2026-01-02,,,Sold JBA,Pekanbaru,90000000,57000000,-0.36666666666666664,2026-01-08,2026-03-12,68000000,2026-03-12,Sold,,,,,,,,,,,,,,,,,,,,,,,83,,Closed,68000000,GCD-25481,Berkah Auto - Batam (Zulkarnain),178,2025-09-29,Batam,2026-03-12
SFA15508,BP1885YB,2025-12-18,Rahmat Hadi Subekti,144999900,Toyota Fortuner G4X2 Atlx 2012,Sold JBA,2026-03-05,JBA,0.18620633531471398,https://drive.google.com/drive/folders/16yDnpgRJ6z-q6cpjOmPJveD3Iln4I38g?usp=drive_link,Plan to Redeem,2026-01-02,,,Sold JBA,Pekanbaru,145000000,118000000,-0.18620689655172415,2026-01-08,2026-03-05,118000000,2026-03-05,Sold,,,,,,,,,,,,,,,,,,,,,,,77,,Closed,118000000,GCD-20772,Sago Auto (Masriadi),197,2025-08-29,Batam,2026-03-05
SFA15738,A1764UM,2025-12-17,Yanto Sumardi,155000000,Honda New Civic Vti 1.8A/T 2013,Sold JBA,2026-05-15,Auksi,0.3096774193548387,https://drive.google.com/drive/folders/1Lb0kUthqHnvn6okukMdQx5Guj2jQeyKw?usp=drive_link,Plan to Redeem,2026-01-02,,,Sold JBA,POOL AUKSI CILEDUG,155000000,100000000,-0.3548387096774194,2026-01-08,2026-05-15,107000000,2026-05-15,Sold,,,,,,,,,,,,,,,,,,,,,,,149,,Closed,107000000,GCD-21044,DSR Maju Mobilindo (Dhimas tri haryadi),258,2025-09-06,Jabodetabek,2026-05-15
SFA14897,D1434AIL,2025-12-17,Agus Sumarwan,135184000,Wuling Almaz 1.5 T Lux Almaz 1.5 T Lux 2019,Sold JBA,2026-01-09,Tribik,-0.03932418037637597,https://drive.google.com/drive/folders/1r4pu08m0I-w3cidGUexq4kKa-IZ2_OAl?usp=drive_link,Plan to Redeem,2026-01-02,,,Sold JBA,BANDUNG,136000000,136000000,0,2026-01-07,2026-01-09,140500000,2026-01-09,Sold,,,,,,,,,,,,,,,,,,,,,,,23,,Closed,140500000,GCD-9665,Ar Rozzaq Auto (Deddy Mustafa SE),157,2025-08-12,Yogyakarta,2026-01-09
SFA16022,B1381TZC,2025-12-17,Irfan Effendi,84000000,Toyota Yaris S 1.5 M/T 2012,Sold Internal Sales,2026-01-24,Auksi,0.09523809523809523,https://drive.google.com/drive/folders/1epuE8OX4g_FxZHzs8k4rnCwmBEnUtFFA?usp=drive_link,Plan to Redeem,2026-01-02,,,Sold Internal Sales,POOL AUKSI CILEDUG,95000000,79000000,-0.16842105263157894,2025-12-19,2026-01-23,0,,,,,,,,,,76000000,2026-01-24,,Sold,IF Limit,,,,,,,,,,,38,,Closed,76000000,GCD-2754,Captiva Auto 2800 (Mayung),136,2025-09-13,Jabodetabek,2026-01-24
SFA16878,BP1875G,2025-12-16,Rahmat Hadi Subekti,87699900,Toyota Innova V A/T Bensin 2010,Sold JBA,2026-04-02,JBA,0.2702386205685525,https://drive.google.com/drive/folders/1W0hHR494sFp6aNPp3oWT_nF3Zo1Oza6y?usp=drive_link,Plan to Redeem,2026-01-02,,,Sold JBA,Pekanbaru,90000000,63000000,-0.3,2026-01-08,2026-04-02,64000000,2026-04-02,Sold,,,,,,,,,,,,,,,,,,,,,,,107,,Closed,64000000,GCD-20906,PT. MITRA PERMATA KOKOH (KARJUNIAWAN),189,2025-10-07,Batam,2026-04-02
SFA15804,D1040IX,2025-12-15,Agus Sumarwan,83844000,Ford Ecosprt Fiesta S 2014,Sold Internal Sales,2026-01-31,Mobilkulaku,0.14126234435379992,https://drive.google.com/drive/folders/1OknxsBK8SzzvMfOEyeBnKYld9A3BgBiJ?usp=drive_link,Plan to Redeem,2026-01-02,,,Sold Internal Sales,TRIBIK BANDUNG,79500000,76000000,-0.0440251572327044,2026-01-07,2026-01-13,0,,,,,,,,,,72000000,2026-01-31,,Sold,IF Limit,,,,,,,,,,,47,,Closed,72000000,GCD-9665,Ar Rozzaq Auto (Deddy Mustafa SE),148,2025-09-08,Yogyakarta,2026-01-31
SFA15168,B2014TKO,2025-12-12,Agus Sumarwan,90440000,Daihatsu Sigra 1.2 R 2016,Sold Internal Sales,2026-01-28,Tribik,0.1375497567448032,https://drive.google.com/drive/folders/10_URnaUImWMDw_L_QDhBRrRG-AzAk58p?usp=drive_link,Plan to Redeem,2025-12-26,,,Sold Internal Sales,JAKTIM,86000000,76000000,-0.11627906976744186,2026-01-07,2026-01-27,0,,,,,,,,,,78000000,2026-01-28,,Sold,IF Limit,,,,,,,,,,,47,,Closed,78000000,GCD-5053,AR 88 Auto Car (Andronikkus Prabowo Tjahjo),162,2025-08-21,Yogyakarta,2026-01-28
SFA16657,B1683NID,2025-12-12,Agus Sumarwan,74999900,Daihatsu Xenia Xi 1.3 Mt 2011,Sold JBA,2026-01-07,Tribik,0.05333207110942817,https://drive.google.com/drive/folders/1Sx5v5JvsUFeuLlrirTbqlFnfYJ4W4FqZ?usp=drive_link,Plan to Redeem,2025-12-26,,,Sold JBA,TRIBIK TANGSEL,71000000,71000000,0,2026-01-07,2026-01-07,71000000,2026-01-07,Sold,,,,,,,,,,,,,,,,,,,,,,,26,,Closed,71000000,GCD-20447,Secret Auto Garage (Antounius Ekobudi Kristanto),106,2025-09-30,Yogyakarta,2026-01-07
SFA15936,B1294EVM,2025-12-11,Helmy Adam,70999900,Ford Fiesta 1.6 At Sport 2011,Sold JBA,2026-03-12,JBA,0.2957736560192338,https://drive.google.com/drive/folders/1gFFPjrueJNFfNo9-yWA32ca3aaMXOAXK?usp=drive_link,Plan to Redeem,2025-12-26,,,Sold JBA,Semarang,71000000,50000000,-0.29577464788732394,2026-01-08,2026-03-12,50000000,2026-03-12,Sold,,,,,,,,,,,,,,,,,,,,,,,91,,Closed,50000000,GCD-25255,OS Car (Candra Alim Riyadi),196,2025-09-11,Semarang,2026-03-12
SFA15623,B1274WUJ,2025-12-11,Bambang Nugroho,72999900,Ford Fiesta 1.6 At Sport 2011,Sold JBA,2026-03-15,Tribik,0.3150675548870615,https://drive.google.com/drive/folders/1Dybf10ILJzXvIUj2j1Tuq9kHNus1qeNM?usp=drive_link,Plan to Redeem,2025-12-26,,,Sold JBA,TRIBIK - TANGSEL,69000000,55000000,-0.2028985507246377,2026-01-07,2026-03-15,50000000,2026-03-15,Sold,,,,,,,,,,,,,,,,,,,,,,,94,,Closed,50000000,GCD-25233,Wawan Auto Garage (Nyarwanto),196,2025-09-02,Semarang,2026-03-15
SFA15864,L1732FV,2025-12-10,Agus Sumarwan,90000000,Wuling Cortez 1.8 L Lux Amt 2018,Sold JBA,2026-02-04,,0.2222222222222222,https://drive.google.com/drive/folders/15zjVxNO9I0Nit4Zk04VttQ195BeCxqEz?usp=drive_link,Plan to Redeem,2025-12-26,,,Sold JBA,TRIBIKSURABAYA,84000000,70000000,-0.16666666666666666,2026-01-07,2026-02-04,70000000,2026-02-04,Sold,,,,,,,,,,,,,,,,,,,,,,,56,,Closed,70000000,GCD-9665,Ar Rozzaq Auto (Deddy Mustafa SE),155,2025-09-09,Yogyakarta,2026-02-04
SFA15940,B2241SOD,2025-12-08,Agus Sumarwan,153294900,Nissan Serena Highway2.0A/T 2016,Sold JBA,2026-03-12,JBA,0.32809245447826374,https://drive.google.com/drive/folders/1-bvQV36I8C2jkzqK7caMn4ooYN7A36Ye?usp=drive_link,Plan to Redeem,2025-12-26,,,Sold JBA,Semarang,145000000,103000000,-0.2896551724137931,2026-01-08,2026-03-12,103000000,2026-03-12,Sold,,,,,,,,,,,,,,,,,,,,,,,94,,Closed,103000000,GCD-9665,Ar Rozzaq Auto (Deddy Mustafa SE),196,2025-09-11,Yogyakarta,2026-03-12
SFA14419,F1797AAC,2025-12-08,Oky Nur Pratama,126999900,Honda Brio 1.2 Rs Cvt 2019,Sold JBA,2026-01-15,JBA,-0.05511894103853621,https://drive.google.com/drive/folders/1W7qdItFw6jiK1LsDD8m3GVOApyyTeTJp?usp=drive_link,,,,,Sold JBA,Tipar,130000000,130000000,0,2026-01-15,2026-01-15,134000000,2026-01-15,Sold,,,,,,,,,,,,,,,,,,,,,,,38,,Closed,134000000,GCD-20830,Fadhilah Mobilindo (Dicky Chandra Mahendra),183,2025-07-28,Jabodetabek,2026-01-15
SFA16231,B2477SZX,2025-12-03,Agus Sumarwan,157609300,Mazda Biante 2.0 At 2017,Sold JBA,2026-04-09,JBA,0.333795657997339,https://drive.google.com/drive/folders/1nueOE9zi_RGV7gfLb2XEy1oRhWKCMTyy?usp=drive_link,,,,,Sold JBA,Semarang,150000000,105000000,-0.3,2025-12-11,2026-04-09,105000000,2026-04-09,Sold,,,,,,,,,,,,,,,,,,,,,,,127,,Closed,105000000,GCD-9665,Ar Rozzaq Auto (Deddy Mustafa SE),211,2025-09-19,Yogyakarta,2026-04-09
SFA16391,H1498UW,2025-12-29,Agus Sumarwan,79999900,Daihatsu Ayla D Mt 2021,Sold Internal Sales,2026-01-31,Mobilkulaku,0.12499890624863286,https://drive.google.com/drive/folders/135bA9cLUJtOHQLvElukNgIJXnM2dV_ns?usp=drive_link,,,,,Sold Internal Sales,Semarang,80000000,80000000,0,2026-01-08,2026-01-08,0,,,,,,,,,,70000000,2026-01-31,,Sold,IF Limit,,,,,,,,,,,33,,Closed,70000000,GCD-20447,Secret Auto Garage (Antounius Ekobudi Kristanto),132,2025-09-24,Yogyakarta,2026-01-31
SFA15648,B1037SAD,2025-12-30,Hendra Posma Waller Sitompul,105000000,Mercedes Benz E200 Cgi At 2010,Sold Internal Sales,2026-01-27,Galang Motor,0.08571428571428574,https://drive.google.com/drive/folders/1RW9I5ObFTrsnh3QfzJLQJObc7q67lzQD?usp=drive_link,,,,,Sold Internal Sales,Tipar,105000000,96000000,-0.08571428571428572,2026-01-08,2026-01-22,0,,,,,,,,,,96000000,2026-01-27,,Sold,IF Limit,,,,,,,,,,,28,,Closed,96000000,GCD-25062,Manggala Auto (Ferry Jasnawianto),148,2025-09-03,Jabodetabek,2026-01-27
SFA15283,B1301TMH,2025-12-30,Agus Sumarwan,62580000,Toyota Avanza 1.3 G 2006,Sold Internal Sales,2026-01-19,Mobilkulaku,0.04122722914669219,https://drive.google.com/drive/folders/1VAjieBTbggNKuKG30lysE1bCMCAC_w1h?usp=drive_link,,,,,Sold Internal Sales,Semarang,65000000,65000000,0,2026-01-08,2026-01-08,0,,,,,,,,,,60000000,2026-01-19,,Sold,Cash,,,,,,,,,,,20,,Closed,60000000,GCD-5053,AR 88 Auto Car (Andronikkus Prabowo Tjahjo),148,2025-08-25,Yogyakarta,2026-01-19
SFA16460,W1844RE,2025-12-31,Agus Sumarwan,87974900,Honda Accord Vti At 2.4 2008,Sold Internal Sales,2026-02-11,Mobilkulaku,0.08496628015490781,https://drive.google.com/drive/folders/1vPj6h6pH4IN4FglW_2pLakBm9lLSIHFE?usp=drive_link,,,,,Sold Internal Sales,Semarang,88000000,85000000,-0.03409090909090909,2026-01-08,2026-01-15,0,,,,,,,,,,80500000,2026-02-11,,Sold,Cash,,,,,,,,,,,42,,Closed,80500000,GCD-9665,Ar Rozzaq Auto (Deddy Mustafa SE),140,2025-09-25,Yogyakarta,2026-02-11
SFA16149,BG1043BM,2025-12-31,PT Liber,100000000,Wuling Cortez 1.5 C 2019,Sold JBA,2026-02-24,JBA Modalku,0.12,https://drive.google.com/drive/folders/1KZswPAzy41JJO0fGmNCh8n4jzeHxFZgg?usp=drive_link,,,,,Sold JBA,Palembang,100000000,88000000,-0.12,2026-01-13,2026-02-24,88000000,2026-02-24,Sold,,,,,,,,,,,,,,,,,,,,,,,55,,Closed,88000000,GCD-25282,Adian Mobilindo (Dian Mellany),170,2025-09-17,Palembang,2026-02-24
SFA16589,B2455SMK,2026-01-01,Agus Sumarwan,165499900,Toyota Camry 2.5 V At 2015,Sold Internal Sales,2026-05-22,Mobilkulaku,0.033232044248969306,https://drive.google.com/drive/folders/1BifR0YVKMsnqQ_042Q5vXzdKo7me6Xaj?usp=drive_link,,,,,Sold Internal Sales,Semarang,166000000,163000000,-0.018072289156626505,2026-01-08,2026-01-15,0,,,,,,,,,,160000000,2026-05-22,,Sold,Cash,,,,,,,,,,,141,,Closed,160000000,GCD-9665,Ar Rozzaq Auto (Deddy Mustafa SE),236,2025-09-29,Yogyakarta,2026-05-22
SFA17577,B2256KBJ,2026-01-07,Muhammad Rajif Assalabi,80000000,Toyota Camry G 2.4 A/T 2010,Sold JBA,2026-01-09,Auksi,0,https://drive.google.com/drive/folders/1qdSzobrU9mvtBC-qGXD0aZ1ZPL09v-vc?usp=drive_link,Plan to Redeem,2026-01-31,,,Sold JBA,POOL AUKSI CILEDUG,80000000,80000000,0,2026-01-09,2026-01-09,80000000,2026-01-09,Sold,,,,,,,,,,,,,,,,,,,,,,,2,,Closed,80000000,GCD-20417,Fortune Garage (Tonny Agung Saputra T),73,2025-10-29,Jabodetabek,2026-01-09
SFA16308,BG1383NK,2026-01-08,Arif Wijoto,99500000,Honda Brio Satya 1.2 E Cvt 2017,Sold JBA,2026-01-27,JBA,-0.055276381909547645,https://drive.google.com/drive/folders/16aKH7Bm5PRj2-v_JTIqS7Qz5iYsBmKuh?usp=drive_link,Plan to Redeem,2026-01-23,,,Sold JBA,Palembang,100000000,100000000,0,2026-01-27,2026-01-27,105000000,2026-01-27,Sold,,,,,,,,,,,,,,,,,,,,,,,19,,Closed,105000000,GCD-25248,Dimas Autocars (Evi Indayani),136,2025-09-22,Palembang,2026-01-27
SFA15855,Z1311AQ,2026-01-08,PT Liber,86999900,Daihatsu Ayla X Mt 2018,Sold JBA,2026-01-27,JBA Modalku,0.09195297925629797,https://drive.google.com/drive/folders/16vumtAtokjBrTeVc_Y9Ma2EUXyAQHu1_?usp=drive_link,,,,,Sold JBA,Palembang,88000000,79000000,-0.10227272727272728,2026-01-13,2026-01-27,79000000,2026-01-27,Sold,,,,,,,,,,,,,,,,,,,,,,,19,,Closed,79000000,GCD-25371,Dua Putri Auto (Jossi Ramdonni ST),149,2025-09-09,Palembang,2026-01-27
SFA16004,BP1071CF,2026-01-10,Rahmat Hadi Subekti,111000000,Toyota Rush S Vvti 1.5 A/T 2014,Sold JBA,2026-03-12,JBA,0.2072072072072072,https://drive.google.com/drive/folders/16dOTYQyg_851R6svg9DkOK33HzfWmyIF?usp=drive_link,Plan to Redeem,2026-01-24,,,Sold JBA,Pekanbaru,111000000,88000000,-0.2072072072072072,2026-01-29,2026-03-12,88000000,2026-03-12,Sold,,,,,,,,,,,,,,,,,,,,,,,61,,Closed,88000000,GCD-25195,Pelangi Mobil - Batam (Syabaruddin Harahap S AG),195,2025-09-12,Batam,2026-03-12
SFA16465,B1590PJC,2026-01-11,PT Liber,100000000,Toyota Fortuner G 2.7 At 2011,Sold JBA,2026-04-16,JBA Modalku,0.15000000000000002,https://drive.google.com/drive/folders/17dSZ5vEBbUHOcH_-48Eav2Ysih8FP_1R?usp=drive_link,,,,,Sold JBA,Palembang,110000000,92000000,-0.16363636363636364,2026-01-20,2026-03-17,85000000,2026-04-16,Sold,,,,,,,,,,,,,,,,,,,,,,,95,,Closed,85000000,GCD-25094,Jo Mobilindo (David Nataleo),226,2025-09-25,Palembang,2026-04-16
SFA16992,B2558JR,2026-01-14,Muhamad Adi Munandar,95999900,Nissan X-Trail Xtrial 2. 5 Wdcvtxtat 2011,Sold JBA,2026-03-26,JBA,0.16666579861020692,https://drive.google.com/drive/folders/1USY_0vsrJkiBCbccE5piht2NRaSCQ0-j?usp=drive_link,Plan to Redeem,2026-01-29,,,Sold JBA,Tipar,110000000,80000000,-0.2727272727272727,2026-02-05,2026-03-26,80000000,2026-03-26,Sold,,,,,,,,,,,,,,,,,,,,,,,71,,Closed,80000000,GCD-20651,Dua Putri Mobil (Mohamad Ismail),179,2025-10-10,Jabodetabek,2026-03-26
SFA16516,B1894ERR,2026-01-15,PT Bhinneka,95000000,Daihatsu Sigra 1.2 R 2019,Sold JBA,2026-05-13,JBA Modalku,0.2947368421052632,https://drive.google.com/drive/folders/1MFBlT_JmhLCebhyecISPSb2u5wW_Z1B6?usp=drive_link,,,,,,,,87000000,,,,67000000,2026-05-13,,,,,,,,,,,,,,,,,,,,,,,,118,,Closed,67000000,GCD-25189,3MJ Mobilindo (Michael Dody Bob Sanjaya Tampubolon),243,2025-09-26,Palembang,2026-05-13
SFA15172,B1839BOG,2026-01-17,Agus Sumarwan,57800000,Kia Rio Se 1.4 At 2011,Sold JBA,2026-03-26,JBA,0.44636678200692037,https://drive.google.com/drive/folders/10YQWu5-B_9RA433thiOpL_KKqGbgsJAB?usp=drive_link,Plan to Redeem,2026-01-31,,,Sold JBA,Jakarta Raya,60000000,45000000,-0.25,2026-02-05,2026-03-31,32000000,2026-03-26,Sold,,,,,,,,,,,,,,,,,,,,,,,70,,Closed,32000000,GCD-5053,AR 88 Auto Car (Andronikkus Prabowo Tjahjo),229,2025-08-21,Yogyakarta,2026-03-26
SFA15914,BD1033GB,2026-01-21,PT Liber,86600000,Daihatsu Sigra 1.2 X 2018,Sold JBA,2026-04-17,JBA Modalku,0.09930715935334877,https://drive.google.com/drive/folders/1uhmSGs742tyYACWErB9VltjufAj-gTau?usp=drive_link,,,,,Sold JBA,Palembang,87000000,85000000,-0.022988505747126436,2026-01-27,2026-03-17,78000000,2026-04-17,Sold,,,,,,,,,,,,,,,,,,,,,,,86,,Closed,78000000,GCD-21143,ZR Auto Mobilindo (Erni kurniawati),219,2025-09-11,Palembang,2026-04-17
SFA16507,BG1569AAM,2026-01-26,PT Liber,90000000,Toyota Yaris 1.5 S Ltd At 2011,Sold JBA,2026-04-17,JBA Modalku,0.18888888888888888,https://drive.google.com/drive/folders/1Qz4l21U0vCzZj58Mbw8A_ryYJ2H_6wcc?usp=drive_link,,,,,Sold JBA,Palembang,105000000,77000000,-0.26666666666666666,2026-02-03,2026-03-17,73000000,2026-04-17,Sold,,,,,,,,,,,,,,,,,,,,,,,81,,Closed,73000000,GCD-20981,Kevin Auto Sukses (Robi Saputri),204,2025-09-26,Palembang,2026-04-17
SFA17650,B101BBY,2026-01-28,PT Tania,88900000,"Nissan X-Trail 2,5 At 2015",Sold JBA,2026-02-18,JBA,0,https://drive.google.com/drive/folders/1cY3DNVqlUT-kgq4ElSjdrLdAwjUSMH9B?usp=drive_link,,,,,Sold JBA,,,,,,,88900000,2026-02-18,Sold,,,,,,,,,,,,,,,,,,,,,,,21,,Closed,88900000,GCD-25165,Kevin Auto Car (Putra Pratama ),111,2025-10-31,Jabodetabek,2026-02-18
SFA18223,BG1287DW,2026-01-28,PT Liber,105600000,Wuling Cortez Cortez 1.8L 2020,Sold Internal Sales,2026-03-11,Tribik,0.1477272727272727,https://drive.google.com/drive/folders/14slUNshml28z6rycO14ULo2HIOgX96Iy?usp=drive_link,,,,,Sold Internal Sales,TRIBIK - PALEMBANG,107000000,95000000,-0.11214953271028037,2026-02-04,2026-03-10,0,,,,,,,,,,90000000,2026-03-11,,Sold,Cash,,,,,,,,,,,42,,Closed,90000000,GCD-4455,Ken Mobilindo - Palembang (Vindi Yanto),113,2025-11-19,Palembang,2026-03-11
SFA18224,BH1373MH,2026-01-28,PT Liber,96800000,Chevrolet Captiva Lt Awd 2.0 At 2013,Sold JBA,2026-03-04,Tribik,0.04958677685950408,https://drive.google.com/drive/folders/1nh4kwYYcunZw1lAjhkAZefyZ_KFJhAoG?usp=drive_link,,,,,Sold JBA,Tribik - Palembang,99000000,69000000,-0.30303030303030304,2026-02-04,2026-05-05,92000000,2026-03-04,Sold,,,,,,,,,,,,,,,,,,,,,,,35,,Closed,92000000,GCD-4455,Ken Mobilindo - Palembang (Vindi Yanto),174,2025-11-19,Palembang,2026-03-04
SFA17270,B1470FBL,2026-01-31,Purnomo Ajie Nugroho,51000000,"Nissan Teana Teana 2,5 Cvt (4X2) 2010",Sold Internal Sales,2026-03-30,JBA,-0.07843137254901955,https://drive.google.com/drive/folders/13KwgjNOi4vQxmnf5Cfx4YfpBbSHxh-rf?usp=drive_link,Plan to Redeem,2026-03-14,,,Sold Internal Sales,Tipar,62000000,62000000,0,2026-03-26,2026-03-26,0,,,,,,,,,,55000000,2026-03-30,,Sold,Cash,,,,,,,,,,,58,,Closed,55000000,GCD-25165,Kevin Auto Car (Putra Pratama ),161,2025-10-21,Jabodetabek,2026-03-30
SFA18957,B2295KGT,2026-01-31,Purnomo Ajie Nugroho,58400000,Nissan Serena Highway 2.0 At 2010,Sold Internal Sales,2026-03-28,JBA,0.006849315068493178,https://drive.google.com/drive/folders/1m1rZL3Tk9KbfnTJ6Tk-OdOEmDFRgU7Do?usp=drive_link,Plan to Redeem,2026-03-14,,,Sold Internal Sales,Tipar,67000000,67000000,0,2026-03-26,2026-03-26,0,,,,,,,,,,58000000,2026-03-28,,Sold,Cash,,,,,,,,,,,56,,Closed,58000000,GCD-25165,Kevin Auto Car (Putra Pratama ),108,2025-12-11,Jabodetabek,2026-03-28
SFA16400,B2607STU,2026-02-02,PT Tania,83499900,Nissan Grand Livina 1.5A/T Xv 2014,Sold Internal Sales,2026-04-24,JBA Modalku,0.26946020294635087,https://drive.google.com/drive/folders/1twG4soF1n47iWNqCiVx2Z2YCAubuHGfg?usp=drive_link,,,,,Sold Internal Sales,Jakarta Raya,98000000,70000000,-0.2857142857142857,2026-02-19,2026-04-07,0,,,,,,,,,,61000000,2026-04-24,,Sold,Cash,,,,,,,,,,,81,,Closed,61000000,GCD-20853,N'cek Garage (Fajria Gandis Lamoren),213,2025-09-24,Jabodetabek,2026-04-24
SFA18193,F1493FNG,2026-02-03,PT Tania,110000000,Toyota Corolla Altis V 2.0 At 2012,Sold JBA,2026-03-10,JBA Modalku,0.045454545454545414,https://drive.google.com/drive/folders/17V4HvVOuUsvnrey8EnpzARS2rUjFW0Mn?usp=drive_link,Plan to Redeem,2026-03-07,,,Sold JBA,Jakarta Raya,105000000,105000000,0,2026-03-10,2026-03-10,105000000,2026-03-10,Sold,,,,,,,,,,,,,,,,,,,,,,,35,,Closed,105000000,GCD-20417,Fortune Garage (Tonny Agung Saputra T),128,2025-11-18,Jabodetabek,2026-03-10
SFA16286,BG1172HP,2026-02-04,PT Bhinneka,100000000,Nissan Juke Cvt At 2012,Sold JBA,2026-03-17,JBA Modalku,0.13,https://drive.google.com/drive/folders/1kmmXqGYddth_EAKblJoJRp87TjLFyPZl?usp=drive_link,,,,,Sold JBA,Palembang,116000000,87000000,-0.25,2026-02-16,2026-03-17,87000000,2026-03-17,Sold,,,,,,,,,,,,,,,,,,,,,,,41,,Closed,87000000,GCD-20981,Kevin Auto Sukses (Robi Saputri),193,2025-09-22,Palembang,2026-03-17
SFA15655,BG1171IE,2026-02-06,PT Tania,130000000,Mazda Biante 2.0 At 2014,Sold JBA,2026-04-26,JBA Modalku,0.23076923076923073,https://drive.google.com/drive/folders/10L0nWmXB7nP7OWEjzNQKmHgHjysk7-dd?usp=drive_link,,,,,Sold JBA,Tipar,149000000,102000000,-0.31543624161073824,2026-02-19,2026-04-23,100000000,2026-04-28,Sold,,,,,,,,,,,,,,,,,,,,,,,79,,Closed,100000000,GCD-4562,R&R Auto (Yusrizal Lukmanul Hakim),248,2025-09-03,Palembang,2026-04-26
SFA12653,K1552JG,2026-02-07,PT Bhinneka,140000000,Honda New Jazz Rs-Cvt 2016,Sold Internal Sales,2026-02-19,JBA,0.0357142857142857,https://drive.google.com/drive/folders/1vnJ2w9SCPnhfWvmhP8mcchk3xKwtrH6U?usp=drive_link,,,,,Sold Internal Sales,Semarang,185000000,185000000,0,2026-02-19,2026-02-19,0,,,,,,,,,,135000000,2026-02-19,,Sold,Cash,,,,,,,,,,,12,,Closed,135000000,GCD-20670,3D Mobil (Ririh Anuraga Mulia Putra),268,2025-05-28,Semarang,2026-02-19
SFA18194,B1620UJL,2026-02-07,Satria Pratama,200000000,Mitsubishi Pajero Dakar 4X2 2.5 At 2015,Sold Internal Sales,2026-03-04,Tribik,0.050000000000000044,https://drive.google.com/drive/folders/1CktWJmeLYZUOEqA3mwLXCv-JiqYJ4cLS?usp=drive_link,Plan to Redeem,2026-02-23,,,Sold Internal Sales,TRIBIK - PALEMBANG,215000000,210000000,-0.023255813953488372,2026-02-24,2026-03-04,0,,,,,,,,,,190000000,2026-03-04,,Sold,Cash,,,,,,,,,,,25,,Closed,190000000,GCD-25503,"A2 Mobilindo (Adek Pitriani, Dr)",107,2025-11-18,Palembang,2026-03-04
SFA17743,B1542CZQ,2026-02-10,Rasyid Sidik,95000000,Nissan Livina Ve 2019,Sold Internal Sales,2026-03-12,JBA,-0.26315789473684204,https://drive.google.com/drive/folders/1IIzUGBC_-ahWG08p_yICQP1zYCZm6Us8?usp=drive_link,Plan to Redeem,2026-02-28,,,Sold Internal Sales,Tipar,160000000,153000000,-0.04375,2026-03-05,2026-03-12,0,,,,,,,,,,120000000,2026-03-12,,Sold,Cash,,,,,,,,,,,30,,Closed,120000000,GCD-16004,Allison Automobile (Alvian Anwar),127,2025-11-06,Jabodetabek,2026-03-12
SFA17653,B2759BIJ,2026-02-11,PT Bhinneka,86000000,Daihatsu Sigra M 1.0 Mt 2019,Unit On-Hand,,JBA Modalku,,https://drive.google.com/drive/folders/1htQgkL1UHyqB-EEMhaVqXBdf7RPOLcp6?usp=drive_link,,,,,,Palembang,102000000,77000000,-0.24509803921568626,2026-02-16,2026-03-17,0,,,,,,,,,,,,,,,,,,,,,,,,,113,,Closed,0,GCD-4455,Ken Mobilindo - Palembang (Vindi Yanto),210,2025-10-31,Palembang,
SFA18037,BP1172EC,2026-02-12,Rahmat Hadi Subekti,96899900,Toyota Agya G 1.2 At 2019,Sold JBA,2026-04-30,JBA,0.14344596846849167,https://drive.google.com/drive/folders/1IpeneAUvVp3qgSA87lKShtGWWwK_T8GM?usp=drive_link,Plan to Redeem,2026-03-06,,,Sold JBA,Pekanbaru,120000000,83000000,-0.30833333333333335,2026-03-12,2026-04-30,83000000,2026-04-30,Sold,,,,,,,,,,,,,,,,,,,,,,,77,,Closed,83000000,GCD-25576,Maju Jaya Mobilindo (Sasdi),182,2025-11-12,Batam,2026-04-30
SFA17651,D1128AHG,2026-02-12,PT Bhinneka,85582000,Toyota Calya G 1.2 At 2018,Unit On-Hand,,JBA Modalku,,https://drive.google.com/drive/folders/1wyWvQD3a9tYAPeUn5bZH4iteoKhbxbGo?usp=drive_link,,,,,,Palembang,87000000,83000000,-0.04597701149425287,2026-03-03,2026-03-17,0,,,,,,,,,,,,,,,,,,,,,,,,,112,,217,0,GCD-4562,R&R Auto (Yusrizal Lukmanul Hakim),217,2025-10-31,Palembang,
SFA14961,F1621FG,2026-02-13,PT.Cakra Kembar Bersaudara,140999900,Toyota Innova G A/T Bensin 2013,Sold Internal Sales,2026-04-08,JBA,0.14893556662096918,https://drive.google.com/drive/folders/1dj1kfz0jBKZ788zu_aZT63m2r8FSfvf6?usp=drive_link,Plan to Redeem,2026-02-28,,,Sold Internal Sales,Tipar,155000000,138000000,-0.10967741935483871,2026-03-05,2026-03-26,0,,,,,,,,,,120000000,2026-04-08,,Sold,Cash,,,,,,,,,,,54,,Closed,120000000,GCD-20853,N'cek Garage (Fajria Gandis Lamoren),238,2025-08-14,Jabodetabek,2026-04-08
SFA17601,B2239UZI,2026-02-13,PT Bhinneka,91999900,Daihatsu Sigra X 1.2 Mt 2021,Sold JBA,2026-03-10,JBA Modalku,0.05434679820304156,https://drive.google.com/drive/folders/1XC16XAlG_gD-vPSopgnmAwx36KCDyCZr?usp=drive_link,,,,,Sold JBA,Palembang,92000000,87000000,-0.05434782608695652,2026-03-03,2026-03-10,87000000,2026-03-10,Sold,,,,,,,,,,,,,,,,,,,,,,,25,,Closed,87000000,GCD-20981,Kevin Auto Sukses (Robi Saputri),147,2025-10-30,Palembang,2026-03-10
SFA17211,B1779VMA,2026-02-18,PT Tania,51000000,Nissan Serena Ct 2.0 A/T 2010,Sold JBA,2026-03-17,JBA Modalku,0.11764705882352944,https://drive.google.com/drive/folders/1udEWvHO_TBcsp1IBdDNjOJNKAeQrxDBf?usp=drive_link,,,,,Sold JBA,Jakarta Raya,50000000,45000000,-0.1,2026-03-03,2026-03-17,45000000,2026-03-17,Sold,,,,,,,,,,,,,,,,,,,,,,,27,,Closed,45000000,GCD-18734,Anugrah Motor (Dadyo gung ponco wibowo),167,2025-10-17,Jabodetabek,2026-03-17
SFA16978,B27CLR,2026-02-19,Rasyid Sidik,650000000,Toyota Vellfire 2.5 G At 2022,Sold Internal Sales,2026-02-24,Auksi,-0.02538461538461534,https://drive.google.com/drive/folders/1Uom-M0rSr-0_Wq-dhNwrLHrZjPCZ3JCE?usp=drive_link,Plan to Redeem,2026-03-07,,,Sold Internal Sales,,,,,,,0,,,,,,,,,,666500000,2026-02-24,,Sold,Cash,,,,,,,,,,,5,,Closed,666500000,GCD-16004,Allison Automobile (Alvian Anwar),124,2025-10-24,Jabodetabek,2026-02-24
SFA18207,BG1843RE,2026-02-21,Ogi Falma Simanullang,100000000,Daihatsu Sirion D Deluxe 1.3 Mt 2017,Sold Internal Sales,2026-03-17,JBA,0.020000000000000018,https://drive.google.com/drive/folders/1Y3rywNoRTeQrGQ7IJ8x4JvJRN37eh-mu?usp=drive_link,Plan to Redeem,2026-03-13,,,Sold Internal Sales,,,,,,,0,,,,,,,,,,98000000,2026-03-17,,Sold,Cash,,,,,,,,,,,24,,Closed,98000000,GCD-25215,HGM Auto (Albeth),120,2025-11-18,Palembang,2026-03-17
SFA18126,SFA19589,2026-02-22,Wahyu Prasetyadi Wicaksono,81999900,Peugeot 5008 1.6 At 2012,Unit On-Hand,,JBA,,https://drive.google.com/drive/folders/1EPaDGXwOkEu7-bLwiIvLN2vCxiL6qZv-?usp=drive_link,Plan to Redeem,2026-03-16,,,,,,,,,,0,,,,,,,,,,,,,,,,,,,,,,,,,102,,202,0,GCD-18734,Anugrah Motor (Dadyo gung ponco wibowo),202,2025-11-15,Jabodetabek,
SFA18840,B2016PFB,2026-02-24,PT Bhinneka,83000000,Toyota Calya G 1.2 At 2017,Unit On-Hand,,JBA Modalku,,https://drive.google.com/drive/folders/1Vhn6wtkTML6ayFUdK60YE5bxurmQs0Rm?usp=drive_link,Plan to Redeem,2026-03-11,,,,Palembang,88000000,88000000,0,2026-03-17,2026-03-17,0,,,,,,,,,,,,,,,,,,,,,,,,,100,,177,0,GCD-25260,Aliando auto car (Karmansyah),177,2025-12-10,Palembang,
SFA16796,BP1382QO,2026-02-25,PT Bhinneka,91999900,"Honda Crv Re1 2Wd 2,4 At 2012",Unit On-Hand,,JBA Modalku,,https://drive.google.com/drive/folders/1eKd5Bjn7eMJUAug4wJflc8l_F0TBebVz?usp=drive_link,Plan to Redeem,2026-03-12,,,,Pekanbaru,103000000,98000000,-0.04854368932038835,2026-03-26,2026-04-16,0,,,,,,,,,,,,,,,,,,,,,,,,,99,,244,0,GCD-20906,PT. MITRA PERMATA KOKOH (KARJUNIAWAN),244,2025-10-04,Batam,
SFA17149,D1706UAY,2026-02-26,PT Bhinneka,100999900,Honda Brio S M/T 2019,Unit On-Hand,,JBA Modalku,,https://drive.google.com/drive/folders/1yY72jrOPgZyVh3I7T9aqv0qU3HSMjdx6?usp=drive_link,Plan to Redeem,2026-03-13,,,,Palembang,128000000,128000000,0,2026-03-17,2026-03-17,0,,,,,,,,,,,,,,,,,,,,,,,,,98,,Closed,0,GCD-20498,SA Auto (Riki),201,2025-10-16,Palembang,
SFA17396,BG1404MA,2026-02-26,PT Bhinneka,149999900,Toyota Alphard 2.4 G 2008,Unit On-Hand,,JBA Modalku,,https://drive.google.com/drive/folders/1tNJciwJcz32ibg44W1wXahoJEVX217kQ?usp=drive_link,Plan to Redeem,2026-03-13,,,,Palembang,157000000,157000000,0,2026-03-17,2026-03-17,0,,,,,,,,,,,,,,,,,,,,,,,,,98,,221,0,GCD-20621,Allea Sejahtera Mobilindo (Tri aji sutrisna),221,2025-10-27,Palembang,
SFA20469,BP1247J,2026-02-27,Rahmat Hadi Subekti,105999900,Toyota Agya G Trd 1.2 Mt 2020,Sold JBA,2026-05-07,JBA,0.17924450872123465,https://drive.google.com/drive/folders/1PoJgfrWxT-3dwAeNh8HJvjothKvZHx1G?usp=drive_link,Plan to Redeem,2026-03-14,,,Sold JBA,Pekanbaru,118000000,87000000,-0.2627118644067797,2026-03-26,2026-05-07,87000000,2026-05-07,Sold,,,,,,,,,,,,,,,,,,,,,,,69,,Closed,87000000,GCD-25228,Showroom Car 88  (Nora Oktavia ),94,2026-02-14,Batam,2026-05-07
SFA19589,BP1196ID,2026-02-27,Rahmat Hadi Subekti,100000000,Daihatsu Xenia R 1.3 At 2016,Sold JBA,2026-05-28,JBA,0.30000000000000004,https://drive.google.com/drive/folders/1r3x2GoJeqZOaueiBNFvtDIw5-L-Reg4Z?usp=drive_link,Plan to Redeem,2026-03-14,,,Sold JBA,Pekanbaru,117000000,70000000,-0.4017094017094017,2026-03-12,2026-05-28,70000000,2026-05-28,Sold,,,,,,,,,,,,,,,,,,,,,,,90,,142,70000000,GCD-21004,Mardison Mobilidno (Mardison),142,2026-01-14,Batam,2026-05-28
SFA19285,BP1935QO,2026-02-27,Rahmat Hadi Subekti,179000000,Toyota Yaris Trd Sportivo 1.5 At 2018,Sold Internal Sales,2026-05-15,JBA,0.2178770949720671,https://drive.google.com/drive/folders/1tCQhVl0Oq6PW-IfEtMqCL4fW_7MXSDpr?usp=drive_link,,,,,Sold Internal Sales,Pekanbaru,185000000,150000000,-0.1891891891891892,2026-03-12,2026-05-07,0,,,,,,,,,,140000000,2026-05-15,,Sold,Cash,,,,,,,,,,,77,,Closed,140000000,GCD-25615,Ivan Motor (Ivan),143,2025-12-24,Batam,2026-05-15
SFA18695,BP1132EJ,2026-03-02,Rahmat Hadi Subekti,95999900,Toyota Innova G Bensin 2.0 At 2012,Unit On-Hand,,JBA,,https://drive.google.com/drive/folders/1p1eemuO507Is1uuAUnQxxEpYA2st4MMw?usp=drive_link,Plan to Redeem,2026-03-17,,,,Pekanbaru,139000000,85000000,-0.38848920863309355,2026-03-26,2026-06-04,0,,,,,,,,,,,,,,,,,,,,,,,,,94,,186,0,GCD-25507,Kembara Showroom Mobilindo (Afrizal S.),186,2025-12-01,Batam,
SFA18333,BG1681UP,2026-03-08,PT Bhinneka,49999900,Ford Fiesta Trend 1.4 Mt 2012,Sold JBA,2026-04-16,JBA Modalku,-0.06000212000423999,https://drive.google.com/drive/folders/1flriu1lDenrZvk84GnZxTqrK1OrcxOzX?usp=drive_link,Plan to Redeem,2026-03-23,,,Sold JBA,,,,,,,53000000,2026-04-16,Sold,,,,,,,,,,,,,,,,,,,,,,,39,,Closed,53000000,GCD-20769,Doa Ibu Garage (Edi hermanto),169,2025-11-21,Palembang,2026-04-16
SFA18066,BG1641TI,2026-03-11,PT Bhinneka,86500000,Daihatsu Sigra D 1.0 Mt 2021,Unit On-Hand,,JBA Modalku,,https://drive.google.com/drive/folders/1ddO6S7omEeKgxT0CpvFAqqOkyvTgecsa?usp=drive_link,Plan to Redeem,2026-03-27,,,,,,,,,,0,,,,,,,,,,,,,,,,,,,,,,,,,85,,203,0,GCD-20691,Wijaya Mobilindo (Topan Wijaya),203,2025-11-14,Palembang,
SFA15959,F1739DX,2026-03-18,PT Bala Manunggal Abadi,109000000,Suzuki Ertiga Gx A/T 2015,Sold Internal Sales,2026-04-16,JBA,0.03669724770642202,https://drive.google.com/drive/folders/1hcAQpBala0BMIp8UQZIHM2F51_yilQC7?usp=drive_link,Plan to Redeem,2026-04-03,,,Sold Internal Sales,,,,,,,0,,,,,,,,,,105000000,2026-04-16,,Sold,Cash,,,,,,,,,,,29,,Closed,105000000,GCD-20830,Fadhilah Mobilindo (Dicky Chandra Mahendra),217,2025-09-12,Jabodetabek,2026-04-16
SFA19132,BP1765CH,2026-03-25,Rahmat Hadi Subekti,143000000,Daihatsu Sigra R Deluxe 1.2 Mt 2024,Unit On-Hand,,JBA,,https://drive.google.com/open?id=1UMIhHOud2XgPn8I22kR23z2WjmLCjF0n&usp=drive_copy,Plan to Redeem,2026-04-09,,,,Pekanbaru,140000000,108000000,-0.22857142857142856,2026-04-16,2026-06-04,0,,,,,,,,,,,,,,,,,,,,,,,,,71,,169,0,GCD-25543,Jarwo Motor (Sudirwa),169,2025-12-18,Batam,
SFA18777,A1292BP,2026-03-27,Adzim Muttaqin,81500000,Toyota Calya G 1.2 At 2019,Sold Internal Sales,2026-04-06,JBA,-0.030674846625766916,https://drive.google.com/drive/folders/1gc1OuYdsN1ZwzkbxZd_NxUVdhDwwdR8Q?usp=drive_link,Plan to Redeem,2026-04-11,,,Sold Internal Sales,,,,,,,0,,,,,,,,,,84000000,2026-04-06,,Sold,Cash,,,,,,,,,,,10,,Closed,84000000,GCD-25414,Ragil Mobil (Sugianto),124,2025-12-04,Surabaya,2026-04-06
SFA20203,BP1384MD,2026-03-27,Rahmat Hadi Subekti,137000000,Toyota Yaris G 1.5 At 2017,Unit On-Hand,,JBA,,https://drive.google.com/drive/folders/1xYcKXQy1GU8VF0MJjtroC-SlXiKUiqEO?usp=drive_link,Plan to Redeem,2026-04-11,,,,Pekanbaru,147000000,107000000,-0.272108843537415,2026-04-16,2026-06-04,0,,,,,,,,,,,,,,,,,,,,,,,,,69,,122,0,GCD-20930,Central Auto Car (Andi putra),122,2026-02-03,Batam,
SFA19206,BP1357RQ,2026-03-30,Rahmat Hadi Subekti,199999900,Toyota Veloz 1.5 Mt 2022,Unit On-Hand,,JBA,,https://drive.google.com/drive/folders/1kLZtKagDXUUVeDuPt1dtulj8SQXHl4Tq?usp=drive_link,Plan to Redeem,2026-04-14,,,,Pekanbaru,223000000,170000000,-0.23766816143497757,2026-04-16,2026-06-04,0,,,,,,,,,,,,,,,,,,,,,,,,,66,,142,0,GCD-25596,DJ Auto Mobilindo Batam (Darma Juni),142,2026-01-14,Batam,
SFA19251,BP1631ME,2026-03-30,Rahmat Hadi Subekti,118400000,Suzuki Ertiga Gx 1.4 At 2017,Unit On-Hand,,JBA,,https://drive.google.com/drive/folders/18sP4_Sxkr1bZDgPRHvUKl2kGAya6qUzm?usp=drive_link,Plan to Redeem,2026-04-14,,,,Pekanbaru,130000000,88000000,-0.3230769230769231,2026-04-16,2026-06-04,0,,,,,,,,,,,,,,,,,,,,,,,,,66,,164,0,GCD-25204,Pratama Jaya Mobilindo (Niko Pratama),164,2025-12-23,Batam,
SFA19004,H1176RL,2026-03-31,Rahadian Kusuma,130000000,Honda Brio Satya E 1.2 At 2022,Sold JBA,2026-05-28,JBA,0.15384615384615385,https://drive.google.com/drive/folders/1y-S-zNGittcn44MqSNyI9nHXTvzsFLba?usp=drive_link,Plan to Redeem,2026-04-15,,,Sold JBA,Semarang,156000000,110000000,-0.2948717948717949,2026-04-16,2026-05-28,110000000,2026-05-28,Sold,,,,,,,,,,,,,,,,,,,,,,,58,,175,110000000,GCD-25303,Wong Cars (Suyatno ),175,2025-12-12,Semarang,2026-05-28
SFA20775,BP1720HA,2026-04-01,Rahmat Hadi Subekti,126000000,Toyota Avanza Facelift G 1.3 At 2019,Sold JBA,2026-04-23,JBA,-0.0714285714285714,https://drive.google.com/drive/folders/1FbfpgMVpK5hK_lfFI4MShL-pdIRLXV2u?usp=drive_link,Plan to Redeem,2026-04-16,,,Sold JBA,Pekanbaru,135000000,113000000,-0.16296296296296298,2026-04-23,2026-05-21,135000000,2026-04-23,Sold,,,,,,,,,,,,,,,,,,,,,,,22,,Closed,135000000,GCD-25563,Showroom Automatic (Meng Baja Wasita),96,2026-02-28,Batam,2026-04-23
SFA20756,BP1026PM,2026-04-01,Rahmat Hadi Subekti,65000000,Daihatsu Luxio X 1.5 Mt 2010,Sold JBA,2026-05-28,JBA,0.23076923076923073,https://drive.google.com/drive/folders/1PvzzvJn79tp9zU75sZXLVFRBFBvSusht?usp=drive_link,Plan to Redeem,2026-04-16,,,Sold JBA,Pekanbaru,70000000,50000000,-0.2857142857142857,2026-04-23,2026-05-28,50000000,2026-05-28,Sold,,,,,,,,,,,,,,,,,,,,,,,57,,98,50000000,GCD-25563,Showroom Automatic (Meng Baja Wasita),98,2026-02-27,Batam,2026-05-28
SFA19505,BP1276HG,2026-04-13,Rahmat Hadi Subekti,98000000,Toyota Avanza Vvt-I G 1.3 At 2015,Unit On-Hand,,JBA,,https://drive.google.com/drive/folders/1kM-qRaOL1Qjeh4i4oNmEr0KsW10lYXv-?usp=drive_link,Plan to Redeem,2026-04-28,,,,Pekanbaru,100000000,85000000,-0.15,2026-05-07,2026-06-04,0,,,,,,,,,,,,,,,,,,,,,,,,,52,,150,0,GCD-25385,Uda Auto (M. Nasir),150,2026-01-06,Batam,
SFA20366,BM1802EG,2026-04-16,Rahmat Hadi Subekti,58000000,Datsun Go Plus T 1.2 Mt 2016,Unit On-Hand,,JBA,,https://drive.google.com/drive/folders/1r3x2GoJeqZOaueiBNFvtDIw5-L-Reg4Z?usp=drive_link,Plan to Redeem,2026-05-02,,,,Pekanbaru,60000000,45000000,-0.25,2026-05-07,2026-06-04,0,,,,,,,,,,,,,,,,,,,,,,,,,49,,115,0,GCD-11492,Mega Auto Car (Guntur Radius Prawiro Mandala),115,2026-02-10,Batam,
SFA21057,BP1348DQ,2026-04-20,Rahmat Hadi Subekti,67000000,Toyota Avanza Vvt-I G 1.3 Mt 2011,Sold Internal Sales,2026-05-12,JBA,0.19402985074626866,,Plan to Redeem,2026-05-05,,,Sold Internal Sales,,,,,,,0,,,,,,,,,,54000000,2026-05-12,,Sold,Cash,,,,,,,,,,,22,,Closed,54000000,GCD-25385,Uda Auto (M. Nasir),59,2026-03-15,Batam,2026-05-12
SFA19864,A1090TE,2026-04-23,PT Bhinneka,58000000,Nissan Livina X Gear 1.5 At 2012,Sold Internal Sales,2026-04-25,JBA Modalku,0.10344827586206895,,Plan to Redeem,2026-05-08,,,Sold Internal Sales,,,,,,,0,,,,,,,,,,52000000,2026-04-25,,Sold,Cash,,,,,,,,,,,2,,Closed,52000000,GCD-25378,Mr. Cen Auto (Catur Eka Nugraha),94,2026-01-22,Jabodetabek,2026-04-25
SFA20628,B1409CYI,2026-04-23,Muhammad Rajif Assalabi,80000000,Nissan Extril Ex-Trail 2.5 Xt At 2009,Sold Internal Sales,2026-04-27,Auksi,0.125,,Plan to Redeem,2026-05-08,,,Sold Internal Sales,,,,,,,0,,,,,,,,,,70000000,2026-04-27,,Sold,Cash,,,,,,,,,,,4,,Closed,70000000,GCD-21122,Adi Permana Mobilindo (Adi permana),62,2026-02-25,Jabodetabek,2026-04-27
SFA20810,BP1705CF,2026-05-08,Rahmat Hadi Subekti,87000000,Daihatsu Ayla X 1.0 Mt 2019,Unit On-Hand,,JBA,,,Plan to Redeem,2026-05-23,,,,Pekanbaru,75000000,70000000,-0.06666666666666667,2026-05-28,2026-06-04,0,,,,,,,,,,,,,,,,,,,,,,,,,27,,94,0,GCD-25379,Orion Showroom (Nofrizal ),94,2026-03-03,Batam,
SFA20108,B1874UAC,2026-05-11,Muhammad Wahyu Prasetyo,106500000,Honda City City E At Facelift 2012,Sold JBA,2026-06-04,JBA,-0.014084507042253502,,Plan to Redeem,2026-05-27,,,Sold JBA,Tipar,100000000,100000000,0,2026-06-04,2026-06-04,108000000,2026-06-04,Sold,,,,,,,,,,,,,,,,,,,,,,,24,,126,108000000,GCD-4264,Zio Autocars (Yusron Tri Atmojo),126,2026-01-30,Jabodetabek,2026-06-04
SFA20129,B1686SAL,2026-05-11,Muhammad Wahyu Prasetyo,174000000,Toyota Camry V 2.5 At 2015,Unit On-Hand,,JBA,,,Plan to Redeem,2026-05-27,,,,Tipar,174000000,174000000,0,2026-06-04,2026-06-04,0,,,,,,,,,,,,,,,,,,,,,,,,,24,,125,0,GCD-4264,Zio Autocars (Yusron Tri Atmojo),125,2026-01-31,Jabodetabek,
SFA19998,BP1086MH,2026-05-13,Rahmat Hadi Subekti,100000000,Honda Jazz I-Vtec Rs 1.5 At 2013,Unit On-Hand,,JBA,,,Plan to Redeem,2026-05-30,,,,Pekanbaru,100000000,100000000,0,2026-06-04,2026-06-04,0,,,,,,,,,,,,,,,,,,,,,,,,,22,,129,0,GCD-25658,Siger Auto (Jul priyanto ),129,2026-01-27,Batam,
SFA20239,B1742ULQ,2026-05-13,PT Bala Manunggal Abadi,195000000,Mitsubishi Pajero Exceed 4X2 2.5 At 2013,Unit On-Hand,,JBA,,,Plan to Redeem,2026-05-30,,,,Tipar,195000000,195000000,0,2026-06-04,2026-06-04,0,,,,,,,,,,,,,,,,,,,,,,,,,22,,120,0,GCD-25182,Berkat Jaya Motor (Sunardi),120,2026-02-05,Jabodetabek,
SFA20269,BP1675VK,2026-05-16,Rahmat Hadi Subekti,78000000,Toyota Yaris S Limited 1.5 At 2012,Unit On-Hand,,JBA,,,Plan to Redeem,2026-05-31,,,,Pekanbaru,80000000,80000000,0,2026-06-04,2026-06-04,0,,,,,,,,,,,,,,,,,,,,,,,,,19,,119,0,GCD-25469,Garasi Elite Mobilindo (FADEL MUHAMMAD),119,2026-02-06,Batam,
SFA20797,BP1369ER,2026-05-18,Rahmat Hadi Subekti,121000000,Honda Crv 4X2 2.4 At 2013,Unit On-Hand,,JBA,,,Plan to Redeem,2026-06-02,,,,Pekanbaru,121000000,121000000,0,2026-06-04,2026-06-04,0,,,,,,,,,,,,,,,,,,,,,,,,,17,,94,0,GCD-25681,Mitra Auto Mobil (Jhon Piter Tampubolon),94,2026-03-03,Batam,
SFA21236,BP1834ER,2026-05-19,Rahmat Hadi Subekti,124500000,Toyota Innova G Bensin Luxury 2.0 At 2014,Unit On-Hand,,JBA,,,Plan to Redeem,2026-06-04,,,,,,,,,,0,,,,,,,,,,,,,,,,,,,,,,,,,16,,67,0,GCD-11492,Mega Auto Car (Guntur Radius Prawiro Mandala),67,2026-03-30,Batam,
SFA21390,L1365AEW,2026-05-20,Adzim Muttaqin,119000000,Nissan Xtrail 2.5 At 2015,Unit On-Hand,,JBA,,,Plan to Redeem,2026-06-05,,,,,,,,,,0,,,,,,,,,,,,,,,,,,,,,,,,,15,,57,0,GCD-13262,Arsy Autocar (Muhammad Saroni),57,2026-04-09,Surabaya,
SFA20416,B2618BRV,2026-05-21,I Made Artawan,133000000,Daihatsu Xenia X 1.3 Mt 2021,Unit On-Hand,,JBA,,,Plan to Redeem,2026-06-06,,,,,,,,,,0,,,,,,,,,,,,,,,,,,,,,,,,,14,,113,0,GCD-18187,Sadarika Garage (I Wayan Sadar SE),113,2026-02-12,Bali,
SFA20492,BP1823YE,2026-05-21,Rahmat Hadi Subekti,89000000,Toyota Innova E Bensin 2.0 At 2012,Unit On-Hand,,JBA,,,Plan to Redeem,2026-06-06,,,,,,,,,,0,,,,,,,,,,,,,,,,,,,,,,,,,14,,109,0,GCD-25357,Dboys Auto Car (Irmawarni),109,2026-02-16,Batam,
SFA21144,BP1051MH,2026-05-21,Rahmat Hadi Subekti,36500000,Chevrolet Captiva Dohc 2.4 At 2011,Unit On-Hand,,JBA,,,Plan to Redeem,2026-06-06,,,,,,,,,,0,,,,,,,,,,,,,,,,,,,,,,,,,14,,79,0,GCD-25357,Dboys Auto Car (Irmawarni),79,2026-03-18,Batam,
SFA20503,BP1862JE,2026-05-22,Rahmat Hadi Subekti,100000000,Toyota Avanza E 1.3 At 2016,Unit On-Hand,,JBA,,,Plan to Redeem,2026-06-07,,,,,,,,,,0,,,,,,,,,,,,,,,,,,,,,,,,,13,,105,0,GCD-25679,Liris Barokah (Lia Surahmi),105,2026-02-20,Batam,
SFA20281,L1103DAO,2026-05-23,Adzim Muttaqin,220000000,Toyota Veloz Q 1.5 At 2023,Unit On-Hand,,JBA,,,Plan to Redeem,2026-06-08,,,,,,,,,,0,,,,,,,,,,,,,,,,,,,,,,,,,12,,119,0,GCD-13262,Arsy Autocar (Muhammad Saroni),119,2026-02-06,Surabaya,
SFA20866,BP1690AI,2026-05-23,Rahmat Hadi Subekti,137000000,Honda Crv Prestige 2.4 At 2014,Unit On-Hand,,JBA,,,Plan to Redeem,2026-06-08,,,,,,,,,,0,,,,,,,,,,,,,,,,,,,,,,,,,12,,91,0,GCD-25418,Bersama Auto Batam (Faisal Cahyana),91,2026-03-06,Batam,
SFA20577,F1209EV,2026-05-25,Purnomo Ajie Nugroho,125000000,Mitsubishi Outlander Gls 2.0 At 2015,Unit On-Hand,,Auksi,,,Plan to Redeem,2026-06-09,,,,,,,,,,0,,,,,,,,,,,,,,,,,,,,,,,,,10,,105,0,GCD-20851,Garasi Abi (Refki Ramadhan Risanto B. Sc),105,2026-02-20,Jabodetabek,
SFA20643,B2055KID,2026-06-05,Adzim Muttaqin,180000000,Daihatsu Xenia X 1.3 At 2022,Unit On-Hand,,JBA,,,Plan to Redeem,2026-06-20,,,,,,,,,,0,,,,,,,,,,,,,,,,,,,,,,,,,-1,,102,0,GCD-17255,Jaya Terang Mobil (Dendi Subianto),102,2026-02-23,Surabaya,
,,,,,,,,,,,,,,,,,,,,,,0,,,,,,,,,,,,,,,,,,,,,,,,,,,,0,,,,,,
,,,,,,,,,,,,,,,,,,,,,,0,,,,,,,,,,,,,,,,,,,,,,,,,,,,0,,,,,,
,,,,,,,,,,,,,,,,,,,,,,0,,,,,,,,,,,,,,,,,,,,,,,,,,,,0,,,,,,
,,,,,,,,,,,,,,,,,,,,,,0,,,,,,,,,,,,,,,,,,,,,,,,,,,,0,,,,,,
,,,,,,,,,,,,,,,,,,,,,,0,,,,,,,,,,,,,,,,,,,,,,,,,,,,0,,,,,,
,,,,,,,,,,,,,,,,,,,,,,0,,,,,,,,,,,,,,,,,,,,,,,,,,,,0,,,,,,
,,,,,,,,,,,,,,,,,,,,,,0,,,,,,,,,,,,,,,,,,,,,,,,,,,,0,,,,,,
,,,,,,,,,,,,,,,,,,,,,,0,,,,,,,,,,,,,,,,,,,,,,,,,,,,0,,,,,,
,,,,,,,,,,,,,,,,,,,,,,0,,,,,,,,,,,,,,,,,,,,,,,,,,,,0,,,,,,
,,,,,,,,,,,,,,,,,,,,,,0,,,,,,,,,,,,,,,,,,,,,,,,,,,,0,,,,,,
,,,,,,,,,,,,,,,,,,,,,,0,,,,,,,,,,,,,,,,,,,,,,,,,,,,0,,,,,,
,,,,,,,,,,,,,,,,,,,,,,0,,,,,,,,,,,,,,,,,,,,,,,,,,,,0,,,,,,
,,,,,,,,,,,,,,,,,,,,,,0,,,,,,,,,,,,,,,,,,,,,,,,,,,,0,,,,,,
,,,,,,,,,,,,,,,,,,,,,,0,,,,,,,,,,,,,,,,,,,,,,,,,,,,0,,,,,,
,,,,,,,,,,,,,,,,,,,,,,0,,,,,,,,,,,,,,,,,,,,,,,,,,,,0,,,,,,
,,,,,,,,,,,,,,,,,,,,,,0,,,,,,,,,,,,,,,,,,,,,,,,,,,,0,,,,,,
,,,,,,,,,,,,,,,,,,,,,,0,,,,,,,,,,,,,,,,,,,,,,,,,,,,0,,,,,,
,,,,,,,,,,,,,,,,,,,,,,0,,,,,,,,,,,,,,,,,,,,,,,,,,,,0,,,,,,
,,,,,,,,,,,,,,,,,,,,,,0,,,,,,,,,,,,,,,,,,,,,,,,,,,,0,,,,,,
,,,,,,,,,,,,,,,,,,,,,,0,,,,,,,,,,,,,,,,,,,,,,,,,,,,0,,,,,,
,,,,,,,,,,,,,,,,,,,,,,0,,,,,,,,,,,,,,,,,,,,,,,,,,,,0,,,,,,
,,,,,,,,,,,,,,,,,,,,,,0,,,,,,,,,,,,,,,,,,,,,,,,,,,,0,,,,,,
,,,,,,,,,,,,,,,,,,,,,,0,,,,,,,,,,,,,,,,,,,,,,,,,,,,0,,,,,,
,,,,,,,,,,,,,,,,,,,,,,0,,,,,,,,,,,,,,,,,,,,,,,,,,,,0,,,,,,
,,,,,,,,,,,,,,,,,,,,,,0,,,,,,,,,,,,,,,,,,,,,,,,,,,,0,,,,,,
,,,,,,,,,,,,,,,,,,,,,,0,,,,,,,,,,,,,,,,,,,,,,,,,,,,0,,,,,,
,,,,,,,,,,,,,,,,,,,,,,0,,,,,,,,,,,,,,,,,,,,,,,,,,,,0,,,,,,
,,,,,,,,,,,,,,,,,,,,,,0,,,,,,,,,,,,,,,,,,,,,,,,,,,,0,,,,,,
,,,,,,,,,,,,,,,,,,,,,,0,,,,,,,,,,,,,,,,,,,,,,,,,,,,0,,,,,,
,,,,,,,,,,,,,,,,,,,,,,0,,,,,,,,,,,,,,,,,,,,,,,,,,,,0,,,,,,
,,,,,,,,,,,,,,,,,,,,,,0,,,,,,,,,,,,,,,,,,,,,,,,,,,,0,,,,,,
,,,,,,,,,,,,,,,,,,,,,,0,,,,,,,,,,,,,,,,,,,,,,,,,,,,0,,,,,,
,,,,,,,,,,,,,,,,,,,,,,0,,,,,,,,,,,,,,,,,,,,,,,,,,,,0,,,,,,
,,,,,,,,,,,,,,,,,,,,,,0,,,,,,,,,,,,,,,,,,,,,,,,,,,,0,,,,,,
,,,,,,,,,,,,,,,,,,,,,,0,,,,,,,,,,,,,,,,,,,,,,,,,,,,0,,,,,,
,,,,,,,,,,,,,,,,,,,,,,0,,,,,,,,,,,,,,,,,,,,,,,,,,,,0,,,,,,
,,,,,,,,,,,,,,,,,,,,,,0,,,,,,,,,,,,,,,,,,,,,,,,,,,,0,,,,,,
,,,,,,,,,,,,,,,,,,,,,,0,,,,,,,,,,,,,,,,,,,,,,,,,,,,0,,,,,,
,,,,,,,,,,,,,,,,,,,,,,0,,,,,,,,,,,,,,,,,,,,,,,,,,,,0,,,,,,
,,,,,,,,,,,,,,,,,,,,,,0,,,,,,,,,,,,,,,,,,,,,,,,,,,,0,,,,,,
,,,,,,,,,,,,,,,,,,,,,,0,,,,,,,,,,,,,,,,,,,,,,,,,,,,0,,,,,,
,,,,,,,,,,,,,,,,,,,,,,0,,,,,,,,,,,,,,,,,,,,,,,,,,,,0,,,,,,
,,,,,,,,,,,,,,,,,,,,,,0,,,,,,,,,,,,,,,,,,,,,,,,,,,,0,,,,,,
,,,,,,,,,,,,,,,,,,,,,,0,,,,,,,,,,,,,,,,,,,,,,,,,,,,0,,,,,,
,,,,,,,,,,,,,,,,,,,,,,0,,,,,,,,,,,,,,,,,,,,,,,,,,,,0,,,,,,
,,,,,,,,,,,,,,,,,,,,,,0,,,,,,,,,,,,,,,,,,,,,,,,,,,,0,,,,,,
,,,,,,,,,,,,,,,,,,,,,,0,,,,,,,,,,,,,,,,,,,,,,,,,,,,0,,,,,,
,,,,,,,,,,,,,,,,,,,,,,0,,,,,,,,,,,,,,,,,,,,,,,,,,,,0,,,,,,
,,,,,,,,,,,,,,,,,,,,,,0,,,,,,,,,,,,,,,,,,,,,,,,,,,,0,,,,,,
,,,,,,,,,,,,,,,,,,,,,,0,,,,,,,,,,,,,,,,,,,,,,,,,,,,0,,,,,,
,,,,,,,,,,,,,,,,,,,,,,0,,,,,,,,,,,,,,,,,,,,,,,,,,,,0,,,,,,
,,,,,,,,,,,,,,,,,,,,,,0,,,,,,,,,,,,,,,,,,,,,,,,,,,,0,,,,,,
,,,,,,,,,,,,,,,,,,,,,,0,,,,,,,,,,,,,,,,,,,,,,,,,,,,0,,,,,,
,,,,,,,,,,,,,,,,,,,,,,0,,,,,,,,,,,,,,,,,,,,,,,,,,,,0,,,,,,
,,,,,,,,,,,,,,,,,,,,,,0,,,,,,,,,,,,,,,,,,,,,,,,,,,,0,,,,,,
,,,,,,,,,,,,,,,,,,,,,,0,,,,,,,,,,,,,,,,,,,,,,,,,,,,0,,,,,,
,,,,,,,,,,,,,,,,,,,,,,0,,,,,,,,,,,,,,,,,,,,,,,,,,,,0,,,,,,
,,,,,,,,,,,,,,,,,,,,,,0,,,,,,,,,,,,,,,,,,,,,,,,,,,,0,,,,,,
,,,,,,,,,,,,,,,,,,,,,,0,,,,,,,,,,,,,,,,,,,,,,,,,,,,0,,,,,,
,,,,,,,,,,,,,,,,,,,,,,0,,,,,,,,,,,,,,,,,,,,,,,,,,,,0,,,,,,
,,,,,,,,,,,,,,,,,,,,,,0,,,,,,,,,,,,,,,,,,,,,,,,,,,,0,,,,,,
,,,,,,,,,,,,,,,,,,,,,,0,,,,,,,,,,,,,,,,,,,,,,,,,,,,0,,,,,,
,,,,,,,,,,,,,,,,,,,,,,0,,,,,,,,,,,,,,,,,,,,,,,,,,,,0,,,,,,
,,,,,,,,,,,,,,,,,,,,,,0,,,,,,,,,,,,,,,,,,,,,,,,,,,,0,,,,,,
,,,,,,,,,,,,,,,,,,,,,,0,,,,,,,,,,,,,,,,,,,,,,,,,,,,0,,,,,,
,,,,,,,,,,,,,,,,,,,,,,0,,,,,,,,,,,,,,,,,,,,,,,,,,,,0,,,,,,
,,,,,,,,,,,,,,,,,,,,,,0,,,,,,,,,,,,,,,,,,,,,,,,,,,,0,,,,,,
,,,,,,,,,,,,,,,,,,,,,,0,,,,,,,,,,,,,,,,,,,,,,,,,,,,0,,,,,,
,,,,,,,,,,,,,,,,,,,,,,0,,,,,,,,,,,,,,,,,,,,,,,,,,,,0,,,,,,
,,,,,,,,,,,,,,,,,,,,,,0,,,,,,,,,,,,,,,,,,,,,,,,,,,,0,,,,,,
,,,,,,,,,,,,,,,,,,,,,,0,,,,,,,,,,,,,,,,,,,,,,,,,,,,0,,,,,,
,,,,,,,,,,,,,,,,,,,,,,0,,,,,,,,,,,,,,,,,,,,,,,,,,,,0,,,,,,
,,,,,,,,,,,,,,,,,,,,,,0,,,,,,,,,,,,,,,,,,,,,,,,,,,,0,,,,,,
,,,,,,,,,,,,,,,,,,,,,,0,,,,,,,,,,,,,,,,,,,,,,,,,,,,0,,,,,,
,,,,,,,,,,,,,,,,,,,,,,0,,,,,,,,,,,,,,,,,,,,,,,,,,,,0,,,,,,
,,,,,,,,,,,,,,,,,,,,,,0,,,,,,,,,,,,,,,,,,,,,,,,,,,,0,,,,,,
,,,,,,,,,,,,,,,,,,,,,,0,,,,,,,,,,,,,,,,,,,,,,,,,,,,0,,,,,,
,,,,,,,,,,,,,,,,,,,,,,0,,,,,,,,,,,,,,,,,,,,,,,,,,,,0,,,,,,
,,,,,,,,,,,,,,,,,,,,,,0,,,,,,,,,,,,,,,,,,,,,,,,,,,,0,,,,,,
,,,,,,,,,,,,,,,,,,,,,,0,,,,,,,,,,,,,,,,,,,,,,,,,,,,0,,,,,,
,,,,,,,,,,,,,,,,,,,,,,0,,,,,,,,,,,,,,,,,,,,,,,,,,,,0,,,,,,
,,,,,,,,,,,,,,,,,,,,,,0,,,,,,,,,,,,,,,,,,,,,,,,,,,,0,,,,,,
,,,,,,,,,,,,,,,,,,,,,,0,,,,,,,,,,,,,,,,,,,,,,,,,,,,0,,,,,,
,,,,,,,,,,,,,,,,,,,,,,0,,,,,,,,,,,,,,,,,,,,,,,,,,,,0,,,,,,
,,,,,,,,,,,,,,,,,,,,,,0,,,,,,,,,,,,,,,,,,,,,,,,,,,,0,,,,,,
,,,,,,,,,,,,,,,,,,,,,,0,,,,,,,,,,,,,,,,,,,,,,,,,,,,0,,,,,,
,,,,,,,,,,,,,,,,,,,,,,0,,,,,,,,,,,,,,,,,,,,,,,,,,,,0,,,,,,
,,,,,,,,,,,,,,,,,,,,,,0,,,,,,,,,,,,,,,,,,,,,,,,,,,,0,,,,,,
,,,,,,,,,,,,,,,,,,,,,,0,,,,,,,,,,,,,,,,,,,,,,,,,,,,0,,,,,,
,,,,,,,,,,,,,,,,,,,,,,0,,,,,,,,,,,,,,,,,,,,,,,,,,,,0,,,,,,
,,,,,,,,,,,,,,,,,,,,,,0,,,,,,,,,,,,,,,,,,,,,,,,,,,,0,,,,,,
,,,,,,,,,,,,,,,,,,,,,,0,,,,,,,,,,,,,,,,,,,,,,,,,,,,0,,,,,,
,,,,,,,,,,,,,,,,,,,,,,0,,,,,,,,,,,,,,,,,,,,,,,,,,,,0,,,,,,
,,,,,,,,,,,,,,,,,,,,,,0,,,,,,,,,,,,,,,,,,,,,,,,,,,,0,,,,,,
,,,,,,,,,,,,,,,,,,,,,,0,,,,,,,,,,,,,,,,,,,,,,,,,,,,0,,,,,,
,,,,,,,,,,,,,,,,,,,,,,0,,,,,,,,,,,,,,,,,,,,,,,,,,,,0,,,,,,
,,,,,,,,,,,,,,,,,,,,,,0,,,,,,,,,,,,,,,,,,,,,,,,,,,,0,,,,,,
,,,,,,,,,,,,,,,,,,,,,,0,,,,,,,,,,,,,,,,,,,,,,,,,,,,0,,,,,,
,,,,,,,,,,,,,,,,,,,,,,0,,,,,,,,,,,,,,,,,,,,,,,,,,,,0,,,,,,
,,,,,,,,,,,,,,,,,,,,,,0,,,,,,,,,,,,,,,,,,,,,,,,,,,,0,,,,,,
,,,,,,,,,,,,,,,,,,,,,,0,,,,,,,,,,,,,,,,,,,,,,,,,,,,0,,,,,,
,,,,,,,,,,,,,,,,,,,,,,0,,,,,,,,,,,,,,,,,,,,,,,,,,,,0,,,,,,
,,,,,,,,,,,,,,,,,,,,,,0,,,,,,,,,,,,,,,,,,,,,,,,,,,,0,,,,,,
,,,,,,,,,,,,,,,,,,,,,,0,,,,,,,,,,,,,,,,,,,,,,,,,,,,0,,,,,,
,,,,,,,,,,,,,,,,,,,,,,0,,,,,,,,,,,,,,,,,,,,,,,,,,,,0,,,,,,
,,,,,,,,,,,,,,,,,,,,,,0,,,,,,,,,,,,,,,,,,,,,,,,,,,,0,,,,,,
,,,,,,,,,,,,,,,,,,,,,,0,,,,,,,,,,,,,,,,,,,,,,,,,,,,0,,,,,,
,,,,,,,,,,,,,,,,,,,,,,0,,,,,,,,,,,,,,,,,,,,,,,,,,,,0,,,,,,
,,,,,,,,,,,,,,,,,,,,,,0,,,,,,,,,,,,,,,,,,,,,,,,,,,,0,,,,,,
,,,,,,,,,,,,,,,,,,,,,,0,,,,,,,,,,,,,,,,,,,,,,,,,,,,0,,,,,,
,,,,,,,,,,,,,,,,,,,,,,0,,,,,,,,,,,,,,,,,,,,,,,,,,,,0,,,,,,
,,,,,,,,,,,,,,,,,,,,,,0,,,,,,,,,,,,,,,,,,,,,,,,,,,,0,,,,,,
,,,,,,,,,,,,,,,,,,,,,,0,,,,,,,,,,,,,,,,,,,,,,,,,,,,0,,,,,,
,,,,,,,,,,,,,,,,,,,,,,0,,,,,,,,,,,,,,,,,,,,,,,,,,,,0,,,,,,
,,,,,,,,,,,,,,,,,,,,,,0,,,,,,,,,,,,,,,,,,,,,,,,,,,,0,,,,,,
,,,,,,,,,,,,,,,,,,,,,,0,,,,,,,,,,,,,,,,,,,,,,,,,,,,0,,,,,,
,,,,,,,,,,,,,,,,,,,,,,0,,,,,,,,,,,,,,,,,,,,,,,,,,,,0,,,,,,
,,,,,,,,,,,,,,,,,,,,,,0,,,,,,,,,,,,,,,,,,,,,,,,,,,,0,,,,,,
,,,,,,,,,,,,,,,,,,,,,,0,,,,,,,,,,,,,,,,,,,,,,,,,,,,0,,,,,,
,,,,,,,,,,,,,,,,,,,,,,0,,,,,,,,,,,,,,,,,,,,,,,,,,,,0,,,,,,
,,,,,,,,,,,,,,,,,,,,,,0,,,,,,,,,,,,,,,,,,,,,,,,,,,,0,,,,,,
,,,,,,,,,,,,,,,,,,,,,,0,,,,,,,,,,,,,,,,,,,,,,,,,,,,0,,,,,,
,,,,,,,,,,,,,,,,,,,,,,0,,,,,,,,,,,,,,,,,,,,,,,,,,,,0,,,,,,
,,,,,,,,,,,,,,,,,,,,,,0,,,,,,,,,,,,,,,,,,,,,,,,,,,,0,,,,,,
,,,,,,,,,,,,,,,,,,,,,,0,,,,,,,,,,,,,,,,,,,,,,,,,,,,0,,,,,,
,,,,,,,,,,,,,,,,,,,,,,0,,,,,,,,,,,,,,,,,,,,,,,,,,,,0,,,,,,
,,,,,,,,,,,,,,,,,,,,,,0,,,,,,,,,,,,,,,,,,,,,,,,,,,,0,,,,,,
,,,,,,,,,,,,,,,,,,,,,,0,,,,,,,,,,,,,,,,,,,,,,,,,,,,0,,,,,,
,,,,,,,,,,,,,,,,,,,,,,0,,,,,,,,,,,,,,,,,,,,,,,,,,,,0,,,,,,
,,,,,,,,,,,,,,,,,,,,,,0,,,,,,,,,,,,,,,,,,,,,,,,,,,,0,,,,,,
,,,,,,,,,,,,,,,,,,,,,,0,,,,,,,,,,,,,,,,,,,,,,,,,,,,0,,,,,,
,,,,,,,,,,,,,,,,,,,,,,0,,,,,,,,,,,,,,,,,,,,,,,,,,,,0,,,,,,
,,,,,,,,,,,,,,,,,,,,,,0,,,,,,,,,,,,,,,,,,,,,,,,,,,,0,,,,,,
,,,,,,,,,,,,,,,,,,,,,,0,,,,,,,,,,,,,,,,,,,,,,,,,,,,0,,,,,,
,,,,,,,,,,,,,,,,,,,,,,0,,,,,,,,,,,,,,,,,,,,,,,,,,,,0,,,,,,
,,,,,,,,,,,,,,,,,,,,,,0,,,,,,,,,,,,,,,,,,,,,,,,,,,,0,,,,,,
,,,,,,,,,,,,,,,,,,,,,,0,,,,,,,,,,,,,,,,,,,,,,,,,,,,0,,,,,,
,,,,,,,,,,,,,,,,,,,,,,0,,,,,,,,,,,,,,,,,,,,,,,,,,,,0,,,,,,
,,,,,,,,,,,,,,,,,,,,,,0,,,,,,,,,,,,,,,,,,,,,,,,,,,,0,,,,,,
,,,,,,,,,,,,,,,,,,,,,,0,,,,,,,,,,,,,,,,,,,,,,,,,,,,0,,,,,,
,,,,,,,,,,,,,,,,,,,,,,0,,,,,,,,,,,,,,,,,,,,,,,,,,,,0,,,,,,
,,,,,,,,,,,,,,,,,,,,,,0,,,,,,,,,,,,,,,,,,,,,,,,,,,,0,,,,,,
,,,,,,,,,,,,,,,,,,,,,,0,,,,,,,,,,,,,,,,,,,,,,,,,,,,0,,,,,,
,,,,,,,,,,,,,,,,,,,,,,0,,,,,,,,,,,,,,,,,,,,,,,,,,,,0,,,,,,
,,,,,,,,,,,,,,,,,,,,,,0,,,,,,,,,,,,,,,,,,,,,,,,,,,,0,,,,,,
,,,,,,,,,,,,,,,,,,,,,,0,,,,,,,,,,,,,,,,,,,,,,,,,,,,0,,,,,,
,,,,,,,,,,,,,,,,,,,,,,0,,,,,,,,,,,,,,,,,,,,,,,,,,,,0,,,,,,
,,,,,,,,,,,,,,,,,,,,,,0,,,,,,,,,,,,,,,,,,,,,,,,,,,,0,,,,,,
,,,,,,,,,,,,,,,,,,,,,,0,,,,,,,,,,,,,,,,,,,,,,,,,,,,0,,,,,,
,,,,,,,,,,,,,,,,,,,,,,0,,,,,,,,,,,,,,,,,,,,,,,,,,,,0,,,,,,
,,,,,,,,,,,,,,,,,,,,,,0,,,,,,,,,,,,,,,,,,,,,,,,,,,,0,,,,,,
,,,,,,,,,,,,,,,,,,,,,,0,,,,,,,,,,,,,,,,,,,,,,,,,,,,0,,,,,,
,,,,,,,,,,,,,,,,,,,,,,0,,,,,,,,,,,,,,,,,,,,,,,,,,,,0,,,,,,
,,,,,,,,,,,,,,,,,,,,,,0,,,,,,,,,,,,,,,,,,,,,,,,,,,,0,,,,,,
,,,,,,,,,,,,,,,,,,,,,,0,,,,,,,,,,,,,,,,,,,,,,,,,,,,0,,,,,,
,,,,,,,,,,,,,,,,,,,,,,0,,,,,,,,,,,,,,,,,,,,,,,,,,,,0,,,,,,
,,,,,,,,,,,,,,,,,,,,,,0,,,,,,,,,,,,,,,,,,,,,,,,,,,,0,,,,,,
,,,,,,,,,,,,,,,,,,,,,,0,,,,,,,,,,,,,,,,,,,,,,,,,,,,0,,,,,,
,,,,,,,,,,,,,,,,,,,,,,0,,,,,,,,,,,,,,,,,,,,,,,,,,,,0,,,,,,
,,,,,,,,,,,,,,,,,,,,,,0,,,,,,,,,,,,,,,,,,,,,,,,,,,,0,,,,,,
,,,,,,,,,,,,,,,,,,,,,,0,,,,,,,,,,,,,,,,,,,,,,,,,,,,0,,,,,,
,,,,,,,,,,,,,,,,,,,,,,0,,,,,,,,,,,,,,,,,,,,,,,,,,,,0,,,,,,
,,,,,,,,,,,,,,,,,,,,,,0,,,,,,,,,,,,,,,,,,,,,,,,,,,,0,,,,,,
,,,,,,,,,,,,,,,,,,,,,,0,,,,,,,,,,,,,,,,,,,,,,,,,,,,0,,,,,,
,,,,,,,,,,,,,,,,,,,,,,0,,,,,,,,,,,,,,,,,,,,,,,,,,,,0,,,,,,
,,,,,,,,,,,,,,,,,,,,,,0,,,,,,,,,,,,,,,,,,,,,,,,,,,,0,,,,,,
,,,,,,,,,,,,,,,,,,,,,,0,,,,,,,,,,,,,,,,,,,,,,,,,,,,0,,,,,,
,,,,,,,,,,,,,,,,,,,,,,0,,,,,,,,,,,,,,,,,,,,,,,,,,,,0,,,,,,
,,,,,,,,,,,,,,,,,,,,,,0,,,,,,,,,,,,,,,,,,,,,,,,,,,,0,,,,,,
,,,,,,,,,,,,,,,,,,,,,,0,,,,,,,,,,,,,,,,,,,,,,,,,,,,0,,,,,,
,,,,,,,,,,,,,,,,,,,,,,0,,,,,,,,,,,,,,,,,,,,,,,,,,,,0,,,,,,
,,,,,,,,,,,,,,,,,,,,,,0,,,,,,,,,,,,,,,,,,,,,,,,,,,,0,,,,,,
,,,,,,,,,,,,,,,,,,,,,,0,,,,,,,,,,,,,,,,,,,,,,,,,,,,0,,,,,,
,,,,,,,,,,,,,,,,,,,,,,0,,,,,,,,,,,,,,,,,,,,,,,,,,,,0,,,,,,
,,,,,,,,,,,,,,,,,,,,,,0,,,,,,,,,,,,,,,,,,,,,,,,,,,,0,,,,,,
,,,,,,,,,,,,,,,,,,,,,,0,,,,,,,,,,,,,,,,,,,,,,,,,,,,0,,,,,,
,,,,,,,,,,,,,,,,,,,,,,0,,,,,,,,,,,,,,,,,,,,,,,,,,,,0,,,,,,
,,,,,,,,,,,,,,,,,,,,,,0,,,,,,,,,,,,,,,,,,,,,,,,,,,,0,,,,,,
,,,,,,,,,,,,,,,,,,,,,,0,,,,,,,,,,,,,,,,,,,,,,,,,,,,0,,,,,,
,,,,,,,,,,,,,,,,,,,,,,0,,,,,,,,,,,,,,,,,,,,,,,,,,,,0,,,,,,
,,,,,,,,,,,,,,,,,,,,,,0,,,,,,,,,,,,,,,,,,,,,,,,,,,,0,,,,,,
,,,,,,,,,,,,,,,,,,,,,,0,,,,,,,,,,,,,,,,,,,,,,,,,,,,0,,,,,,
,,,,,,,,,,,,,,,,,,,,,,0,,,,,,,,,,,,,,,,,,,,,,,,,,,,0,,,,,,
,,,,,,,,,,,,,,,,,,,,,,0,,,,,,,,,,,,,,,,,,,,,,,,,,,,0,,,,,,
,,,,,,,,,,,,,,,,,,,,,,0,,,,,,,,,,,,,,,,,,,,,,,,,,,,0,,,,,,
,,,,,,,,,,,,,,,,,,,,,,0,,,,,,,,,,,,,,,,,,,,,,,,,,,,0,,,,,,
,,,,,,,,,,,,,,,,,,,,,,0,,,,,,,,,,,,,,,,,,,,,,,,,,,,0,,,,,,
,,,,,,,,,,,,,,,,,,,,,,0,,,,,,,,,,,,,,,,,,,,,,,,,,,,0,,,,,,
,,,,,,,,,,,,,,,,,,,,,,0,,,,,,,,,,,,,,,,,,,,,,,,,,,,0,,,,,,
,,,,,,,,,,,,,,,,,,,,,,0,,,,,,,,,,,,,,,,,,,,,,,,,,,,0,,,,,,
,,,,,,,,,,,,,,,,,,,,,,0,,,,,,,,,,,,,,,,,,,,,,,,,,,,0,,,,,,
,,,,,,,,,,,,,,,,,,,,,,0,,,,,,,,,,,,,,,,,,,,,,,,,,,,0,,,,,,
,,,,,,,,,,,,,,,,,,,,,,0,,,,,,,,,,,,,,,,,,,,,,,,,,,,0,,,,,,
,,,,,,,,,,,,,,,,,,,,,,0,,,,,,,,,,,,,,,,,,,,,,,,,,,,0,,,,,,
,,,,,,,,,,,,,,,,,,,,,,0,,,,,,,,,,,,,,,,,,,,,,,,,,,,0,,,,,,
,,,,,,,,,,,,,,,,,,,,,,0,,,,,,,,,,,,,,,,,,,,,,,,,,,,0,,,,,,
,,,,,,,,,,,,,,,,,,,,,,0,,,,,,,,,,,,,,,,,,,,,,,,,,,,0,,,,,,
,,,,,,,,,,,,,,,,,,,,,,0,,,,,,,,,,,,,,,,,,,,,,,,,,,,0,,,,,,
,,,,,,,,,,,,,,,,,,,,,,0,,,,,,,,,,,,,,,,,,,,,,,,,,,,0,,,,,,
,,,,,,,,,,,,,,,,,,,,,,0,,,,,,,,,,,,,,,,,,,,,,,,,,,,0,,,,,,
,,,,,,,,,,,,,,,,,,,,,,0,,,,,,,,,,,,,,,,,,,,,,,,,,,,0,,,,,,
,,,,,,,,,,,,,,,,,,,,,,0,,,,,,,,,,,,,,,,,,,,,,,,,,,,0,,,,,,
,,,,,,,,,,,,,,,,,,,,,,0,,,,,,,,,,,,,,,,,,,,,,,,,,,,0,,,,,,
,,,,,,,,,,,,,,,,,,,,,,0,,,,,,,,,,,,,,,,,,,,,,,,,,,,0,,,,,,
,,,,,,,,,,,,,,,,,,,,,,0,,,,,,,,,,,,,,,,,,,,,,,,,,,,0,,,,,,
,,,,,,,,,,,,,,,,,,,,,,0,,,,,,,,,,,,,,,,,,,,,,,,,,,,0,,,,,,
,,,,,,,,,,,,,,,,,,,,,,0,,,,,,,,,,,,,,,,,,,,,,,,,,,,0,,,,,,
,,,,,,,,,,,,,,,,,,,,,,0,,,,,,,,,,,,,,,,,,,,,,,,,,,,0,,,,,,
,,,,,,,,,,,,,,,,,,,,,,0,,,,,,,,,,,,,,,,,,,,,,,,,,,,0,,,,,,
,,,,,,,,,,,,,,,,,,,,,,0,,,,,,,,,,,,,,,,,,,,,,,,,,,,0,,,,,,
,,,,,,,,,,,,,,,,,,,,,,0,,,,,,,,,,,,,,,,,,,,,,,,,,,,0,,,,,,
,,,,,,,,,,,,,,,,,,,,,,0,,,,,,,,,,,,,,,,,,,,,,,,,,,,0,,,,,,
,,,,,,,,,,,,,,,,,,,,,,0,,,,,,,,,,,,,,,,,,,,,,,,,,,,0,,,,,,
,,,,,,,,,,,,,,,,,,,,,,0,,,,,,,,,,,,,,,,,,,,,,,,,,,,0,,,,,,
,,,,,,,,,,,,,,,,,,,,,,0,,,,,,,,,,,,,,,,,,,,,,,,,,,,0,,,,,,
,,,,,,,,,,,,,,,,,,,,,,0,,,,,,,,,,,,,,,,,,,,,,,,,,,,0,,,,,,
,,,,,,,,,,,,,,,,,,,,,,0,,,,,,,,,,,,,,,,,,,,,,,,,,,,0,,,,,,
,,,,,,,,,,,,,,,,,,,,,,0,,,,,,,,,,,,,,,,,,,,,,,,,,,,0,,,,,,
,,,,,,,,,,,,,,,,,,,,,,0,,,,,,,,,,,,,,,,,,,,,,,,,,,,0,,,,,,
,,,,,,,,,,,,,,,,,,,,,,0,,,,,,,,,,,,,,,,,,,,,,,,,,,,0,,,,,,
,,,,,,,,,,,,,,,,,,,,,,0,,,,,,,,,,,,,,,,,,,,,,,,,,,,0,,,,,,
,,,,,,,,,,,,,,,,,,,,,,0,,,,,,,,,,,,,,,,,,,,,,,,,,,,0,,,,,,
,,,,,,,,,,,,,,,,,,,,,,0,,,,,,,,,,,,,,,,,,,,,,,,,,,,0,,,,,,
,,,,,,,,,,,,,,,,,,,,,,0,,,,,,,,,,,,,,,,,,,,,,,,,,,,0,,,,,,
,,,,,,,,,,,,,,,,,,,,,,0,,,,,,,,,,,,,,,,,,,,,,,,,,,,0,,,,,,
,,,,,,,,,,,,,,,,,,,,,,0,,,,,,,,,,,,,,,,,,,,,,,,,,,,0,,,,,,
,,,,,,,,,,,,,,,,,,,,,,0,,,,,,,,,,,,,,,,,,,,,,,,,,,,0,,,,,,
,,,,,,,,,,,,,,,,,,,,,,0,,,,,,,,,,,,,,,,,,,,,,,,,,,,0,,,,,,
,,,,,,,,,,,,,,,,,,,,,,0,,,,,,,,,,,,,,,,,,,,,,,,,,,,0,,,,,,
,,,,,,,,,,,,,,,,,,,,,,0,,,,,,,,,,,,,,,,,,,,,,,,,,,,0,,,,,,
,,,,,,,,,,,,,,,,,,,,,,0,,,,,,,,,,,,,,,,,,,,,,,,,,,,0,,,,,,
,,,,,,,,,,,,,,,,,,,,,,0,,,,,,,,,,,,,,,,,,,,,,,,,,,,0,,,,,,
,,,,,,,,,,,,,,,,,,,,,,0,,,,,,,,,,,,,,,,,,,,,,,,,,,,0,,,,,,
,,,,,,,,,,,,,,,,,,,,,,0,,,,,,,,,,,,,,,,,,,,,,,,,,,,0,,,,,,
,,,,,,,,,,,,,,,,,,,,,,0,,,,,,,,,,,,,,,,,,,,,,,,,,,,0,,,,,,
,,,,,,,,,,,,,,,,,,,,,,0,,,,,,,,,,,,,,,,,,,,,,,,,,,,0,,,,,,
,,,,,,,,,,,,,,,,,,,,,,0,,,,,,,,,,,,,,,,,,,,,,,,,,,,0,,,,,,
,,,,,,,,,,,,,,,,,,,,,,0,,,,,,,,,,,,,,,,,,,,,,,,,,,,0,,,,,,
,,,,,,,,,,,,,,,,,,,,,,0,,,,,,,,,,,,,,,,,,,,,,,,,,,,0,,,,,,
,,,,,,,,,,,,,,,,,,,,,,0,,,,,,,,,,,,,,,,,,,,,,,,,,,,0,,,,,,
,,,,,,,,,,,,,,,,,,,,,,0,,,,,,,,,,,,,,,,,,,,,,,,,,,,0,,,,,,
,,,,,,,,,,,,,,,,,,,,,,0,,,,,,,,,,,,,,,,,,,,,,,,,,,,0,,,,,,
,,,,,,,,,,,,,,,,,,,,,,0,,,,,,,,,,,,,,,,,,,,,,,,,,,,0,,,,,,
,,,,,,,,,,,,,,,,,,,,,,0,,,,,,,,,,,,,,,,,,,,,,,,,,,,0,,,,,,
,,,,,,,,,,,,,,,,,,,,,,0,,,,,,,,,,,,,,,,,,,,,,,,,,,,0,,,,,,
,,,,,,,,,,,,,,,,,,,,,,0,,,,,,,,,,,,,,,,,,,,,,,,,,,,0,,,,,,
,,,,,,,,,,,,,,,,,,,,,,0,,,,,,,,,,,,,,,,,,,,,,,,,,,,0,,,,,,
,,,,,,,,,,,,,,,,,,,,,,0,,,,,,,,,,,,,,,,,,,,,,,,,,,,0,,,,,,
,,,,,,,,,,,,,,,,,,,,,,0,,,,,,,,,,,,,,,,,,,,,,,,,,,,0,,,,,,
,,,,,,,,,,,,,,,,,,,,,,0,,,,,,,,,,,,,,,,,,,,,,,,,,,,0,,,,,,
,,,,,,,,,,,,,,,,,,,,,,0,,,,,,,,,,,,,,,,,,,,,,,,,,,,0,,,,,,
,,,,,,,,,,,,,,,,,,,,,,0,,,,,,,,,,,,,,,,,,,,,,,,,,,,0,,,,,,
,,,,,,,,,,,,,,,,,,,,,,0,,,,,,,,,,,,,,,,,,,,,,,,,,,,0,,,,,,
,,,,,,,,,,,,,,,,,,,,,,0,,,,,,,,,,,,,,,,,,,,,,,,,,,,0,,,,,,
,,,,,,,,,,,,,,,,,,,,,,0,,,,,,,,,,,,,,,,,,,,,,,,,,,,0,,,,,,
,,,,,,,,,,,,,,,,,,,,,,0,,,,,,,,,,,,,,,,,,,,,,,,,,,,0,,,,,,
,,,,,,,,,,,,,,,,,,,,,,0,,,,,,,,,,,,,,,,,,,,,,,,,,,,0,,,,,,
,,,,,,,,,,,,,,,,,,,,,,0,,,,,,,,,,,,,,,,,,,,,,,,,,,,0,,,,,,
,,,,,,,,,,,,,,,,,,,,,,0,,,,,,,,,,,,,,,,,,,,,,,,,,,,0,,,,,,
,,,,,,,,,,,,,,,,,,,,,,0,,,,,,,,,,,,,,,,,,,,,,,,,,,,0,,,,,,
,,,,,,,,,,,,,,,,,,,,,,0,,,,,,,,,,,,,,,,,,,,,,,,,,,,0,,,,,,
,,,,,,,,,,,,,,,,,,,,,,0,,,,,,,,,,,,,,,,,,,,,,,,,,,,0,,,,,,
,,,,,,,,,,,,,,,,,,,,,,0,,,,,,,,,,,,,,,,,,,,,,,,,,,,0,,,,,,
,,,,,,,,,,,,,,,,,,,,,,0,,,,,,,,,,,,,,,,,,,,,,,,,,,,0,,,,,,
,,,,,,,,,,,,,,,,,,,,,,0,,,,,,,,,,,,,,,,,,,,,,,,,,,,0,,,,,,
,,,,,,,,,,,,,,,,,,,,,,0,,,,,,,,,,,,,,,,,,,,,,,,,,,,0,,,,,,
,,,,,,,,,,,,,,,,,,,,,,0,,,,,,,,,,,,,,,,,,,,,,,,,,,,0,,,,,,
,,,,,,,,,,,,,,,,,,,,,,0,,,,,,,,,,,,,,,,,,,,,,,,,,,,0,,,,,,
,,,,,,,,,,,,,,,,,,,,,,0,,,,,,,,,,,,,,,,,,,,,,,,,,,,0,,,,,,
,,,,,,,,,,,,,,,,,,,,,,0,,,,,,,,,,,,,,,,,,,,,,,,,,,,0,,,,,,
,,,,,,,,,,,,,,,,,,,,,,0,,,,,,,,,,,,,,,,,,,,,,,,,,,,0,,,,,,
,,,,,,,,,,,,,,,,,,,,,,0,,,,,,,,,,,,,,,,,,,,,,,,,,,,0,,,,,,
,,,,,,,,,,,,,,,,,,,,,,0,,,,,,,,,,,,,,,,,,,,,,,,,,,,0,,,,,,
,,,,,,,,,,,,,,,,,,,,,,0,,,,,,,,,,,,,,,,,,,,,,,,,,,,0,,,,,,
,,,,,,,,,,,,,,,,,,,,,,0,,,,,,,,,,,,,,,,,,,,,,,,,,,,0,,,,,,
,,,,,,,,,,,,,,,,,,,,,,0,,,,,,,,,,,,,,,,,,,,,,,,,,,,0,,,,,,
,,,,,,,,,,,,,,,,,,,,,,0,,,,,,,,,,,,,,,,,,,,,,,,,,,,0,,,,,,
,,,,,,,,,,,,,,,,,,,,,,0,,,,,,,,,,,,,,,,,,,,,,,,,,,,0,,,,,,
,,,,,,,,,,,,,,,,,,,,,,0,,,,,,,,,,,,,,,,,,,,,,,,,,,,0,,,,,,
,,,,,,,,,,,,,,,,,,,,,,0,,,,,,,,,,,,,,,,,,,,,,,,,,,,0,,,,,,
,,,,,,,,,,,,,,,,,,,,,,0,,,,,,,,,,,,,,,,,,,,,,,,,,,,0,,,,,,
,,,,,,,,,,,,,,,,,,,,,,0,,,,,,,,,,,,,,,,,,,,,,,,,,,,0,,,,,,
,,,,,,,,,,,,,,,,,,,,,,0,,,,,,,,,,,,,,,,,,,,,,,,,,,,0,,,,,,
,,,,,,,,,,,,,,,,,,,,,,0,,,,,,,,,,,,,,,,,,,,,,,,,,,,0,,,,,,
,,,,,,,,,,,,,,,,,,,,,,0,,,,,,,,,,,,,,,,,,,,,,,,,,,,0,,,,,,
,,,,,,,,,,,,,,,,,,,,,,0,,,,,,,,,,,,,,,,,,,,,,,,,,,,0,,,,,,
,,,,,,,,,,,,,,,,,,,,,,0,,,,,,,,,,,,,,,,,,,,,,,,,,,,0,,,,,,
,,,,,,,,,,,,,,,,,,,,,,0,,,,,,,,,,,,,,,,,,,,,,,,,,,,0,,,,,,
,,,,,,,,,,,,,,,,,,,,,,0,,,,,,,,,,,,,,,,,,,,,,,,,,,,0,,,,,,
,,,,,,,,,,,,,,,,,,,,,,0,,,,,,,,,,,,,,,,,,,,,,,,,,,,0,,,,,,
,,,,,,,,,,,,,,,,,,,,,,0,,,,,,,,,,,,,,,,,,,,,,,,,,,,0,,,,,,
,,,,,,,,,,,,,,,,,,,,,,0,,,,,,,,,,,,,,,,,,,,,,,,,,,,0,,,,,,
,,,,,,,,,,,,,,,,,,,,,,0,,,,,,,,,,,,,,,,,,,,,,,,,,,,0,,,,,,
,,,,,,,,,,,,,,,,,,,,,,0,,,,,,,,,,,,,,,,,,,,,,,,,,,,0,,,,,,
,,,,,,,,,,,,,,,,,,,,,,0,,,,,,,,,,,,,,,,,,,,,,,,,,,,0,,,,,,
,,,,,,,,,,,,,,,,,,,,,,0,,,,,,,,,,,,,,,,,,,,,,,,,,,,0,,,,,,
,,,,,,,,,,,,,,,,,,,,,,0,,,,,,,,,,,,,,,,,,,,,,,,,,,,0,,,,,,
,,,,,,,,,,,,,,,,,,,,,,0,,,,,,,,,,,,,,,,,,,,,,,,,,,,0,,,,,,
,,,,,,,,,,,,,,,,,,,,,,0,,,,,,,,,,,,,,,,,,,,,,,,,,,,0,,,,,,
,,,,,,,,,,,,,,,,,,,,,,0,,,,,,,,,,,,,,,,,,,,,,,,,,,,0,,,,,,
,,,,,,,,,,,,,,,,,,,,,,0,,,,,,,,,,,,,,,,,,,,,,,,,,,,0,,,,,,
,,,,,,,,,,,,,,,,,,,,,,0,,,,,,,,,,,,,,,,,,,,,,,,,,,,0,,,,,,
,,,,,,,,,,,,,,,,,,,,,,0,,,,,,,,,,,,,,,,,,,,,,,,,,,,0,,,,,,
,,,,,,,,,,,,,,,,,,,,,,0,,,,,,,,,,,,,,,,,,,,,,,,,,,,0,,,,,,
,,,,,,,,,,,,,,,,,,,,,,0,,,,,,,,,,,,,,,,,,,,,,,,,,,,0,,,,,,
,,,,,,,,,,,,,,,,,,,,,,0,,,,,,,,,,,,,,,,,,,,,,,,,,,,0,,,,,,
,,,,,,,,,,,,,,,,,,,,,,0,,,,,,,,,,,,,,,,,,,,,,,,,,,,0,,,,,,
,,,,,,,,,,,,,,,,,,,,,,0,,,,,,,,,,,,,,,,,,,,,,,,,,,,0,,,,,,
,,,,,,,,,,,,,,,,,,,,,,0,,,,,,,,,,,,,,,,,,,,,,,,,,,,0,,,,,,
,,,,,,,,,,,,,,,,,,,,,,0,,,,,,,,,,,,,,,,,,,,,,,,,,,,0,,,,,,
,,,,,,,,,,,,,,,,,,,,,,0,,,,,,,,,,,,,,,,,,,,,,,,,,,,0,,,,,,
,,,,,,,,,,,,,,,,,,,,,,0,,,,,,,,,,,,,,,,,,,,,,,,,,,,0,,,,,,
,,,,,,,,,,,,,,,,,,,,,,0,,,,,,,,,,,,,,,,,,,,,,,,,,,,0,,,,,,
,,,,,,,,,,,,,,,,,,,,,,0,,,,,,,,,,,,,,,,,,,,,,,,,,,,0,,,,,,
,,,,,,,,,,,,,,,,,,,,,,0,,,,,,,,,,,,,,,,,,,,,,,,,,,,0,,,,,,
,,,,,,,,,,,,,,,,,,,,,,0,,,,,,,,,,,,,,,,,,,,,,,,,,,,0,,,,,,
,,,,,,,,,,,,,,,,,,,,,,0,,,,,,,,,,,,,,,,,,,,,,,,,,,,0,,,,,,
,,,,,,,,,,,,,,,,,,,,,,0,,,,,,,,,,,,,,,,,,,,,,,,,,,,0,,,,,,
,,,,,,,,,,,,,,,,,,,,,,0,,,,,,,,,,,,,,,,,,,,,,,,,,,,0,,,,,,
,,,,,,,,,,,,,,,,,,,,,,0,,,,,,,,,,,,,,,,,,,,,,,,,,,,0,,,,,,
,,,,,,,,,,,,,,,,,,,,,,0,,,,,,,,,,,,,,,,,,,,,,,,,,,,0,,,,,,
,,,,,,,,,,,,,,,,,,,,,,0,,,,,,,,,,,,,,,,,,,,,,,,,,,,0,,,,,,
,,,,,,,,,,,,,,,,,,,,,,0,,,,,,,,,,,,,,,,,,,,,,,,,,,,0,,,,,,
,,,,,,,,,,,,,,,,,,,,,,0,,,,,,,,,,,,,,,,,,,,,,,,,,,,0,,,,,,
,,,,,,,,,,,,,,,,,,,,,,0,,,,,,,,,,,,,,,,,,,,,,,,,,,,0,,,,,,
,,,,,,,,,,,,,,,,,,,,,,0,,,,,,,,,,,,,,,,,,,,,,,,,,,,0,,,,,,
,,,,,,,,,,,,,,,,,,,,,,0,,,,,,,,,,,,,,,,,,,,,,,,,,,,0,,,,,,
,,,,,,,,,,,,,,,,,,,,,,0,,,,,,,,,,,,,,,,,,,,,,,,,,,,0,,,,,,
,,,,,,,,,,,,,,,,,,,,,,0,,,,,,,,,,,,,,,,,,,,,,,,,,,,0,,,,,,
,,,,,,,,,,,,,,,,,,,,,,0,,,,,,,,,,,,,,,,,,,,,,,,,,,,0,,,,,,
,,,,,,,,,,,,,,,,,,,,,,0,,,,,,,,,,,,,,,,,,,,,,,,,,,,0,,,,,,
,,,,,,,,,,,,,,,,,,,,,,0,,,,,,,,,,,,,,,,,,,,,,,,,,,,0,,,,,,
,,,,,,,,,,,,,,,,,,,,,,0,,,,,,,,,,,,,,,,,,,,,,,,,,,,0,,,,,,
,,,,,,,,,,,,,,,,,,,,,,0,,,,,,,,,,,,,,,,,,,,,,,,,,,,0,,,,,,
,,,,,,,,,,,,,,,,,,,,,,0,,,,,,,,,,,,,,,,,,,,,,,,,,,,0,,,,,,
,,,,,,,,,,,,,,,,,,,,,,0,,,,,,,,,,,,,,,,,,,,,,,,,,,,0,,,,,,
,,,,,,,,,,,,,,,,,,,,,,0,,,,,,,,,,,,,,,,,,,,,,,,,,,,0,,,,,,
,,,,,,,,,,,,,,,,,,,,,,0,,,,,,,,,,,,,,,,,,,,,,,,,,,,0,,,,,,
,,,,,,,,,,,,,,,,,,,,,,0,,,,,,,,,,,,,,,,,,,,,,,,,,,,0,,,,,,
,,,,,,,,,,,,,,,,,,,,,,0,,,,,,,,,,,,,,,,,,,,,,,,,,,,0,,,,,,
,,,,,,,,,,,,,,,,,,,,,,0,,,,,,,,,,,,,,,,,,,,,,,,,,,,0,,,,,,
,,,,,,,,,,,,,,,,,,,,,,0,,,,,,,,,,,,,,,,,,,,,,,,,,,,0,,,,,,
,,,,,,,,,,,,,,,,,,,,,,0,,,,,,,,,,,,,,,,,,,,,,,,,,,,0,,,,,,
,,,,,,,,,,,,,,,,,,,,,,0,,,,,,,,,,,,,,,,,,,,,,,,,,,,0,,,,,,
,,,,,,,,,,,,,,,,,,,,,,0,,,,,,,,,,,,,,,,,,,,,,,,,,,,0,,,,,,
,,,,,,,,,,,,,,,,,,,,,,0,,,,,,,,,,,,,,,,,,,,,,,,,,,,0,,,,,,
,,,,,,,,,,,,,,,,,,,,,,0,,,,,,,,,,,,,,,,,,,,,,,,,,,,0,,,,,,
,,,,,,,,,,,,,,,,,,,,,,0,,,,,,,,,,,,,,,,,,,,,,,,,,,,0,,,,,,
,,,,,,,,,,,,,,,,,,,,,,0,,,,,,,,,,,,,,,,,,,,,,,,,,,,0,,,,,,
,,,,,,,,,,,,,,,,,,,,,,0,,,,,,,,,,,,,,,,,,,,,,,,,,,,0,,,,,,
,,,,,,,,,,,,,,,,,,,,,,0,,,,,,,,,,,,,,,,,,,,,,,,,,,,0,,,,,,
,,,,,,,,,,,,,,,,,,,,,,0,,,,,,,,,,,,,,,,,,,,,,,,,,,,0,,,,,,
,,,,,,,,,,,,,,,,,,,,,,0,,,,,,,,,,,,,,,,,,,,,,,,,,,,0,,,,,,
,,,,,,,,,,,,,,,,,,,,,,0,,,,,,,,,,,,,,,,,,,,,,,,,,,,0,,,,,,
,,,,,,,,,,,,,,,,,,,,,,0,,,,,,,,,,,,,,,,,,,,,,,,,,,,0,,,,,,
,,,,,,,,,,,,,,,,,,,,,,0,,,,,,,,,,,,,,,,,,,,,,,,,,,,0,,,,,,
,,,,,,,,,,,,,,,,,,,,,,0,,,,,,,,,,,,,,,,,,,,,,,,,,,,0,,,,,,
,,,,,,,,,,,,,,,,,,,,,,0,,,,,,,,,,,,,,,,,,,,,,,,,,,,0,,,,,,
,,,,,,,,,,,,,,,,,,,,,,0,,,,,,,,,,,,,,,,,,,,,,,,,,,,0,,,,,,
,,,,,,,,,,,,,,,,,,,,,,0,,,,,,,,,,,,,,,,,,,,,,,,,,,,0,,,,,,
,,,,,,,,,,,,,,,,,,,,,,0,,,,,,,,,,,,,,,,,,,,,,,,,,,,0,,,,,,
,,,,,,,,,,,,,,,,,,,,,,0,,,,,,,,,,,,,,,,,,,,,,,,,,,,0,,,,,,
,,,,,,,,,,,,,,,,,,,,,,0,,,,,,,,,,,,,,,,,,,,,,,,,,,,0,,,,,,
,,,,,,,,,,,,,,,,,,,,,,0,,,,,,,,,,,,,,,,,,,,,,,,,,,,0,,,,,,
,,,,,,,,,,,,,,,,,,,,,,0,,,,,,,,,,,,,,,,,,,,,,,,,,,,0,,,,,,
,,,,,,,,,,,,,,,,,,,,,,0,,,,,,,,,,,,,,,,,,,,,,,,,,,,0,,,,,,
,,,,,,,,,,,,,,,,,,,,,,0,,,,,,,,,,,,,,,,,,,,,,,,,,,,0,,,,,,
,,,,,,,,,,,,,,,,,,,,,,0,,,,,,,,,,,,,,,,,,,,,,,,,,,,0,,,,,,
,,,,,,,,,,,,,,,,,,,,,,0,,,,,,,,,,,,,,,,,,,,,,,,,,,,0,,,,,,
,,,,,,,,,,,,,,,,,,,,,,0,,,,,,,,,,,,,,,,,,,,,,,,,,,,0,,,,,,
,,,,,,,,,,,,,,,,,,,,,,0,,,,,,,,,,,,,,,,,,,,,,,,,,,,0,,,,,,
,,,,,,,,,,,,,,,,,,,,,,0,,,,,,,,,,,,,,,,,,,,,,,,,,,,0,,,,,,
,,,,,,,,,,,,,,,,,,,,,,0,,,,,,,,,,,,,,,,,,,,,,,,,,,,0,,,,,,
,,,,,,,,,,,,,,,,,,,,,,0,,,,,,,,,,,,,,,,,,,,,,,,,,,,0,,,,,,
,,,,,,,,,,,,,,,,,,,,,,0,,,,,,,,,,,,,,,,,,,,,,,,,,,,0,,,,,,
,,,,,,,,,,,,,,,,,,,,,,0,,,,,,,,,,,,,,,,,,,,,,,,,,,,0,,,,,,
,,,,,,,,,,,,,,,,,,,,,,0,,,,,,,,,,,,,,,,,,,,,,,,,,,,0,,,,,,
,,,,,,,,,,,,,,,,,,,,,,0,,,,,,,,,,,,,,,,,,,,,,,,,,,,0,,,,,,
,,,,,,,,,,,,,,,,,,,,,,0,,,,,,,,,,,,,,,,,,,,,,,,,,,,0,,,,,,
,,,,,,,,,,,,,,,,,,,,,,0,,,,,,,,,,,,,,,,,,,,,,,,,,,,0,,,,,,
,,,,,,,,,,,,,,,,,,,,,,0,,,,,,,,,,,,,,,,,,,,,,,,,,,,0,,,,,,
,,,,,,,,,,,,,,,,,,,,,,0,,,,,,,,,,,,,,,,,,,,,,,,,,,,0,,,,,,
,,,,,,,,,,,,,,,,,,,,,,0,,,,,,,,,,,,,,,,,,,,,,,,,,,,0,,,,,,
,,,,,,,,,,,,,,,,,,,,,,0,,,,,,,,,,,,,,,,,,,,,,,,,,,,0,,,,,,
,,,,,,,,,,,,,,,,,,,,,,0,,,,,,,,,,,,,,,,,,,,,,,,,,,,0,,,,,,
,,,,,,,,,,,,,,,,,,,,,,0,,,,,,,,,,,,,,,,,,,,,,,,,,,,0,,,,,,
,,,,,,,,,,,,,,,,,,,,,,0,,,,,,,,,,,,,,,,,,,,,,,,,,,,0,,,,,,
,,,,,,,,,,,,,,,,,,,,,,0,,,,,,,,,,,,,,,,,,,,,,,,,,,,0,,,,,,
,,,,,,,,,,,,,,,,,,,,,,0,,,,,,,,,,,,,,,,,,,,,,,,,,,,0,,,,,,
,,,,,,,,,,,,,,,,,,,,,,0,,,,,,,,,,,,,,,,,,,,,,,,,,,,0,,,,,,
,,,,,,,,,,,,,,,,,,,,,,0,,,,,,,,,,,,,,,,,,,,,,,,,,,,0,,,,,,
,,,,,,,,,,,,,,,,,,,,,,0,,,,,,,,,,,,,,,,,,,,,,,,,,,,0,,,,,,
,,,,,,,,,,,,,,,,,,,,,,0,,,,,,,,,,,,,,,,,,,,,,,,,,,,0,,,,,,
,,,,,,,,,,,,,,,,,,,,,,0,,,,,,,,,,,,,,,,,,,,,,,,,,,,0,,,,,,
,,,,,,,,,,,,,,,,,,,,,,0,,,,,,,,,,,,,,,,,,,,,,,,,,,,0,,,,,,
,,,,,,,,,,,,,,,,,,,,,,0,,,,,,,,,,,,,,,,,,,,,,,,,,,,0,,,,,,
,,,,,,,,,,,,,,,,,,,,,,0,,,,,,,,,,,,,,,,,,,,,,,,,,,,0,,,,,,
,,,,,,,,,,,,,,,,,,,,,,0,,,,,,,,,,,,,,,,,,,,,,,,,,,,0,,,,,,
,,,,,,,,,,,,,,,,,,,,,,0,,,,,,,,,,,,,,,,,,,,,,,,,,,,0,,,,,,
,,,,,,,,,,,,,,,,,,,,,,0,,,,,,,,,,,,,,,,,,,,,,,,,,,,0,,,,,,
,,,,,,,,,,,,,,,,,,,,,,0,,,,,,,,,,,,,,,,,,,,,,,,,,,,0,,,,,,
,,,,,,,,,,,,,,,,,,,,,,0,,,,,,,,,,,,,,,,,,,,,,,,,,,,0,,,,,,
,,,,,,,,,,,,,,,,,,,,,,0,,,,,,,,,,,,,,,,,,,,,,,,,,,,0,,,,,,
,,,,,,,,,,,,,,,,,,,,,,0,,,,,,,,,,,,,,,,,,,,,,,,,,,,0,,,,,,
,,,,,,,,,,,,,,,,,,,,,,0,,,,,,,,,,,,,,,,,,,,,,,,,,,,0,,,,,,
,,,,,,,,,,,,,,,,,,,,,,0,,,,,,,,,,,,,,,,,,,,,,,,,,,,0,,,,,,
,,,,,,,,,,,,,,,,,,,,,,0,,,,,,,,,,,,,,,,,,,,,,,,,,,,0,,,,,,
,,,,,,,,,,,,,,,,,,,,,,0,,,,,,,,,,,,,,,,,,,,,,,,,,,,0,,,,,,
,,,,,,,,,,,,,,,,,,,,,,0,,,,,,,,,,,,,,,,,,,,,,,,,,,,0,,,,,,
,,,,,,,,,,,,,,,,,,,,,,0,,,,,,,,,,,,,,,,,,,,,,,,,,,,0,,,,,,
,,,,,,,,,,,,,,,,,,,,,,0,,,,,,,,,,,,,,,,,,,,,,,,,,,,0,,,,,,
,,,,,,,,,,,,,,,,,,,,,,0,,,,,,,,,,,,,,,,,,,,,,,,,,,,0,,,,,,
,,,,,,,,,,,,,,,,,,,,,,0,,,,,,,,,,,,,,,,,,,,,,,,,,,,0,,,,,,
,,,,,,,,,,,,,,,,,,,,,,0,,,,,,,,,,,,,,,,,,,,,,,,,,,,0,,,,,,
,,,,,,,,,,,,,,,,,,,,,,0,,,,,,,,,,,,,,,,,,,,,,,,,,,,0,,,,,,
,,,,,,,,,,,,,,,,,,,,,,0,,,,,,,,,,,,,,,,,,,,,,,,,,,,0,,,,,,
,,,,,,,,,,,,,,,,,,,,,,0,,,,,,,,,,,,,,,,,,,,,,,,,,,,0,,,,,,
,,,,,,,,,,,,,,,,,,,,,,0,,,,,,,,,,,,,,,,,,,,,,,,,,,,0,,,,,,
,,,,,,,,,,,,,,,,,,,,,,0,,,,,,,,,,,,,,,,,,,,,,,,,,,,0,,,,,,
,,,,,,,,,,,,,,,,,,,,,,0,,,,,,,,,,,,,,,,,,,,,,,,,,,,0,,,,,,
,,,,,,,,,,,,,,,,,,,,,,0,,,,,,,,,,,,,,,,,,,,,,,,,,,,0,,,,,,
,,,,,,,,,,,,,,,,,,,,,,0,,,,,,,,,,,,,,,,,,,,,,,,,,,,0,,,,,,
,,,,,,,,,,,,,,,,,,,,,,0,,,,,,,,,,,,,,,,,,,,,,,,,,,,0,,,,,,
,,,,,,,,,,,,,,,,,,,,,,0,,,,,,,,,,,,,,,,,,,,,,,,,,,,0,,,,,,
,,,,,,,,,,,,,,,,,,,,,,0,,,,,,,,,,,,,,,,,,,,,,,,,,,,0,,,,,,
,,,,,,,,,,,,,,,,,,,,,,0,,,,,,,,,,,,,,,,,,,,,,,,,,,,0,,,,,,
,,,,,,,,,,,,,,,,,,,,,,0,,,,,,,,,,,,,,,,,,,,,,,,,,,,0,,,,,,
,,,,,,,,,,,,,,,,,,,,,,0,,,,,,,,,,,,,,,,,,,,,,,,,,,,0,,,,,,
,,,,,,,,,,,,,,,,,,,,,,0,,,,,,,,,,,,,,,,,,,,,,,,,,,,0,,,,,,
,,,,,,,,,,,,,,,,,,,,,,0,,,,,,,,,,,,,,,,,,,,,,,,,,,,0,,,,,,
,,,,,,,,,,,,,,,,,,,,,,0,,,,,,,,,,,,,,,,,,,,,,,,,,,,0,,,,,,
,,,,,,,,,,,,,,,,,,,,,,0,,,,,,,,,,,,,,,,,,,,,,,,,,,,0,,,,,,
,,,,,,,,,,,,,,,,,,,,,,0,,,,,,,,,,,,,,,,,,,,,,,,,,,,0,,,,,,
,,,,,,,,,,,,,,,,,,,,,,0,,,,,,,,,,,,,,,,,,,,,,,,,,,,0,,,,,,
,,,,,,,,,,,,,,,,,,,,,,0,,,,,,,,,,,,,,,,,,,,,,,,,,,,0,,,,,,
,,,,,,,,,,,,,,,,,,,,,,0,,,,,,,,,,,,,,,,,,,,,,,,,,,,0,,,,,,
,,,,,,,,,,,,,,,,,,,,,,0,,,,,,,,,,,,,,,,,,,,,,,,,,,,0,,,,,,
,,,,,,,,,,,,,,,,,,,,,,0,,,,,,,,,,,,,,,,,,,,,,,,,,,,0,,,,,,
,,,,,,,,,,,,,,,,,,,,,,0,,,,,,,,,,,,,,,,,,,,,,,,,,,,0,,,,,,
,,,,,,,,,,,,,,,,,,,,,,0,,,,,,,,,,,,,,,,,,,,,,,,,,,,0,,,,,,
,,,,,,,,,,,,,,,,,,,,,,0,,,,,,,,,,,,,,,,,,,,,,,,,,,,0,,,,,,
,,,,,,,,,,,,,,,,,,,,,,0,,,,,,,,,,,,,,,,,,,,,,,,,,,,0,,,,,,
,,,,,,,,,,,,,,,,,,,,,,0,,,,,,,,,,,,,,,,,,,,,,,,,,,,0,,,,,,
,,,,,,,,,,,,,,,,,,,,,,0,,,,,,,,,,,,,,,,,,,,,,,,,,,,0,,,,,,
,,,,,,,,,,,,,,,,,,,,,,0,,,,,,,,,,,,,,,,,,,,,,,,,,,,0,,,,,,
,,,,,,,,,,,,,,,,,,,,,,0,,,,,,,,,,,,,,,,,,,,,,,,,,,,0,,,,,,
,,,,,,,,,,,,,,,,,,,,,,0,,,,,,,,,,,,,,,,,,,,,,,,,,,,0,,,,,,
,,,,,,,,,,,,,,,,,,,,,,0,,,,,,,,,,,,,,,,,,,,,,,,,,,,0,,,,,,
,,,,,,,,,,,,,,,,,,,,,,0,,,,,,,,,,,,,,,,,,,,,,,,,,,,0,,,,,,
,,,,,,,,,,,,,,,,,,,,,,0,,,,,,,,,,,,,,,,,,,,,,,,,,,,0,,,,,,
,,,,,,,,,,,,,,,,,,,,,,0,,,,,,,,,,,,,,,,,,,,,,,,,,,,0,,,,,,
,,,,,,,,,,,,,,,,,,,,,,0,,,,,,,,,,,,,,,,,,,,,,,,,,,,0,,,,,,
,,,,,,,,,,,,,,,,,,,,,,0,,,,,,,,,,,,,,,,,,,,,,,,,,,,0,,,,,,
,,,,,,,,,,,,,,,,,,,,,,0,,,,,,,,,,,,,,,,,,,,,,,,,,,,0,,,,,,
,,,,,,,,,,,,,,,,,,,,,,0,,,,,,,,,,,,,,,,,,,,,,,,,,,,0,,,,,,
,,,,,,,,,,,,,,,,,,,,,,0,,,,,,,,,,,,,,,,,,,,,,,,,,,,0,,,,,,
,,,,,,,,,,,,,,,,,,,,,,0,,,,,,,,,,,,,,,,,,,,,,,,,,,,0,,,,,,
,,,,,,,,,,,,,,,,,,,,,,0,,,,,,,,,,,,,,,,,,,,,,,,,,,,0,,,,,,
,,,,,,,,,,,,,,,,,,,,,,0,,,,,,,,,,,,,,,,,,,,,,,,,,,,0,,,,,,
,,,,,,,,,,,,,,,,,,,,,,0,,,,,,,,,,,,,,,,,,,,,,,,,,,,0,,,,,,
,,,,,,,,,,,,,,,,,,,,,,0,,,,,,,,,,,,,,,,,,,,,,,,,,,,0,,,,,,
,,,,,,,,,,,,,,,,,,,,,,0,,,,,,,,,,,,,,,,,,,,,,,,,,,,0,,,,,,
,,,,,,,,,,,,,,,,,,,,,,0,,,,,,,,,,,,,,,,,,,,,,,,,,,,0,,,,,,
,,,,,,,,,,,,,,,,,,,,,,0,,,,,,,,,,,,,,,,,,,,,,,,,,,,0,,,,,,
,,,,,,,,,,,,,,,,,,,,,,0,,,,,,,,,,,,,,,,,,,,,,,,,,,,0,,,,,,
,,,,,,,,,,,,,,,,,,,,,,0,,,,,,,,,,,,,,,,,,,,,,,,,,,,0,,,,,,
,,,,,,,,,,,,,,,,,,,,,,0,,,,,,,,,,,,,,,,,,,,,,,,,,,,0,,,,,,
,,,,,,,,,,,,,,,,,,,,,,0,,,,,,,,,,,,,,,,,,,,,,,,,,,,0,,,,,,
,,,,,,,,,,,,,,,,,,,,,,0,,,,,,,,,,,,,,,,,,,,,,,,,,,,0,,,,,,
,,,,,,,,,,,,,,,,,,,,,,0,,,,,,,,,,,,,,,,,,,,,,,,,,,,0,,,,,,
,,,,,,,,,,,,,,,,,,,,,,0,,,,,,,,,,,,,,,,,,,,,,,,,,,,0,,,,,,
,,,,,,,,,,,,,,,,,,,,,,0,,,,,,,,,,,,,,,,,,,,,,,,,,,,0,,,,,,
,,,,,,,,,,,,,,,,,,,,,,0,,,,,,,,,,,,,,,,,,,,,,,,,,,,0,,,,,,
,,,,,,,,,,,,,,,,,,,,,,0,,,,,,,,,,,,,,,,,,,,,,,,,,,,0,,,,,,
,,,,,,,,,,,,,,,,,,,,,,0,,,,,,,,,,,,,,,,,,,,,,,,,,,,0,,,,,,
,,,,,,,,,,,,,,,,,,,,,,0,,,,,,,,,,,,,,,,,,,,,,,,,,,,0,,,,,,
,,,,,,,,,,,,,,,,,,,,,,0,,,,,,,,,,,,,,,,,,,,,,,,,,,,0,,,,,,
,,,,,,,,,,,,,,,,,,,,,,0,,,,,,,,,,,,,,,,,,,,,,,,,,,,0,,,,,,
,,,,,,,,,,,,,,,,,,,,,,0,,,,,,,,,,,,,,,,,,,,,,,,,,,,0,,,,,,
,,,,,,,,,,,,,,,,,,,,,,0,,,,,,,,,,,,,,,,,,,,,,,,,,,,0,,,,,,
,,,,,,,,,,,,,,,,,,,,,,0,,,,,,,,,,,,,,,,,,,,,,,,,,,,0,,,,,,
,,,,,,,,,,,,,,,,,,,,,,0,,,,,,,,,,,,,,,,,,,,,,,,,,,,0,,,,,,
,,,,,,,,,,,,,,,,,,,,,,0,,,,,,,,,,,,,,,,,,,,,,,,,,,,0,,,,,,
,,,,,,,,,,,,,,,,,,,,,,0,,,,,,,,,,,,,,,,,,,,,,,,,,,,0,,,,,,
,,,,,,,,,,,,,,,,,,,,,,0,,,,,,,,,,,,,,,,,,,,,,,,,,,,0,,,,,,
,,,,,,,,,,,,,,,,,,,,,,0,,,,,,,,,,,,,,,,,,,,,,,,,,,,0,,,,,,
,,,,,,,,,,,,,,,,,,,,,,0,,,,,,,,,,,,,,,,,,,,,,,,,,,,0,,,,,,
,,,,,,,,,,,,,,,,,,,,,,0,,,,,,,,,,,,,,,,,,,,,,,,,,,,0,,,,,,
,,,,,,,,,,,,,,,,,,,,,,0,,,,,,,,,,,,,,,,,,,,,,,,,,,,0,,,,,,
,,,,,,,,,,,,,,,,,,,,,,0,,,,,,,,,,,,,,,,,,,,,,,,,,,,0,,,,,,
,,,,,,,,,,,,,,,,,,,,,,0,,,,,,,,,,,,,,,,,,,,,,,,,,,,0,,,,,,
,,,,,,,,,,,,,,,,,,,,,,0,,,,,,,,,,,,,,,,,,,,,,,,,,,,0,,,,,,
,,,,,,,,,,,,,,,,,,,,,,0,,,,,,,,,,,,,,,,,,,,,,,,,,,,0,,,,,,
,,,,,,,,,,,,,,,,,,,,,,0,,,,,,,,,,,,,,,,,,,,,,,,,,,,0,,,,,,
,,,,,,,,,,,,,,,,,,,,,,0,,,,,,,,,,,,,,,,,,,,,,,,,,,,0,,,,,,
,,,,,,,,,,,,,,,,,,,,,,0,,,,,,,,,,,,,,,,,,,,,,,,,,,,0,,,,,,
,,,,,,,,,,,,,,,,,,,,,,0,,,,,,,,,,,,,,,,,,,,,,,,,,,,0,,,,,,
,,,,,,,,,,,,,,,,,,,,,,0,,,,,,,,,,,,,,,,,,,,,,,,,,,,0,,,,,,
,,,,,,,,,,,,,,,,,,,,,,0,,,,,,,,,,,,,,,,,,,,,,,,,,,,0,,,,,,
,,,,,,,,,,,,,,,,,,,,,,0,,,,,,,,,,,,,,,,,,,,,,,,,,,,0,,,,,,
,,,,,,,,,,,,,,,,,,,,,,0,,,,,,,,,,,,,,,,,,,,,,,,,,,,0,,,,,,
,,,,,,,,,,,,,,,,,,,,,,0,,,,,,,,,,,,,,,,,,,,,,,,,,,,0,,,,,,
,,,,,,,,,,,,,,,,,,,,,,0,,,,,,,,,,,,,,,,,,,,,,,,,,,,0,,,,,,
,,,,,,,,,,,,,,,,,,,,,,0,,,,,,,,,,,,,,,,,,,,,,,,,,,,0,,,,,,
,,,,,,,,,,,,,,,,,,,,,,0,,,,,,,,,,,,,,,,,,,,,,,,,,,,0,,,,,,
,,,,,,,,,,,,,,,,,,,,,,0,,,,,,,,,,,,,,,,,,,,,,,,,,,,0,,,,,,
,,,,,,,,,,,,,,,,,,,,,,0,,,,,,,,,,,,,,,,,,,,,,,,,,,,0,,,,,,
,,,,,,,,,,,,,,,,,,,,,,0,,,,,,,,,,,,,,,,,,,,,,,,,,,,0,,,,,,
,,,,,,,,,,,,,,,,,,,,,,0,,,,,,,,,,,,,,,,,,,,,,,,,,,,0,,,,,,
,,,,,,,,,,,,,,,,,,,,,,0,,,,,,,,,,,,,,,,,,,,,,,,,,,,0,,,,,,
,,,,,,,,,,,,,,,,,,,,,,0,,,,,,,,,,,,,,,,,,,,,,,,,,,,0,,,,,,
,,,,,,,,,,,,,,,,,,,,,,0,,,,,,,,,,,,,,,,,,,,,,,,,,,,0,,,,,,
,,,,,,,,,,,,,,,,,,,,,,0,,,,,,,,,,,,,,,,,,,,,,,,,,,,0,,,,,,
,,,,,,,,,,,,,,,,,,,,,,0,,,,,,,,,,,,,,,,,,,,,,,,,,,,0,,,,,,
,,,,,,,,,,,,,,,,,,,,,,0,,,,,,,,,,,,,,,,,,,,,,,,,,,,0,,,,,,
,,,,,,,,,,,,,,,,,,,,,,0,,,,,,,,,,,,,,,,,,,,,,,,,,,,0,,,,,,
,,,,,,,,,,,,,,,,,,,,,,0,,,,,,,,,,,,,,,,,,,,,,,,,,,,0,,,,,,
,,,,,,,,,,,,,,,,,,,,,,0,,,,,,,,,,,,,,,,,,,,,,,,,,,,0,,,,,,
,,,,,,,,,,,,,,,,,,,,,,0,,,,,,,,,,,,,,,,,,,,,,,,,,,,0,,,,,,
,,,,,,,,,,,,,,,,,,,,,,0,,,,,,,,,,,,,,,,,,,,,,,,,,,,0,,,,,,
,,,,,,,,,,,,,,,,,,,,,,0,,,,,,,,,,,,,,,,,,,,,,,,,,,,0,,,,,,
,,,,,,,,,,,,,,,,,,,,,,0,,,,,,,,,,,,,,,,,,,,,,,,,,,,0,,,,,,
,,,,,,,,,,,,,,,,,,,,,,0,,,,,,,,,,,,,,,,,,,,,,,,,,,,0,,,,,,
,,,,,,,,,,,,,,,,,,,,,,0,,,,,,,,,,,,,,,,,,,,,,,,,,,,0,,,,,,
,,,,,,,,,,,,,,,,,,,,,,0,,,,,,,,,,,,,,,,,,,,,,,,,,,,0,,,,,,
,,,,,,,,,,,,,,,,,,,,,,0,,,,,,,,,,,,,,,,,,,,,,,,,,,,0,,,,,,
,,,,,,,,,,,,,,,,,,,,,,0,,,,,,,,,,,,,,,,,,,,,,,,,,,,0,,,,,,
,,,,,,,,,,,,,,,,,,,,,,0,,,,,,,,,,,,,,,,,,,,,,,,,,,,0,,,,,,
,,,,,,,,,,,,,,,,,,,,,,0,,,,,,,,,,,,,,,,,,,,,,,,,,,,0,,,,,,
,,,,,,,,,,,,,,,,,,,,,,0,,,,,,,,,,,,,,,,,,,,,,,,,,,,0,,,,,,
,,,,,,,,,,,,,,,,,,,,,,0,,,,,,,,,,,,,,,,,,,,,,,,,,,,0,,,,,,
,,,,,,,,,,,,,,,,,,,,,,0,,,,,,,,,,,,,,,,,,,,,,,,,,,,0,,,,,,
,,,,,,,,,,,,,,,,,,,,,,0,,,,,,,,,,,,,,,,,,,,,,,,,,,,0,,,,,,
,,,,,,,,,,,,,,,,,,,,,,0,,,,,,,,,,,,,,,,,,,,,,,,,,,,0,,,,,,
,,,,,,,,,,,,,,,,,,,,,,0,,,,,,,,,,,,,,,,,,,,,,,,,,,,0,,,,,,
,,,,,,,,,,,,,,,,,,,,,,0,,,,,,,,,,,,,,,,,,,,,,,,,,,,0,,,,,,
,,,,,,,,,,,,,,,,,,,,,,0,,,,,,,,,,,,,,,,,,,,,,,,,,,,0,,,,,,
,,,,,,,,,,,,,,,,,,,,,,0,,,,,,,,,,,,,,,,,,,,,,,,,,,,0,,,,,,
,,,,,,,,,,,,,,,,,,,,,,0,,,,,,,,,,,,,,,,,,,,,,,,,,,,0,,,,,,
,,,,,,,,,,,,,,,,,,,,,,0,,,,,,,,,,,,,,,,,,,,,,,,,,,,0,,,,,,
,,,,,,,,,,,,,,,,,,,,,,0,,,,,,,,,,,,,,,,,,,,,,,,,,,,0,,,,,,
,,,,,,,,,,,,,,,,,,,,,,0,,,,,,,,,,,,,,,,,,,,,,,,,,,,0,,,,,,
,,,,,,,,,,,,,,,,,,,,,,0,,,,,,,,,,,,,,,,,,,,,,,,,,,,0,,,,,,
,,,,,,,,,,,,,,,,,,,,,,0,,,,,,,,,,,,,,,,,,,,,,,,,,,,0,,,,,,
,,,,,,,,,,,,,,,,,,,,,,0,,,,,,,,,,,,,,,,,,,,,,,,,,,,0,,,,,,
,,,,,,,,,,,,,,,,,,,,,,0,,,,,,,,,,,,,,,,,,,,,,,,,,,,0,,,,,,
,,,,,,,,,,,,,,,,,,,,,,0,,,,,,,,,,,,,,,,,,,,,,,,,,,,0,,,,,,
,,,,,,,,,,,,,,,,,,,,,,0,,,,,,,,,,,,,,,,,,,,,,,,,,,,0,,,,,,
,,,,,,,,,,,,,,,,,,,,,,0,,,,,,,,,,,,,,,,,,,,,,,,,,,,0,,,,,,
,,,,,,,,,,,,,,,,,,,,,,0,,,,,,,,,,,,,,,,,,,,,,,,,,,,0,,,,,,
,,,,,,,,,,,,,,,,,,,,,,0,,,,,,,,,,,,,,,,,,,,,,,,,,,,0,,,,,,
,,,,,,,,,,,,,,,,,,,,,,0,,,,,,,,,,,,,,,,,,,,,,,,,,,,0,,,,,,
,,,,,,,,,,,,,,,,,,,,,,0,,,,,,,,,,,,,,,,,,,,,,,,,,,,0,,,,,,
,,,,,,,,,,,,,,,,,,,,,,0,,,,,,,,,,,,,,,,,,,,,,,,,,,,0,,,,,,
,,,,,,,,,,,,,,,,,,,,,,0,,,,,,,,,,,,,,,,,,,,,,,,,,,,0,,,,,,
,,,,,,,,,,,,,,,,,,,,,,0,,,,,,,,,,,,,,,,,,,,,,,,,,,,0,,,,,,
,,,,,,,,,,,,,,,,,,,,,,0,,,,,,,,,,,,,,,,,,,,,,,,,,,,0,,,,,,
,,,,,,,,,,,,,,,,,,,,,,0,,,,,,,,,,,,,,,,,,,,,,,,,,,,0,,,,,,
,,,,,,,,,,,,,,,,,,,,,,0,,,,,,,,,,,,,,,,,,,,,,,,,,,,0,,,,,,
,,,,,,,,,,,,,,,,,,,,,,0,,,,,,,,,,,,,,,,,,,,,,,,,,,,0,,,,,,
,,,,,,,,,,,,,,,,,,,,,,0,,,,,,,,,,,,,,,,,,,,,,,,,,,,0,,,,,,
,,,,,,,,,,,,,,,,,,,,,,0,,,,,,,,,,,,,,,,,,,,,,,,,,,,0,,,,,,
,,,,,,,,,,,,,,,,,,,,,,0,,,,,,,,,,,,,,,,,,,,,,,,,,,,0,,,,,,
,,,,,,,,,,,,,,,,,,,,,,0,,,,,,,,,,,,,,,,,,,,,,,,,,,,0,,,,,,
,,,,,,,,,,,,,,,,,,,,,,0,,,,,,,,,,,,,,,,,,,,,,,,,,,,0,,,,,,
,,,,,,,,,,,,,,,,,,,,,,0,,,,,,,,,,,,,,,,,,,,,,,,,,,,0,,,,,,
,,,,,,,,,,,,,,,,,,,,,,0,,,,,,,,,,,,,,,,,,,,,,,,,,,,0,,,,,,
,,,,,,,,,,,,,,,,,,,,,,0,,,,,,,,,,,,,,,,,,,,,,,,,,,,0,,,,,,
,,,,,,,,,,,,,,,,,,,,,,0,,,,,,,,,,,,,,,,,,,,,,,,,,,,0,,,,,,
,,,,,,,,,,,,,,,,,,,,,,0,,,,,,,,,,,,,,,,,,,,,,,,,,,,0,,,,,,
,,,,,,,,,,,,,,,,,,,,,,0,,,,,,,,,,,,,,,,,,,,,,,,,,,,0,,,,,,
,,,,,,,,,,,,,,,,,,,,,,0,,,,,,,,,,,,,,,,,,,,,,,,,,,,0,,,,,,
,,,,,,,,,,,,,,,,,,,,,,0,,,,,,,,,,,,,,,,,,,,,,,,,,,,0,,,,,,
,,,,,,,,,,,,,,,,,,,,,,0,,,,,,,,,,,,,,,,,,,,,,,,,,,,0,,,,,,
,,,,,,,,,,,,,,,,,,,,,,0,,,,,,,,,,,,,,,,,,,,,,,,,,,,0,,,,,,
,,,,,,,,,,,,,,,,,,,,,,0,,,,,,,,,,,,,,,,,,,,,,,,,,,,0,,,,,,
,,,,,,,,,,,,,,,,,,,,,,0,,,,,,,,,,,,,,,,,,,,,,,,,,,,0,,,,,,
,,,,,,,,,,,,,,,,,,,,,,0,,,,,,,,,,,,,,,,,,,,,,,,,,,,0,,,,,,
,,,,,,,,,,,,,,,,,,,,,,0,,,,,,,,,,,,,,,,,,,,,,,,,,,,0,,,,,,
,,,,,,,,,,,,,,,,,,,,,,0,,,,,,,,,,,,,,,,,,,,,,,,,,,,0,,,,,,
,,,,,,,,,,,,,,,,,,,,,,0,,,,,,,,,,,,,,,,,,,,,,,,,,,,0,,,,,,
,,,,,,,,,,,,,,,,,,,,,,0,,,,,,,,,,,,,,,,,,,,,,,,,,,,0,,,,,,
,,,,,,,,,,,,,,,,,,,,,,0,,,,,,,,,,,,,,,,,,,,,,,,,,,,0,,,,,,
,,,,,,,,,,,,,,,,,,,,,,0,,,,,,,,,,,,,,,,,,,,,,,,,,,,0,,,,,,
,,,,,,,,,,,,,,,,,,,,,,0,,,,,,,,,,,,,,,,,,,,,,,,,,,,0,,,,,,
,,,,,,,,,,,,,,,,,,,,,,0,,,,,,,,,,,,,,,,,,,,,,,,,,,,0,,,,,,
,,,,,,,,,,,,,,,,,,,,,,0,,,,,,,,,,,,,,,,,,,,,,,,,,,,0,,,,,,
,,,,,,,,,,,,,,,,,,,,,,0,,,,,,,,,,,,,,,,,,,,,,,,,,,,0,,,,,,
,,,,,,,,,,,,,,,,,,,,,,0,,,,,,,,,,,,,,,,,,,,,,,,,,,,0,,,,,,
,,,,,,,,,,,,,,,,,,,,,,0,,,,,,,,,,,,,,,,,,,,,,,,,,,,0,,,,,,
,,,,,,,,,,,,,,,,,,,,,,0,,,,,,,,,,,,,,,,,,,,,,,,,,,,0,,,,,,
,,,,,,,,,,,,,,,,,,,,,,0,,,,,,,,,,,,,,,,,,,,,,,,,,,,0,,,,,,
,,,,,,,,,,,,,,,,,,,,,,0,,,,,,,,,,,,,,,,,,,,,,,,,,,,0,,,,,,
,,,,,,,,,,,,,,,,,,,,,,0,,,,,,,,,,,,,,,,,,,,,,,,,,,,0,,,,,,
,,,,,,,,,,,,,,,,,,,,,,0,,,,,,,,,,,,,,,,,,,,,,,,,,,,0,,,,,,
,,,,,,,,,,,,,,,,,,,,,,0,,,,,,,,,,,,,,,,,,,,,,,,,,,,0,,,,,,
,,,,,,,,,,,,,,,,,,,,,,0,,,,,,,,,,,,,,,,,,,,,,,,,,,,0,,,,,,
,,,,,,,,,,,,,,,,,,,,,,0,,,,,,,,,,,,,,,,,,,,,,,,,,,,0,,,,,,
,,,,,,,,,,,,,,,,,,,,,,0,,,,,,,,,,,,,,,,,,,,,,,,,,,,0,,,,,,
,,,,,,,,,,,,,,,,,,,,,,0,,,,,,,,,,,,,,,,,,,,,,,,,,,,0,,,,,,
,,,,,,,,,,,,,,,,,,,,,,0,,,,,,,,,,,,,,,,,,,,,,,,,,,,0,,,,,,
,,,,,,,,,,,,,,,,,,,,,,0,,,,,,,,,,,,,,,,,,,,,,,,,,,,0,,,,,,
,,,,,,,,,,,,,,,,,,,,,,0,,,,,,,,,,,,,,,,,,,,,,,,,,,,0,,,,,,
,,,,,,,,,,,,,,,,,,,,,,0,,,,,,,,,,,,,,,,,,,,,,,,,,,,0,,,,,,
,,,,,,,,,,,,,,,,,,,,,,0,,,,,,,,,,,,,,,,,,,,,,,,,,,,0,,,,,,
,,,,,,,,,,,,,,,,,,,,,,0,,,,,,,,,,,,,,,,,,,,,,,,,,,,0,,,,,,
,,,,,,,,,,,,,,,,,,,,,,0,,,,,,,,,,,,,,,,,,,,,,,,,,,,0,,,,,,
,,,,,,,,,,,,,,,,,,,,,,0,,,,,,,,,,,,,,,,,,,,,,,,,,,,0,,,,,,
,,,,,,,,,,,,,,,,,,,,,,0,,,,,,,,,,,,,,,,,,,,,,,,,,,,0,,,,,,
,,,,,,,,,,,,,,,,,,,,,,0,,,,,,,,,,,,,,,,,,,,,,,,,,,,0,,,,,,
,,,,,,,,,,,,,,,,,,,,,,0,,,,,,,,,,,,,,,,,,,,,,,,,,,,0,,,,,,
,,,,,,,,,,,,,,,,,,,,,,0,,,,,,,,,,,,,,,,,,,,,,,,,,,,0,,,,,,
,,,,,,,,,,,,,,,,,,,,,,0,,,,,,,,,,,,,,,,,,,,,,,,,,,,0,,,,,,
,,,,,,,,,,,,,,,,,,,,,,0,,,,,,,,,,,,,,,,,,,,,,,,,,,,0,,,,,,
,,,,,,,,,,,,,,,,,,,,,,0,,,,,,,,,,,,,,,,,,,,,,,,,,,,0,,,,,,
,,,,,,,,,,,,,,,,,,,,,,0,,,,,,,,,,,,,,,,,,,,,,,,,,,,0,,,,,,
,,,,,,,,,,,,,,,,,,,,,,0,,,,,,,,,,,,,,,,,,,,,,,,,,,,0,,,,,,
,,,,,,,,,,,,,,,,,,,,,,0,,,,,,,,,,,,,,,,,,,,,,,,,,,,0,,,,,,
,,,,,,,,,,,,,,,,,,,,,,0,,,,,,,,,,,,,,,,,,,,,,,,,,,,0,,,,,,
,,,,,,,,,,,,,,,,,,,,,,0,,,,,,,,,,,,,,,,,,,,,,,,,,,,0,,,,,,
,,,,,,,,,,,,,,,,,,,,,,0,,,,,,,,,,,,,,,,,,,,,,,,,,,,0,,,,,,
,,,,,,,,,,,,,,,,,,,,,,0,,,,,,,,,,,,,,,,,,,,,,,,,,,,0,,,,,,
,,,,,,,,,,,,,,,,,,,,,,0,,,,,,,,,,,,,,,,,,,,,,,,,,,,0,,,,,,
,,,,,,,,,,,,,,,,,,,,,,0,,,,,,,,,,,,,,,,,,,,,,,,,,,,0,,,,,,
,,,,,,,,,,,,,,,,,,,,,,0,,,,,,,,,,,,,,,,,,,,,,,,,,,,0,,,,,,
,,,,,,,,,,,,,,,,,,,,,,0,,,,,,,,,,,,,,,,,,,,,,,,,,,,0,,,,,,
,,,,,,,,,,,,,,,,,,,,,,0,,,,,,,,,,,,,,,,,,,,,,,,,,,,0,,,,,,
,,,,,,,,,,,,,,,,,,,,,,0,,,,,,,,,,,,,,,,,,,,,,,,,,,,0,,,,,,
,,,,,,,,,,,,,,,,,,,,,,0,,,,,,,,,,,,,,,,,,,,,,,,,,,,0,,,,,,
,,,,,,,,,,,,,,,,,,,,,,0,,,,,,,,,,,,,,,,,,,,,,,,,,,,0,,,,,,
,,,,,,,,,,,,,,,,,,,,,,0,,,,,,,,,,,,,,,,,,,,,,,,,,,,0,,,,,,
,,,,,,,,,,,,,,,,,,,,,,0,,,,,,,,,,,,,,,,,,,,,,,,,,,,0,,,,,,
,,,,,,,,,,,,,,,,,,,,,,0,,,,,,,,,,,,,,,,,,,,,,,,,,,,0,,,,,,
,,,,,,,,,,,,,,,,,,,,,,0,,,,,,,,,,,,,,,,,,,,,,,,,,,,0,,,,,,
,,,,,,,,,,,,,,,,,,,,,,0,,,,,,,,,,,,,,,,,,,,,,,,,,,,0,,,,,,
,,,,,,,,,,,,,,,,,,,,,,0,,,,,,,,,,,,,,,,,,,,,,,,,,,,0,,,,,,
,,,,,,,,,,,,,,,,,,,,,,0,,,,,,,,,,,,,,,,,,,,,,,,,,,,0,,,,,,
,,,,,,,,,,,,,,,,,,,,,,0,,,,,,,,,,,,,,,,,,,,,,,,,,,,0,,,,,,
,,,,,,,,,,,,,,,,,,,,,,0,,,,,,,,,,,,,,,,,,,,,,,,,,,,0,,,,,,
,,,,,,,,,,,,,,,,,,,,,,0,,,,,,,,,,,,,,,,,,,,,,,,,,,,0,,,,,,
,,,,,,,,,,,,,,,,,,,,,,0,,,,,,,,,,,,,,,,,,,,,,,,,,,,0,,,,,,
,,,,,,,,,,,,,,,,,,,,,,0,,,,,,,,,,,,,,,,,,,,,,,,,,,,0,,,,,,
,,,,,,,,,,,,,,,,,,,,,,0,,,,,,,,,,,,,,,,,,,,,,,,,,,,0,,,,,,
,,,,,,,,,,,,,,,,,,,,,,0,,,,,,,,,,,,,,,,,,,,,,,,,,,,0,,,,,,
,,,,,,,,,,,,,,,,,,,,,,0,,,,,,,,,,,,,,,,,,,,,,,,,,,,0,,,,,,
,,,,,,,,,,,,,,,,,,,,,,0,,,,,,,,,,,,,,,,,,,,,,,,,,,,0,,,,,,
,,,,,,,,,,,,,,,,,,,,,,0,,,,,,,,,,,,,,,,,,,,,,,,,,,,0,,,,,,
,,,,,,,,,,,,,,,,,,,,,,0,,,,,,,,,,,,,,,,,,,,,,,,,,,,0,,,,,,
,,,,,,,,,,,,,,,,,,,,,,0,,,,,,,,,,,,,,,,,,,,,,,,,,,,0,,,,,,
,,,,,,,,,,,,,,,,,,,,,,0,,,,,,,,,,,,,,,,,,,,,,,,,,,,0,,,,,,
,,,,,,,,,,,,,,,,,,,,,,0,,,,,,,,,,,,,,,,,,,,,,,,,,,,0,,,,,,
,,,,,,,,,,,,,,,,,,,,,,0,,,,,,,,,,,,,,,,,,,,,,,,,,,,0,,,,,,
,,,,,,,,,,,,,,,,,,,,,,0,,,,,,,,,,,,,,,,,,,,,,,,,,,,0,,,,,,
,,,,,,,,,,,,,,,,,,,,,,0,,,,,,,,,,,,,,,,,,,,,,,,,,,,0,,,,,,
,,,,,,,,,,,,,,,,,,,,,,0,,,,,,,,,,,,,,,,,,,,,,,,,,,,0,,,,,,
,,,,,,,,,,,,,,,,,,,,,,0,,,,,,,,,,,,,,,,,,,,,,,,,,,,0,,,,,,
,,,,,,,,,,,,,,,,,,,,,,0,,,,,,,,,,,,,,,,,,,,,,,,,,,,0,,,,,,
,,,,,,,,,,,,,,,,,,,,,,0,,,,,,,,,,,,,,,,,,,,,,,,,,,,0,,,,,,
,,,,,,,,,,,,,,,,,,,,,,0,,,,,,,,,,,,,,,,,,,,,,,,,,,,0,,,,,,
,,,,,,,,,,,,,,,,,,,,,,0,,,,,,,,,,,,,,,,,,,,,,,,,,,,0,,,,,,
,,,,,,,,,,,,,,,,,,,,,,0,,,,,,,,,,,,,,,,,,,,,,,,,,,,0,,,,,,
,,,,,,,,,,,,,,,,,,,,,,0,,,,,,,,,,,,,,,,,,,,,,,,,,,,0,,,,,,
,,,,,,,,,,,,,,,,,,,,,,0,,,,,,,,,,,,,,,,,,,,,,,,,,,,0,,,,,,
,,,,,,,,,,,,,,,,,,,,,,0,,,,,,,,,,,,,,,,,,,,,,,,,,,,0,,,,,,
,,,,,,,,,,,,,,,,,,,,,,0,,,,,,,,,,,,,,,,,,,,,,,,,,,,0,,,,,,
,,,,,,,,,,,,,,,,,,,,,,0,,,,,,,,,,,,,,,,,,,,,,,,,,,,0,,,,,,
,,,,,,,,,,,,,,,,,,,,,,0,,,,,,,,,,,,,,,,,,,,,,,,,,,,0,,,,,,
,,,,,,,,,,,,,,,,,,,,,,0,,,,,,,,,,,,,,,,,,,,,,,,,,,,0,,,,,,
,,,,,,,,,,,,,,,,,,,,,,0,,,,,,,,,,,,,,,,,,,,,,,,,,,,0,,,,,,
,,,,,,,,,,,,,,,,,,,,,,0,,,,,,,,,,,,,,,,,,,,,,,,,,,,0,,,,,,
,,,,,,,,,,,,,,,,,,,,,,0,,,,,,,,,,,,,,,,,,,,,,,,,,,,0,,,,,,
,,,,,,,,,,,,,,,,,,,,,,0,,,,,,,,,,,,,,,,,,,,,,,,,,,,0,,,,,,
,,,,,,,,,,,,,,,,,,,,,,0,,,,,,,,,,,,,,,,,,,,,,,,,,,,0,,,,,,
,,,,,,,,,,,,,,,,,,,,,,0,,,,,,,,,,,,,,,,,,,,,,,,,,,,0,,,,,,
,,,,,,,,,,,,,,,,,,,,,,0,,,,,,,,,,,,,,,,,,,,,,,,,,,,0,,,,,,
,,,,,,,,,,,,,,,,,,,,,,0,,,,,,,,,,,,,,,,,,,,,,,,,,,,0,,,,,,
,,,,,,,,,,,,,,,,,,,,,,0,,,,,,,,,,,,,,,,,,,,,,,,,,,,0,,,,,,
,,,,,,,,,,,,,,,,,,,,,,0,,,,,,,,,,,,,,,,,,,,,,,,,,,,0,,,,,,
,,,,,,,,,,,,,,,,,,,,,,0,,,,,,,,,,,,,,,,,,,,,,,,,,,,0,,,,,,
,,,,,,,,,,,,,,,,,,,,,,0,,,,,,,,,,,,,,,,,,,,,,,,,,,,0,,,,,,
,,,,,,,,,,,,,,,,,,,,,,0,,,,,,,,,,,,,,,,,,,,,,,,,,,,0,,,,,,
,,,,,,,,,,,,,,,,,,,,,,0,,,,,,,,,,,,,,,,,,,,,,,,,,,,0,,,,,,
,,,,,,,,,,,,,,,,,,,,,,0,,,,,,,,,,,,,,,,,,,,,,,,,,,,0,,,,,,
,,,,,,,,,,,,,,,,,,,,,,0,,,,,,,,,,,,,,,,,,,,,,,,,,,,0,,,,,,
,,,,,,,,,,,,,,,,,,,,,,0,,,,,,,,,,,,,,,,,,,,,,,,,,,,0,,,,,,
,,,,,,,,,,,,,,,,,,,,,,0,,,,,,,,,,,,,,,,,,,,,,,,,,,,0,,,,,,
,,,,,,,,,,,,,,,,,,,,,,0,,,,,,,,,,,,,,,,,,,,,,,,,,,,0,,,,,,
,,,,,,,,,,,,,,,,,,,,,,0,,,,,,,,,,,,,,,,,,,,,,,,,,,,0,,,,,,
,,,,,,,,,,,,,,,,,,,,,,0,,,,,,,,,,,,,,,,,,,,,,,,,,,,0,,,,,,
,,,,,,,,,,,,,,,,,,,,,,0,,,,,,,,,,,,,,,,,,,,,,,,,,,,0,,,,,,
,,,,,,,,,,,,,,,,,,,,,,0,,,,,,,,,,,,,,,,,,,,,,,,,,,,0,,,,,,
,,,,,,,,,,,,,,,,,,,,,,0,,,,,,,,,,,,,,,,,,,,,,,,,,,,0,,,,,,
,,,,,,,,,,,,,,,,,,,,,,0,,,,,,,,,,,,,,,,,,,,,,,,,,,,0,,,,,,
,,,,,,,,,,,,,,,,,,,,,,0,,,,,,,,,,,,,,,,,,,,,,,,,,,,0,,,,,,
,,,,,,,,,,,,,,,,,,,,,,0,,,,,,,,,,,,,,,,,,,,,,,,,,,,0,,,,,,
,,,,,,,,,,,,,,,,,,,,,,0,,,,,,,,,,,,,,,,,,,,,,,,,,,,0,,,,,,
,,,,,,,,,,,,,,,,,,,,,,0,,,,,,,,,,,,,,,,,,,,,,,,,,,,0,,,,,,
,,,,,,,,,,,,,,,,,,,,,,0,,,,,,,,,,,,,,,,,,,,,,,,,,,,0,,,,,,
,,,,,,,,,,,,,,,,,,,,,,0,,,,,,,,,,,,,,,,,,,,,,,,,,,,0,,,,,,
,,,,,,,,,,,,,,,,,,,,,,0,,,,,,,,,,,,,,,,,,,,,,,,,,,,0,,,,,,
,,,,,,,,,,,,,,,,,,,,,,0,,,,,,,,,,,,,,,,,,,,,,,,,,,,0,,,,,,
,,,,,,,,,,,,,,,,,,,,,,0,,,,,,,,,,,,,,,,,,,,,,,,,,,,0,,,,,,
,,,,,,,,,,,,,,,,,,,,,,0,,,,,,,,,,,,,,,,,,,,,,,,,,,,0,,,,,,
,,,,,,,,,,,,,,,,,,,,,,0,,,,,,,,,,,,,,,,,,,,,,,,,,,,0,,,,,,
,,,,,,,,,,,,,,,,,,,,,,0,,,,,,,,,,,,,,,,,,,,,,,,,,,,0,,,,,,
,,,,,,,,,,,,,,,,,,,,,,0,,,,,,,,,,,,,,,,,,,,,,,,,,,,0,,,,,,
,,,,,,,,,,,,,,,,,,,,,,0,,,,,,,,,,,,,,,,,,,,,,,,,,,,0,,,,,,
,,,,,,,,,,,,,,,,,,,,,,0,,,,,,,,,,,,,,,,,,,,,,,,,,,,0,,,,,,
,,,,,,,,,,,,,,,,,,,,,,0,,,,,,,,,,,,,,,,,,,,,,,,,,,,0,,,,,,
,,,,,,,,,,,,,,,,,,,,,,0,,,,,,,,,,,,,,,,,,,,,,,,,,,,0,,,,,,
,,,,,,,,,,,,,,,,,,,,,,0,,,,,,,,,,,,,,,,,,,,,,,,,,,,0,,,,,,
,,,,,,,,,,,,,,,,,,,,,,0,,,,,,,,,,,,,,,,,,,,,,,,,,,,0,,,,,,
,,,,,,,,,,,,,,,,,,,,,,0,,,,,,,,,,,,,,,,,,,,,,,,,,,,0,,,,,,
,,,,,,,,,,,,,,,,,,,,,,0,,,,,,,,,,,,,,,,,,,,,,,,,,,,0,,,,,,
,,,,,,,,,,,,,,,,,,,,,,0,,,,,,,,,,,,,,,,,,,,,,,,,,,,0,,,,,,
,,,,,,,,,,,,,,,,,,,,,,0,,,,,,,,,,,,,,,,,,,,,,,,,,,,0,,,,,,
,,,,,,,,,,,,,,,,,,,,,,0,,,,,,,,,,,,,,,,,,,,,,,,,,,,0,,,,,,
,,,,,,,,,,,,,,,,,,,,,,0,,,,,,,,,,,,,,,,,,,,,,,,,,,,0,,,,,,
,,,,,,,,,,,,,,,,,,,,,,0,,,,,,,,,,,,,,,,,,,,,,,,,,,,0,,,,,,
,,,,,,,,,,,,,,,,,,,,,,0,,,,,,,,,,,,,,,,,,,,,,,,,,,,0,,,,,,
,,,,,,,,,,,,,,,,,,,,,,0,,,,,,,,,,,,,,,,,,,,,,,,,,,,0,,,,,,
,,,,,,,,,,,,,,,,,,,,,,0,,,,,,,,,,,,,,,,,,,,,,,,,,,,0,,,,,,
,,,,,,,,,,,,,,,,,,,,,,0,,,,,,,,,,,,,,,,,,,,,,,,,,,,0,,,,,,
,,,,,,,,,,,,,,,,,,,,,,0,,,,,,,,,,,,,,,,,,,,,,,,,,,,0,,,,,,
,,,,,,,,,,,,,,,,,,,,,,0,,,,,,,,,,,,,,,,,,,,,,,,,,,,0,,,,,,
,,,,,,,,,,,,,,,,,,,,,,0,,,,,,,,,,,,,,,,,,,,,,,,,,,,0,,,,,,
,,,,,,,,,,,,,,,,,,,,,,0,,,,,,,,,,,,,,,,,,,,,,,,,,,,0,,,,,,
,,,,,,,,,,,,,,,,,,,,,,0,,,,,,,,,,,,,,,,,,,,,,,,,,,,0,,,,,,
,,,,,,,,,,,,,,,,,,,,,,0,,,,,,,,,,,,,,,,,,,,,,,,,,,,0,,,,,,
,,,,,,,,,,,,,,,,,,,,,,0,,,,,,,,,,,,,,,,,,,,,,,,,,,,0,,,,,,
,,,,,,,,,,,,,,,,,,,,,,0,,,,,,,,,,,,,,,,,,,,,,,,,,,,0,,,,,,
,,,,,,,,,,,,,,,,,,,,,,0,,,,,,,,,,,,,,,,,,,,,,,,,,,,0,,,,,,
,,,,,,,,,,,,,,,,,,,,,,0,,,,,,,,,,,,,,,,,,,,,,,,,,,,0,,,,,,
,,,,,,,,,,,,,,,,,,,,,,0,,,,,,,,,,,,,,,,,,,,,,,,,,,,0,,,,,,
,,,,,,,,,,,,,,,,,,,,,,0,,,,,,,,,,,,,,,,,,,,,,,,,,,,0,,,,,,
,,,,,,,,,,,,,,,,,,,,,,0,,,,,,,,,,,,,,,,,,,,,,,,,,,,0,,,,,,
,,,,,,,,,,,,,,,,,,,,,,0,,,,,,,,,,,,,,,,,,,,,,,,,,,,0,,,,,,
,,,,,,,,,,,,,,,,,,,,,,0,,,,,,,,,,,,,,,,,,,,,,,,,,,,0,,,,,,
,,,,,,,,,,,,,,,,,,,,,,0,,,,,,,,,,,,,,,,,,,,,,,,,,,,0,,,,,,
,,,,,,,,,,,,,,,,,,,,,,0,,,,,,,,,,,,,,,,,,,,,,,,,,,,0,,,,,,
,,,,,,,,,,,,,,,,,,,,,,0,,,,,,,,,,,,,,,,,,,,,,,,,,,,0,,,,,,
,,,,,,,,,,,,,,,,,,,,,,0,,,,,,,,,,,,,,,,,,,,,,,,,,,,0,,,,,,
,,,,,,,,,,,,,,,,,,,,,,0,,,,,,,,,,,,,,,,,,,,,,,,,,,,0,,,,,,
,,,,,,,,,,,,,,,,,,,,,,0,,,,,,,,,,,,,,,,,,,,,,,,,,,,0,,,,,,
,,,,,,,,,,,,,,,,,,,,,,0,,,,,,,,,,,,,,,,,,,,,,,,,,,,0,,,,,,
,,,,,,,,,,,,,,,,,,,,,,0,,,,,,,,,,,,,,,,,,,,,,,,,,,,0,,,,,,
,,,,,,,,,,,,,,,,,,,,,,0,,,,,,,,,,,,,,,,,,,,,,,,,,,,0,,,,,,
,,,,,,,,,,,,,,,,,,,,,,0,,,,,,,,,,,,,,,,,,,,,,,,,,,,0,,,,,,
,,,,,,,,,,,,,,,,,,,,,,0,,,,,,,,,,,,,,,,,,,,,,,,,,,,0,,,,,,
,,,,,,,,,,,,,,,,,,,,,,0,,,,,,,,,,,,,,,,,,,,,,,,,,,,0,,,,,,
,,,,,,,,,,,,,,,,,,,,,,0,,,,,,,,,,,,,,,,,,,,,,,,,,,,0,,,,,,
,,,,,,,,,,,,,,,,,,,,,,0,,,,,,,,,,,,,,,,,,,,,,,,,,,,0,,,,,,
,,,,,,,,,,,,,,,,,,,,,,0,,,,,,,,,,,,,,,,,,,,,,,,,,,,0,,,,,,
,,,,,,,,,,,,,,,,,,,,,,0,,,,,,,,,,,,,,,,,,,,,,,,,,,,0,,,,,,
,,,,,,,,,,,,,,,,,,,,,,0,,,,,,,,,,,,,,,,,,,,,,,,,,,,0,,,,,,
,,,,,,,,,,,,,,,,,,,,,,0,,,,,,,,,,,,,,,,,,,,,,,,,,,,0,,,,,,
,,,,,,,,,,,,,,,,,,,,,,0,,,,,,,,,,,,,,,,,,,,,,,,,,,,0,,,,,,
,,,,,,,,,,,,,,,,,,,,,,0,,,,,,,,,,,,,,,,,,,,,,,,,,,,0,,,,,,
,,,,,,,,,,,,,,,,,,,,,,0,,,,,,,,,,,,,,,,,,,,,,,,,,,,0,,,,,,
,,,,,,,,,,,,,,,,,,,,,,0,,,,,,,,,,,,,,,,,,,,,,,,,,,,0,,,,,,
,,,,,,,,,,,,,,,,,,,,,,0,,,,,,,,,,,,,,,,,,,,,,,,,,,,0,,,,,,
,,,,,,,,,,,,,,,,,,,,,,0,,,,,,,,,,,,,,,,,,,,,,,,,,,,0,,,,,,
,,,,,,,,,,,,,,,,,,,,,,0,,,,,,,,,,,,,,,,,,,,,,,,,,,,0,,,,,,
,,,,,,,,,,,,,,,,,,,,,,0,,,,,,,,,,,,,,,,,,,,,,,,,,,,0,,,,,,
,,,,,,,,,,,,,,,,,,,,,,0,,,,,,,,,,,,,,,,,,,,,,,,,,,,0,,,,,,
,,,,,,,,,,,,,,,,,,,,,,0,,,,,,,,,,,,,,,,,,,,,,,,,,,,0,,,,,,
,,,,,,,,,,,,,,,,,,,,,,0,,,,,,,,,,,,,,,,,,,,,,,,,,,,0,,,,,,
,,,,,,,,,,,,,,,,,,,,,,0,,,,,,,,,,,,,,,,,,,,,,,,,,,,0,,,,,,
,,,,,,,,,,,,,,,,,,,,,,0,,,,,,,,,,,,,,,,,,,,,,,,,,,,0,,,,,,
,,,,,,,,,,,,,,,,,,,,,,0,,,,,,,,,,,,,,,,,,,,,,,,,,,,0,,,,,,
,,,,,,,,,,,,,,,,,,,,,,0,,,,,,,,,,,,,,,,,,,,,,,,,,,,0,,,,,,
,,,,,,,,,,,,,,,,,,,,,,0,,,,,,,,,,,,,,,,,,,,,,,,,,,,0,,,,,,
,,,,,,,,,,,,,,,,,,,,,,0,,,,,,,,,,,,,,,,,,,,,,,,,,,,0,,,,,,
,,,,,,,,,,,,,,,,,,,,,,0,,,,,,,,,,,,,,,,,,,,,,,,,,,,0,,,,,,
,,,,,,,,,,,,,,,,,,,,,,0,,,,,,,,,,,,,,,,,,,,,,,,,,,,0,,,,,,
,,,,,,,,,,,,,,,,,,,,,,0,,,,,,,,,,,,,,,,,,,,,,,,,,,,0,,,,,,
,,,,,,,,,,,,,,,,,,,,,,0,,,,,,,,,,,,,,,,,,,,,,,,,,,,0,,,,,,
,,,,,,,,,,,,,,,,,,,,,,0,,,,,,,,,,,,,,,,,,,,,,,,,,,,0,,,,,,
,,,,,,,,,,,,,,,,,,,,,,0,,,,,,,,,,,,,,,,,,,,,,,,,,,,0,,,,,,
,,,,,,,,,,,,,,,,,,,,,,0,,,,,,,,,,,,,,,,,,,,,,,,,,,,0,,,,,,
,,,,,,,,,,,,,,,,,,,,,,0,,,,,,,,,,,,,,,,,,,,,,,,,,,,0,,,,,,
,,,,,,,,,,,,,,,,,,,,,,0,,,,,,,,,,,,,,,,,,,,,,,,,,,,0,,,,,,
,,,,,,,,,,,,,,,,,,,,,,0,,,,,,,,,,,,,,,,,,,,,,,,,,,,0,,,,,,
,,,,,,,,,,,,,,,,,,,,,,0,,,,,,,,,,,,,,,,,,,,,,,,,,,,0,,,,,,
,,,,,,,,,,,,,,,,,,,,,,0,,,,,,,,,,,,,,,,,,,,,,,,,,,,0,,,,,,
,,,,,,,,,,,,,,,,,,,,,,0,,,,,,,,,,,,,,,,,,,,,,,,,,,,0,,,,,,
,,,,,,,,,,,,,,,,,,,,,,0,,,,,,,,,,,,,,,,,,,,,,,,,,,,0,,,,,,
,,,,,,,,,,,,,,,,,,,,,,0,,,,,,,,,,,,,,,,,,,,,,,,,,,,0,,,,,,
,,,,,,,,,,,,,,,,,,,,,,0,,,,,,,,,,,,,,,,,,,,,,,,,,,,0,,,,,,
,,,,,,,,,,,,,,,,,,,,,,0,,,,,,,,,,,,,,,,,,,,,,,,,,,,0,,,,,,
,,,,,,,,,,,,,,,,,,,,,,0,,,,,,,,,,,,,,,,,,,,,,,,,,,,0,,,,,,
,,,,,,,,,,,,,,,,,,,,,,0,,,,,,,,,,,,,,,,,,,,,,,,,,,,0,,,,,,
,,,,,,,,,,,,,,,,,,,,,,0,,,,,,,,,,,,,,,,,,,,,,,,,,,,0,,,,,,
,,,,,,,,,,,,,,,,,,,,,,0,,,,,,,,,,,,,,,,,,,,,,,,,,,,0,,,,,,
,,,,,,,,,,,,,,,,,,,,,,0,,,,,,,,,,,,,,,,,,,,,,,,,,,,0,,,,,,
,,,,,,,,,,,,,,,,,,,,,,0,,,,,,,,,,,,,,,,,,,,,,,,,,,,0,,,,,,
,,,,,,,,,,,,,,,,,,,,,,0,,,,,,,,,,,,,,,,,,,,,,,,,,,,0,,,,,,
,,,,,,,,,,,,,,,,,,,,,,0,,,,,,,,,,,,,,,,,,,,,,,,,,,,0,,,,,,
,,,,,,,,,,,,,,,,,,,,,,0,,,,,,,,,,,,,,,,,,,,,,,,,,,,0,,,,,,
,,,,,,,,,,,,,,,,,,,,,,0,,,,,,,,,,,,,,,,,,,,,,,,,,,,0,,,,,,
,,,,,,,,,,,,,,,,,,,,,,0,,,,,,,,,,,,,,,,,,,,,,,,,,,,0,,,,,,
,,,,,,,,,,,,,,,,,,,,,,0,,,,,,,,,,,,,,,,,,,,,,,,,,,,0,,,,,,
,,,,,,,,,,,,,,,,,,,,,,0,,,,,,,,,,,,,,,,,,,,,,,,,,,,0,,,,,,
,,,,,,,,,,,,,,,,,,,,,,0,,,,,,,,,,,,,,,,,,,,,,,,,,,,0,,,,,,
,,,,,,,,,,,,,,,,,,,,,,0,,,,,,,,,,,,,,,,,,,,,,,,,,,,0,,,,,,
,,,,,,,,,,,,,,,,,,,,,,0,,,,,,,,,,,,,,,,,,,,,,,,,,,,0,,,,,,
,,,,,,,,,,,,,,,,,,,,,,0,,,,,,,,,,,,,,,,,,,,,,,,,,,,0,,,,,,
,,,,,,,,,,,,,,,,,,,,,,0,,,,,,,,,,,,,,,,,,,,,,,,,,,,0,,,,,,
,,,,,,,,,,,,,,,,,,,,,,0,,,,,,,,,,,,,,,,,,,,,,,,,,,,0,,,,,,
,,,,,,,,,,,,,,,,,,,,,,0,,,,,,,,,,,,,,,,,,,,,,,,,,,,0,,,,,,
,,,,,,,,,,,,,,,,,,,,,,0,,,,,,,,,,,,,,,,,,,,,,,,,,,,0,,,,,,
,,,,,,,,,,,,,,,,,,,,,,0,,,,,,,,,,,,,,,,,,,,,,,,,,,,0,,,,,,
,,,,,,,,,,,,,,,,,,,,,,0,,,,,,,,,,,,,,,,,,,,,,,,,,,,0,,,,,,
,,,,,,,,,,,,,,,,,,,,,,0,,,,,,,,,,,,,,,,,,,,,,,,,,,,0,,,,,,
,,,,,,,,,,,,,,,,,,,,,,0,,,,,,,,,,,,,,,,,,,,,,,,,,,,0,,,,,,
,,,,,,,,,,,,,,,,,,,,,,0,,,,,,,,,,,,,,,,,,,,,,,,,,,,0,,,,,,
,,,,,,,,,,,,,,,,,,,,,,0,,,,,,,,,,,,,,,,,,,,,,,,,,,,0,,,,,,
,,,,,,,,,,,,,,,,,,,,,,0,,,,,,,,,,,,,,,,,,,,,,,,,,,,0,,,,,,
,,,,,,,,,,,,,,,,,,,,,,0,,,,,,,,,,,,,,,,,,,,,,,,,,,,0,,,,,,
,,,,,,,,,,,,,,,,,,,,,,0,,,,,,,,,,,,,,,,,,,,,,,,,,,,0,,,,,,
,,,,,,,,,,,,,,,,,,,,,,0,,,,,,,,,,,,,,,,,,,,,,,,,,,,0,,,,,,
,,,,,,,,,,,,,,,,,,,,,,0,,,,,,,,,,,,,,,,,,,,,,,,,,,,0,,,,,,
,,,,,,,,,,,,,,,,,,,,,,0,,,,,,,,,,,,,,,,,,,,,,,,,,,,0,,,,,,
,,,,,,,,,,,,,,,,,,,,,,0,,,,,,,,,,,,,,,,,,,,,,,,,,,,0,,,,,,
,,,,,,,,,,,,,,,,,,,,,,0,,,,,,,,,,,,,,,,,,,,,,,,,,,,0,,,,,,
,,,,,,,,,,,,,,,,,,,,,,0,,,,,,,,,,,,,,,,,,,,,,,,,,,,0,,,,,,
,,,,,,,,,,,,,,,,,,,,,,0,,,,,,,,,,,,,,,,,,,,,,,,,,,,0,,,,,,
,,,,,,,,,,,,,,,,,,,,,,0,,,,,,,,,,,,,,,,,,,,,,,,,,,,0,,,,,,
,,,,,,,,,,,,,,,,,,,,,,0,,,,,,,,,,,,,,,,,,,,,,,,,,,,0,,,,,,
,,,,,,,,,,,,,,,,,,,,,,0,,,,,,,,,,,,,,,,,,,,,,,,,,,,0,,,,,,
,,,,,,,,,,,,,,,,,,,,,,0,,,,,,,,,,,,,,,,,,,,,,,,,,,,0,,,,,,
,,,,,,,,,,,,,,,,,,,,,,0,,,,,,,,,,,,,,,,,,,,,,,,,,,,0,,,,,,
,,,,,,,,,,,,,,,,,,,,,,0,,,,,,,,,,,,,,,,,,,,,,,,,,,,0,,,,,,
,,,,,,,,,,,,,,,,,,,,,,0,,,,,,,,,,,,,,,,,,,,,,,,,,,,0,,,,,,
,,,,,,,,,,,,,,,,,,,,,,0,,,,,,,,,,,,,,,,,,,,,,,,,,,,0,,,,,,
,,,,,,,,,,,,,,,,,,,,,,0,,,,,,,,,,,,,,,,,,,,,,,,,,,,0,,,,,,
,,,,,,,,,,,,,,,,,,,,,,0,,,,,,,,,,,,,,,,,,,,,,,,,,,,0,,,,,,
,,,,,,,,,,,,,,,,,,,,,,0,,,,,,,,,,,,,,,,,,,,,,,,,,,,0,,,,,,
,,,,,,,,,,,,,,,,,,,,,,0,,,,,,,,,,,,,,,,,,,,,,,,,,,,0,,,,,,
,,,,,,,,,,,,,,,,,,,,,,0,,,,,,,,,,,,,,,,,,,,,,,,,,,,0,,,,,,
,,,,,,,,,,,,,,,,,,,,,,0,,,,,,,,,,,,,,,,,,,,,,,,,,,,0,,,,,,
,,,,,,,,,,,,,,,,,,,,,,0,,,,,,,,,,,,,,,,,,,,,,,,,,,,0,,,,,,
,,,,,,,,,,,,,,,,,,,,,,0,,,,,,,,,,,,,,,,,,,,,,,,,,,,0,,,,,,
,,,,,,,,,,,,,,,,,,,,,,0,,,,,,,,,,,,,,,,,,,,,,,,,,,,0,,,,,,
,,,,,,,,,,,,,,,,,,,,,,0,,,,,,,,,,,,,,,,,,,,,,,,,,,,0,,,,,,
,,,,,,,,,,,,,,,,,,,,,,0,,,,,,,,,,,,,,,,,,,,,,,,,,,,0,,,,,,
,,,,,,,,,,,,,,,,,,,,,,0,,,,,,,,,,,,,,,,,,,,,,,,,,,,0,,,,,,
,,,,,,,,,,,,,,,,,,,,,,0,,,,,,,,,,,,,,,,,,,,,,,,,,,,0,,,,,,
,,,,,,,,,,,,,,,,,,,,,,0,,,,,,,,,,,,,,,,,,,,,,,,,,,,0,,,,,,
,,,,,,,,,,,,,,,,,,,,,,0,,,,,,,,,,,,,,,,,,,,,,,,,,,,0,,,,,,
,,,,,,,,,,,,,,,,,,,,,,0,,,,,,,,,,,,,,,,,,,,,,,,,,,,0,,,,,,
,,,,,,,,,,,,,,,,,,,,,,0,,,,,,,,,,,,,,,,,,,,,,,,,,,,0,,,,,,
,,,,,,,,,,,,,,,,,,,,,,0,,,,,,,,,,,,,,,,,,,,,,,,,,,,0,,,,,,
,,,,,,,,,,,,,,,,,,,,,,0,,,,,,,,,,,,,,,,,,,,,,,,,,,,0,,,,,,
,,,,,,,,,,,,,,,,,,,,,,0,,,,,,,,,,,,,,,,,,,,,,,,,,,,0,,,,,,
,,,,,,,,,,,,,,,,,,,,,,0,,,,,,,,,,,,,,,,,,,,,,,,,,,,0,,,,,,
,,,,,,,,,,,,,,,,,,,,,,0,,,,,,,,,,,,,,,,,,,,,,,,,,,,0,,,,,,
,,,,,,,,,,,,,,,,,,,,,,0,,,,,,,,,,,,,,,,,,,,,,,,,,,,0,,,,,,
,,,,,,,,,,,,,,,,,,,,,,0,,,,,,,,,,,,,,,,,,,,,,,,,,,,0,,,,,,
,,,,,,,,,,,,,,,,,,,,,,0,,,,,,,,,,,,,,,,,,,,,,,,,,,,0,,,,,,
,,,,,,,,,,,,,,,,,,,,,,0,,,,,,,,,,,,,,,,,,,,,,,,,,,,0,,,,,,
,,,,,,,,,,,,,,,,,,,,,,0,,,,,,,,,,,,,,,,,,,,,,,,,,,,0,,,,,,
,,,,,,,,,,,,,,,,,,,,,,0,,,,,,,,,,,,,,,,,,,,,,,,,,,,0,,,,,,
,,,,,,,,,,,,,,,,,,,,,,0,,,,,,,,,,,,,,,,,,,,,,,,,,,,0,,,,,,
,,,,,,,,,,,,,,,,,,,,,,0,,,,,,,,,,,,,,,,,,,,,,,,,,,,0,,,,,,
,,,,,,,,,,,,,,,,,,,,,,0,,,,,,,,,,,,,,,,,,,,,,,,,,,,0,,,,,,
,,,,,,,,,,,,,,,,,,,,,,0,,,,,,,,,,,,,,,,,,,,,,,,,,,,0,,,,,,
,,,,,,,,,,,,,,,,,,,,,,0,,,,,,,,,,,,,,,,,,,,,,,,,,,,0,,,,,,
,,,,,,,,,,,,,,,,,,,,,,0,,,,,,,,,,,,,,,,,,,,,,,,,,,,0,,,,,,
,,,,,,,,,,,,,,,,,,,,,,0,,,,,,,,,,,,,,,,,,,,,,,,,,,,0,,,,,,
,,,,,,,,,,,,,,,,,,,,,,0,,,,,,,,,,,,,,,,,,,,,,,,,,,,0,,,,,,
,,,,,,,,,,,,,,,,,,,,,,0,,,,,,,,,,,,,,,,,,,,,,,,,,,,0,,,,,,
,,,,,,,,,,,,,,,,,,,,,,0,,,,,,,,,,,,,,,,,,,,,,,,,,,,0,,,,,,
,,,,,,,,,,,,,,,,,,,,,,0,,,,,,,,,,,,,,,,,,,,,,,,,,,,0,,,,,,
,,,,,,,,,,,,,,,,,,,,,,0,,,,,,,,,,,,,,,,,,,,,,,,,,,,0,,,,,,
,,,,,,,,,,,,,,,,,,,,,,0,,,,,,,,,,,,,,,,,,,,,,,,,,,,0,,,,,,
,,,,,,,,,,,,,,,,,,,,,,0,,,,,,,,,,,,,,,,,,,,,,,,,,,,0,,,,,,
,,,,,,,,,,,,,,,,,,,,,,0,,,,,,,,,,,,,,,,,,,,,,,,,,,,0,,,,,,
,,,,,,,,,,,,,,,,,,,,,,0,,,,,,,,,,,,,,,,,,,,,,,,,,,,0,,,,,,
,,,,,,,,,,,,,,,,,,,,,,0,,,,,,,,,,,,,,,,,,,,,,,,,,,,0,,,,,,
,,,,,,,,,,,,,,,,,,,,,,0,,,,,,,,,,,,,,,,,,,,,,,,,,,,0,,,,,,
,,,,,,,,,,,,,,,,,,,,,,0,,,,,,,,,,,,,,,,,,,,,,,,,,,,0,,,,,,
,,,,,,,,,,,,,,,,,,,,,,0,,,,,,,,,,,,,,,,,,,,,,,,,,,,0,,,,,,
,,,,,,,,,,,,,,,,,,,,,,0,,,,,,,,,,,,,,,,,,,,,,,,,,,,0,,,,,,
,,,,,,,,,,,,,,,,,,,,,,0,,,,,,,,,,,,,,,,,,,,,,,,,,,,0,,,,,,
,,,,,,,,,,,,,,,,,,,,,,0,,,,,,,,,,,,,,,,,,,,,,,,,,,,0,,,,,,
,,,,,,,,,,,,,,,,,,,,,,0,,,,,,,,,,,,,,,,,,,,,,,,,,,,0,,,,,,
,,,,,,,,,,,,,,,,,,,,,,0,,,,,,,,,,,,,,,,,,,,,,,,,,,,0,,,,,,
,,,,,,,,,,,,,,,,,,,,,,0,,,,,,,,,,,,,,,,,,,,,,,,,,,,0,,,,,,
,,,,,,,,,,,,,,,,,,,,,,0,,,,,,,,,,,,,,,,,,,,,,,,,,,,0,,,,,,
,,,,,,,,,,,,,,,,,,,,,,0,,,,,,,,,,,,,,,,,,,,,,,,,,,,0,,,,,,
,,,,,,,,,,,,,,,,,,,,,,0,,,,,,,,,,,,,,,,,,,,,,,,,,,,0,,,,,,
,,,,,,,,,,,,,,,,,,,,,,0,,,,,,,,,,,,,,,,,,,,,,,,,,,,0,,,,,,
,,,,,,,,,,,,,,,,,,,,,,0,,,,,,,,,,,,,,,,,,,,,,,,,,,,0,,,,,,
,,,,,,,,,,,,,,,,,,,,,,0,,,,,,,,,,,,,,,,,,,,,,,,,,,,0,,,,,,
,,,,,,,,,,,,,,,,,,,,,,0,,,,,,,,,,,,,,,,,,,,,,,,,,,,0,,,,,,
,,,,,,,,,,,,,,,,,,,,,,0,,,,,,,,,,,,,,,,,,,,,,,,,,,,0,,,,,,
,,,,,,,,,,,,,,,,,,,,,,0,,,,,,,,,,,,,,,,,,,,,,,,,,,,0,,,,,,
,,,,,,,,,,,,,,,,,,,,,,0,,,,,,,,,,,,,,,,,,,,,,,,,,,,0,,,,,,
,,,,,,,,,,,,,,,,,,,,,,0,,,,,,,,,,,,,,,,,,,,,,,,,,,,0,,,,,,
,,,,,,,,,,,,,,,,,,,,,,0,,,,,,,,,,,,,,,,,,,,,,,,,,,,0,,,,,,
,,,,,,,,,,,,,,,,,,,,,,0,,,,,,,,,,,,,,,,,,,,,,,,,,,,0,,,,,,
,,,,,,,,,,,,,,,,,,,,,,0,,,,,,,,,,,,,,,,,,,,,,,,,,,,0,,,,,,
,,,,,,,,,,,,,,,,,,,,,,0,,,,,,,,,,,,,,,,,,,,,,,,,,,,0,,,,,,
,,,,,,,,,,,,,,,,,,,,,,0,,,,,,,,,,,,,,,,,,,,,,,,,,,,0,,,,,,
,,,,,,,,,,,,,,,,,,,,,,0,,,,,,,,,,,,,,,,,,,,,,,,,,,,0,,,,,,
,,,,,,,,,,,,,,,,,,,,,,0,,,,,,,,,,,,,,,,,,,,,,,,,,,,0,,,,,,
,,,,,,,,,,,,,,,,,,,,,,0,,,,,,,,,,,,,,,,,,,,,,,,,,,,0,,,,,,
,,,,,,,,,,,,,,,,,,,,,,0,,,,,,,,,,,,,,,,,,,,,,,,,,,,0,,,,,,
,,,,,,,,,,,,,,,,,,,,,,0,,,,,,,,,,,,,,,,,,,,,,,,,,,,0,,,,,,
,,,,,,,,,,,,,,,,,,,,,,0,,,,,,,,,,,,,,,,,,,,,,,,,,,,0,,,,,,
,,,,,,,,,,,,,,,,,,,,,,0,,,,,,,,,,,,,,,,,,,,,,,,,,,,0,,,,,,
,,,,,,,,,,,,,,,,,,,,,,0,,,,,,,,,,,,,,,,,,,,,,,,,,,,0,,,,,,
,,,,,,,,,,,,,,,,,,,,,,0,,,,,,,,,,,,,,,,,,,,,,,,,,,,0,,,,,,
,,,,,,,,,,,,,,,,,,,,,,0,,,,,,,,,,,,,,,,,,,,,,,,,,,,0,,,,,,
,,,,,,,,,,,,,,,,,,,,,,0,,,,,,,,,,,,,,,,,,,,,,,,,,,,0,,,,,,
,,,,,,,,,,,,,,,,,,,,,,0,,,,,,,,,,,,,,,,,,,,,,,,,,,,0,,,,,,
,,,,,,,,,,,,,,,,,,,,,,0,,,,,,,,,,,,,,,,,,,,,,,,,,,,0,,,,,,
,,,,,,,,,,,,,,,,,,,,,,0,,,,,,,,,,,,,,,,,,,,,,,,,,,,0,,,,,,
,,,,,,,,,,,,,,,,,,,,,,0,,,,,,,,,,,,,,,,,,,,,,,,,,,,0,,,,,,
,,,,,,,,,,,,,,,,,,,,,,0,,,,,,,,,,,,,,,,,,,,,,,,,,,,0,,,,,,
,,,,,,,,,,,,,,,,,,,,,,0,,,,,,,,,,,,,,,,,,,,,,,,,,,,0,,,,,,
,,,,,,,,,,,,,,,,,,,,,,0,,,,,,,,,,,,,,,,,,,,,,,,,,,,0,,,,,,
,,,,,,,,,,,,,,,,,,,,,,0,,,,,,,,,,,,,,,,,,,,,,,,,,,,0,,,,,,
,,,,,,,,,,,,,,,,,,,,,,0,,,,,,,,,,,,,,,,,,,,,,,,,,,,0,,,,,,
,,,,,,,,,,,,,,,,,,,,,,0,,,,,,,,,,,,,,,,,,,,,,,,,,,,0,,,,,,
,,,,,,,,,,,,,,,,,,,,,,0,,,,,,,,,,,,,,,,,,,,,,,,,,,,0,,,,,,
,,,,,,,,,,,,,,,,,,,,,,0,,,,,,,,,,,,,,,,,,,,,,,,,,,,0,,,,,,
,,,,,,,,,,,,,,,,,,,,,,0,,,,,,,,,,,,,,,,,,,,,,,,,,,,0,,,,,,
,,,,,,,,,,,,,,,,,,,,,,0,,,,,,,,,,,,,,,,,,,,,,,,,,,,0,,,,,,
,,,,,,,,,,,,,,,,,,,,,,0,,,,,,,,,,,,,,,,,,,,,,,,,,,,0,,,,,,
,,,,,,,,,,,,,,,,,,,,,,0,,,,,,,,,,,,,,,,,,,,,,,,,,,,0,,,,,,
,,,,,,,,,,,,,,,,,,,,,,0,,,,,,,,,,,,,,,,,,,,,,,,,,,,0,,,,,,
,,,,,,,,,,,,,,,,,,,,,,0,,,,,,,,,,,,,,,,,,,,,,,,,,,,0,,,,,,
,,,,,,,,,,,,,,,,,,,,,,0,,,,,,,,,,,,,,,,,,,,,,,,,,,,0,,,,,,
,,,,,,,,,,,,,,,,,,,,,,0,,,,,,,,,,,,,,,,,,,,,,,,,,,,0,,,,,,
,,,,,,,,,,,,,,,,,,,,,,0,,,,,,,,,,,,,,,,,,,,,,,,,,,,0,,,,,,
,,,,,,,,,,,,,,,,,,,,,,0,,,,,,,,,,,,,,,,,,,,,,,,,,,,0,,,,,,
,,,,,,,,,,,,,,,,,,,,,,0,,,,,,,,,,,,,,,,,,,,,,,,,,,,0,,,,,,
,,,,,,,,,,,,,,,,,,,,,,0,,,,,,,,,,,,,,,,,,,,,,,,,,,,0,,,,,,
,,,,,,,,,,,,,,,,,,,,,,0,,,,,,,,,,,,,,,,,,,,,,,,,,,,0,,,,,,
,,,,,,,,,,,,,,,,,,,,,,0,,,,,,,,,,,,,,,,,,,,,,,,,,,,0,,,,,,
,,,,,,,,,,,,,,,,,,,,,,0,,,,,,,,,,,,,,,,,,,,,,,,,,,,0,,,,,,
,,,,,,,,,,,,,,,,,,,,,,0,,,,,,,,,,,,,,,,,,,,,,,,,,,,0,,,,,,
,,,,,,,,,,,,,,,,,,,,,,0,,,,,,,,,,,,,,,,,,,,,,,,,,,,0,,,,,,
,,,,,,,,,,,,,,,,,,,,,,0,,,,,,,,,,,,,,,,,,,,,,,,,,,,0,,,,,,
,,,,,,,,,,,,,,,,,,,,,,0,,,,,,,,,,,,,,,,,,,,,,,,,,,,0,,,,,,
,,,,,,,,,,,,,,,,,,,,,,0,,,,,,,,,,,,,,,,,,,,,,,,,,,,0,,,,,,
,,,,,,,,,,,,,,,,,,,,,,0,,,,,,,,,,,,,,,,,,,,,,,,,,,,0,,,,,,
,,,,,,,,,,,,,,,,,,,,,,0,,,,,,,,,,,,,,,,,,,,,,,,,,,,0,,,,,,
,,,,,,,,,,,,,,,,,,,,,,0,,,,,,,,,,,,,,,,,,,,,,,,,,,,0,,,,,,
,,,,,,,,,,,,,,,,,,,,,,0,,,,,,,,,,,,,,,,,,,,,,,,,,,,0,,,,,,
,,,,,,,,,,,,,,,,,,,,,,0,,,,,,,,,,,,,,,,,,,,,,,,,,,,0,,,,,,
,,,,,,,,,,,,,,,,,,,,,,0,,,,,,,,,,,,,,,,,,,,,,,,,,,,0,,,,,,
,,,,,,,,,,,,,,,,,,,,,,0,,,,,,,,,,,,,,,,,,,,,,,,,,,,0,,,,,,
,,,,,,,,,,,,,,,,,,,,,,0,,,,,,,,,,,,,,,,,,,,,,,,,,,,0,,,,,,
,,,,,,,,,,,,,,,,,,,,,,0,,,,,,,,,,,,,,,,,,,,,,,,,,,,0,,,,,,
,,,,,,,,,,,,,,,,,,,,,,0,,,,,,,,,,,,,,,,,,,,,,,,,,,,0,,,,,,
,,,,,,,,,,,,,,,,,,,,,,0,,,,,,,,,,,,,,,,,,,,,,,,,,,,0,,,,,,
,,,,,,,,,,,,,,,,,,,,,,0,,,,,,,,,,,,,,,,,,,,,,,,,,,,0,,,,,,
,,,,,,,,,,,,,,,,,,,,,,0,,,,,,,,,,,,,,,,,,,,,,,,,,,,0,,,,,,
,,,,,,,,,,,,,,,,,,,,,,0,,,,,,,,,,,,,,,,,,,,,,,,,,,,0,,,,,,
,,,,,,,,,,,,,,,,,,,,,,0,,,,,,,,,,,,,,,,,,,,,,,,,,,,0,,,,,,
,,,,,,,,,,,,,,,,,,,,,,0,,,,,,,,,,,,,,,,,,,,,,,,,,,,0,,,,,,
,,,,,,,,,,,,,,,,,,,,,,0,,,,,,,,,,,,,,,,,,,,,,,,,,,,0,,,,,,
,,,,,,,,,,,,,,,,,,,,,,0,,,,,,,,,,,,,,,,,,,,,,,,,,,,0,,,,,,
,,,,,,,,,,,,,,,,,,,,,,0,,,,,,,,,,,,,,,,,,,,,,,,,,,,0,,,,,,
,,,,,,,,,,,,,,,,,,,,,,0,,,,,,,,,,,,,,,,,,,,,,,,,,,,0,,,,,,
,,,,,,,,,,,,,,,,,,,,,,0,,,,,,,,,,,,,,,,,,,,,,,,,,,,0,,,,,,
,,,,,,,,,,,,,,,,,,,,,,0,,,,,,,,,,,,,,,,,,,,,,,,,,,,0,,,,,,
,,,,,,,,,,,,,,,,,,,,,,0,,,,,,,,,,,,,,,,,,,,,,,,,,,,0,,,,,,
,,,,,,,,,,,,,,,,,,,,,,0,,,,,,,,,,,,,,,,,,,,,,,,,,,,0,,,,,,
,,,,,,,,,,,,,,,,,,,,,,0,,,,,,,,,,,,,,,,,,,,,,,,,,,,0,,,,,,
,,,,,,,,,,,,,,,,,,,,,,0,,,,,,,,,,,,,,,,,,,,,,,,,,,,0,,,,,,
,,,,,,,,,,,,,,,,,,,,,,0,,,,,,,,,,,,,,,,,,,,,,,,,,,,0,,,,,,
,,,,,,,,,,,,,,,,,,,,,,0,,,,,,,,,,,,,,,,,,,,,,,,,,,,0,,,,,,
,,,,,,,,,,,,,,,,,,,,,,0,,,,,,,,,,,,,,,,,,,,,,,,,,,,0,,,,,,
,,,,,,,,,,,,,,,,,,,,,,0,,,,,,,,,,,,,,,,,,,,,,,,,,,,0,,,,,,
,,,,,,,,,,,,,,,,,,,,,,0,,,,,,,,,,,,,,,,,,,,,,,,,,,,0,,,,,,
,,,,,,,,,,,,,,,,,,,,,,0,,,,,,,,,,,,,,,,,,,,,,,,,,,,0,,,,,,
,,,,,,,,,,,,,,,,,,,,,,0,,,,,,,,,,,,,,,,,,,,,,,,,,,,0,,,,,,
,,,,,,,,,,,,,,,,,,,,,,0,,,,,,,,,,,,,,,,,,,,,,,,,,,,0,,,,,,
,,,,,,,,,,,,,,,,,,,,,,0,,,,,,,,,,,,,,,,,,,,,,,,,,,,0,,,,,,
,,,,,,,,,,,,,,,,,,,,,,0,,,,,,,,,,,,,,,,,,,,,,,,,,,,0,,,,,,
,,,,,,,,,,,,,,,,,,,,,,0,,,,,,,,,,,,,,,,,,,,,,,,,,,,0,,,,,,
,,,,,,,,,,,,,,,,,,,,,,0,,,,,,,,,,,,,,,,,,,,,,,,,,,,0,,,,,,
,,,,,,,,,,,,,,,,,,,,,,0,,,,,,,,,,,,,,,,,,,,,,,,,,,,0,,,,,,
,,,,,,,,,,,,,,,,,,,,,,0,,,,,,,,,,,,,,,,,,,,,,,,,,,,0,,,,,,
,,,,,,,,,,,,,,,,,,,,,,0,,,,,,,,,,,,,,,,,,,,,,,,,,,,0,,,,,,
,,,,,,,,,,,,,,,,,,,,,,0,,,,,,,,,,,,,,,,,,,,,,,,,,,,0,,,,,,
,,,,,,,,,,,,,,,,,,,,,,0,,,,,,,,,,,,,,,,,,,,,,,,,,,,0,,,,,,
,,,,,,,,,,,,,,,,,,,,,,0,,,,,,,,,,,,,,,,,,,,,,,,,,,,0,,,,,,
,,,,,,,,,,,,,,,,,,,,,,0,,,,,,,,,,,,,,,,,,,,,,,,,,,,0,,,,,,
,,,,,,,,,,,,,,,,,,,,,,0,,,,,,,,,,,,,,,,,,,,,,,,,,,,0,,,,,,
,,,,,,,,,,,,,,,,,,,,,,0,,,,,,,,,,,,,,,,,,,,,,,,,,,,0,,,,,,
,,,,,,,,,,,,,,,,,,,,,,0,,,,,,,,,,,,,,,,,,,,,,,,,,,,0,,,,,,
,,,,,,,,,,,,,,,,,,,,,,0,,,,,,,,,,,,,,,,,,,,,,,,,,,,0,,,,,,
,,,,,,,,,,,,,,,,,,,,,,0,,,,,,,,,,,,,,,,,,,,,,,,,,,,0,,,,,,
,,,,,,,,,,,,,,,,,,,,,,0,,,,,,,,,,,,,,,,,,,,,,,,,,,,0,,,,,,
,,,,,,,,,,,,,,,,,,,,,,0,,,,,,,,,,,,,,,,,,,,,,,,,,,,0,,,,,,
,,,,,,,,,,,,,,,,,,,,,,0,,,,,,,,,,,,,,,,,,,,,,,,,,,,0,,,,,,
,,,,,,,,,,,,,,,,,,,,,,0,,,,,,,,,,,,,,,,,,,,,,,,,,,,0,,,,,,
,,,,,,,,,,,,,,,,,,,,,,0,,,,,,,,,,,,,,,,,,,,,,,,,,,,0,,,,,,
,,,,,,,,,,,,,,,,,,,,,,0,,,,,,,,,,,,,,,,,,,,,,,,,,,,0,,,,,,
,,,,,,,,,,,,,,,,,,,,,,0,,,,,,,,,,,,,,,,,,,,,,,,,,,,0,,,,,,
,,,,,,,,,,,,,,,,,,,,,,0,,,,,,,,,,,,,,,,,,,,,,,,,,,,0,,,,,,
,,,,,,,,,,,,,,,,,,,,,,0,,,,,,,,,,,,,,,,,,,,,,,,,,,,0,,,,,,
,,,,,,,,,,,,,,,,,,,,,,0,,,,,,,,,,,,,,,,,,,,,,,,,,,,0,,,,,,
,,,,,,,,,,,,,,,,,,,,,,0,,,,,,,,,,,,,,,,,,,,,,,,,,,,0,,,,,,
,,,,,,,,,,,,,,,,,,,,,,0,,,,,,,,,,,,,,,,,,,,,,,,,,,,0,,,,,,
,,,,,,,,,,,,,,,,,,,,,,0,,,,,,,,,,,,,,,,,,,,,,,,,,,,0,,,,,,
,,,,,,,,,,,,,,,,,,,,,,0,,,,,,,,,,,,,,,,,,,,,,,,,,,,0,,,,,,
,,,,,,,,,,,,,,,,,,,,,,0,,,,,,,,,,,,,,,,,,,,,,,,,,,,0,,,,,,
,,,,,,,,,,,,,,,,,,,,,,0,,,,,,,,,,,,,,,,,,,,,,,,,,,,0,,,,,,
,,,,,,,,,,,,,,,,,,,,,,0,,,,,,,,,,,,,,,,,,,,,,,,,,,,0,,,,,,
,,,,,,,,,,,,,,,,,,,,,,0,,,,,,,,,,,,,,,,,,,,,,,,,,,,0,,,,,,
,,,,,,,,,,,,,,,,,,,,,,0,,,,,,,,,,,,,,,,,,,,,,,,,,,,0,,,,,,
,,,,,,,,,,,,,,,,,,,,,,0,,,,,,,,,,,,,,,,,,,,,,,,,,,,0,,,,,,
,,,,,,,,,,,,,,,,,,,,,,0,,,,,,,,,,,,,,,,,,,,,,,,,,,,0,,,,,,
,,,,,,,,,,,,,,,,,,,,,,0,,,,,,,,,,,,,,,,,,,,,,,,,,,,0,,,,,,
,,,,,,,,,,,,,,,,,,,,,,0,,,,,,,,,,,,,,,,,,,,,,,,,,,,0,,,,,,
,,,,,,,,,,,,,,,,,,,,,,0,,,,,,,,,,,,,,,,,,,,,,,,,,,,0,,,,,,
,,,,,,,,,,,,,,,,,,,,,,0,,,,,,,,,,,,,,,,,,,,,,,,,,,,0,,,,,,
,,,,,,,,,,,,,,,,,,,,,,0,,,,,,,,,,,,,,,,,,,,,,,,,,,,0,,,,,,
,,,,,,,,,,,,,,,,,,,,,,0,,,,,,,,,,,,,,,,,,,,,,,,,,,,0,,,,,,
,,,,,,,,,,,,,,,,,,,,,,0,,,,,,,,,,,,,,,,,,,,,,,,,,,,0,,,,,,
,,,,,,,,,,,,,,,,,,,,,,0,,,,,,,,,,,,,,,,,,,,,,,,,,,,0,,,,,,
,,,,,,,,,,,,,,,,,,,,,,0,,,,,,,,,,,,,,,,,,,,,,,,,,,,0,,,,,,
,,,,,,,,,,,,,,,,,,,,,,0,,,,,,,,,,,,,,,,,,,,,,,,,,,,0,,,,,,
,,,,,,,,,,,,,,,,,,,,,,0,,,,,,,,,,,,,,,,,,,,,,,,,,,,0,,,,,,
,,,,,,,,,,,,,,,,,,,,,,0,,,,,,,,,,,,,,,,,,,,,,,,,,,,0,,,,,,
,,,,,,,,,,,,,,,,,,,,,,0,,,,,,,,,,,,,,,,,,,,,,,,,,,,0,,,,,,
,,,,,,,,,,,,,,,,,,,,,,0,,,,,,,,,,,,,,,,,,,,,,,,,,,,0,,,,,,
,,,,,,,,,,,,,,,,,,,,,,0,,,,,,,,,,,,,,,,,,,,,,,,,,,,0,,,,,,
,,,,,,,,,,,,,,,,,,,,,,0,,,,,,,,,,,,,,,,,,,,,,,,,,,,0,,,,,,
,,,,,,,,,,,,,,,,,,,,,,0,,,,,,,,,,,,,,,,,,,,,,,,,,,,0,,,,,,
,,,,,,,,,,,,,,,,,,,,,,0,,,,,,,,,,,,,,,,,,,,,,,,,,,,0,,,,,,
,,,,,,,,,,,,,,,,,,,,,,0,,,,,,,,,,,,,,,,,,,,,,,,,,,,0,,,,,,
,,,,,,,,,,,,,,,,,,,,,,0,,,,,,,,,,,,,,,,,,,,,,,,,,,,0,,,,,,
,,,,,,,,,,,,,,,,,,,,,,0,,,,,,,,,,,,,,,,,,,,,,,,,,,,0,,,,,,
,,,,,,,,,,,,,,,,,,,,,,0,,,,,,,,,,,,,,,,,,,,,,,,,,,,0,,,,,,
,,,,,,,,,,,,,,,,,,,,,,0,,,,,,,,,,,,,,,,,,,,,,,,,,,,0,,,,,,
,,,,,,,,,,,,,,,,,,,,,,0,,,,,,,,,,,,,,,,,,,,,,,,,,,,0,,,,,,
,,,,,,,,,,,,,,,,,,,,,,0,,,,,,,,,,,,,,,,,,,,,,,,,,,,0,,,,,,
,,,,,,,,,,,,,,,,,,,,,,0,,,,,,,,,,,,,,,,,,,,,,,,,,,,0,,,,,,
,,,,,,,,,,,,,,,,,,,,,,0,,,,,,,,,,,,,,,,,,,,,,,,,,,,0,,,,,,
,,,,,,,,,,,,,,,,,,,,,,0,,,,,,,,,,,,,,,,,,,,,,,,,,,,0,,,,,,
,,,,,,,,,,,,,,,,,,,,,,0,,,,,,,,,,,,,,,,,,,,,,,,,,,,0,,,,,,
,,,,,,,,,,,,,,,,,,,,,,0,,,,,,,,,,,,,,,,,,,,,,,,,,,,0,,,,,,
,,,,,,,,,,,,,,,,,,,,,,0,,,,,,,,,,,,,,,,,,,,,,,,,,,,0,,,,,,
,,,,,,,,,,,,,,,,,,,,,,0,,,,,,,,,,,,,,,,,,,,,,,,,,,,0,,,,,,
,,,,,,,,,,,,,,,,,,,,,,0,,,,,,,,,,,,,,,,,,,,,,,,,,,,0,,,,,,
,,,,,,,,,,,,,,,,,,,,,,0,,,,,,,,,,,,,,,,,,,,,,,,,,,,0,,,,,,
,,,,,,,,,,,,,,,,,,,,,,0,,,,,,,,,,,,,,,,,,,,,,,,,,,,0,,,,,,
,,,,,,,,,,,,,,,,,,,,,,0,,,,,,,,,,,,,,,,,,,,,,,,,,,,0,,,,,,
,,,,,,,,,,,,,,,,,,,,,,0,,,,,,,,,,,,,,,,,,,,,,,,,,,,0,,,,,,
,,,,,,,,,,,,,,,,,,,,,,0,,,,,,,,,,,,,,,,,,,,,,,,,,,,0,,,,,,
,,,,,,,,,,,,,,,,,,,,,,0,,,,,,,,,,,,,,,,,,,,,,,,,,,,0,,,,,,
,,,,,,,,,,,,,,,,,,,,,,0,,,,,,,,,,,,,,,,,,,,,,,,,,,,0,,,,,,
,,,,,,,,,,,,,,,,,,,,,,0,,,,,,,,,,,,,,,,,,,,,,,,,,,,0,,,,,,
,,,,,,,,,,,,,,,,,,,,,,0,,,,,,,,,,,,,,,,,,,,,,,,,,,,0,,,,,,
,,,,,,,,,,,,,,,,,,,,,,0,,,,,,,,,,,,,,,,,,,,,,,,,,,,0,,,,,,
,,,,,,,,,,,,,,,,,,,,,,0,,,,,,,,,,,,,,,,,,,,,,,,,,,,0,,,,,,
,,,,,,,,,,,,,,,,,,,,,,0,,,,,,,,,,,,,,,,,,,,,,,,,,,,0,,,,,,
,,,,,,,,,,,,,,,,,,,,,,0,,,,,,,,,,,,,,,,,,,,,,,,,,,,0,,,,,,
,,,,,,,,,,,,,,,,,,,,,,0,,,,,,,,,,,,,,,,,,,,,,,,,,,,0,,,,,,
,,,,,,,,,,,,,,,,,,,,,,0,,,,,,,,,,,,,,,,,,,,,,,,,,,,0,,,,,,
,,,,,,,,,,,,,,,,,,,,,,0,,,,,,,,,,,,,,,,,,,,,,,,,,,,0,,,,,,
,,,,,,,,,,,,,,,,,,,,,,0,,,,,,,,,,,,,,,,,,,,,,,,,,,,0,,,,,,
,,,,,,,,,,,,,,,,,,,,,,0,,,,,,,,,,,,,,,,,,,,,,,,,,,,0,,,,,,
,,,,,,,,,,,,,,,,,,,,,,0,,,,,,,,,,,,,,,,,,,,,,,,,,,,0,,,,,,
,,,,,,,,,,,,,,,,,,,,,,0,,,,,,,,,,,,,,,,,,,,,,,,,,,,0,,,,,,
,,,,,,,,,,,,,,,,,,,,,,0,,,,,,,,,,,,,,,,,,,,,,,,,,,,0,,,,,,
,,,,,,,,,,,,,,,,,,,,,,0,,,,,,,,,,,,,,,,,,,,,,,,,,,,0,,,,,,
,,,,,,,,,,,,,,,,,,,,,,0,,,,,,,,,,,,,,,,,,,,,,,,,,,,0,,,,,,
,,,,,,,,,,,,,,,,,,,,,,0,,,,,,,,,,,,,,,,,,,,,,,,,,,,0,,,,,,
,,,,,,,,,,,,,,,,,,,,,,0,,,,,,,,,,,,,,,,,,,,,,,,,,,,0,,,,,,
,,,,,,,,,,,,,,,,,,,,,,0,,,,,,,,,,,,,,,,,,,,,,,,,,,,0,,,,,,
,,,,,,,,,,,,,,,,,,,,,,0,,,,,,,,,,,,,,,,,,,,,,,,,,,,0,,,,,,
,,,,,,,,,,,,,,,,,,,,,,0,,,,,,,,,,,,,,,,,,,,,,,,,,,,0,,,,,,
,,,,,,,,,,,,,,,,,,,,,,0,,,,,,,,,,,,,,,,,,,,,,,,,,,,0,,,,,,
,,,,,,,,,,,,,,,,,,,,,,0,,,,,,,,,,,,,,,,,,,,,,,,,,,,0,,,,,,
,,,,,,,,,,,,,,,,,,,,,,0,,,,,,,,,,,,,,,,,,,,,,,,,,,,0,,,,,,
,,,,,,,,,,,,,,,,,,,,,,0,,,,,,,,,,,,,,,,,,,,,,,,,,,,0,,,,,,
,,,,,,,,,,,,,,,,,,,,,,0,,,,,,,,,,,,,,,,,,,,,,,,,,,,0,,,,,,
,,,,,,,,,,,,,,,,,,,,,,0,,,,,,,,,,,,,,,,,,,,,,,,,,,,0,,,,,,
,,,,,,,,,,,,,,,,,,,,,,0,,,,,,,,,,,,,,,,,,,,,,,,,,,,0,,,,,,
,,,,,,,,,,,,,,,,,,,,,,0,,,,,,,,,,,,,,,,,,,,,,,,,,,,0,,,,,,
,,,,,,,,,,,,,,,,,,,,,,0,,,,,,,,,,,,,,,,,,,,,,,,,,,,0,,,,,,
,,,,,,,,,,,,,,,,,,,,,,0,,,,,,,,,,,,,,,,,,,,,,,,,,,,0,,,,,,
,,,,,,,,,,,,,,,,,,,,,,0,,,,,,,,,,,,,,,,,,,,,,,,,,,,0,,,,,,
,,,,,,,,,,,,,,,,,,,,,,0,,,,,,,,,,,,,,,,,,,,,,,,,,,,0,,,,,,
,,,,,,,,,,,,,,,,,,,,,,0,,,,,,,,,,,,,,,,,,,,,,,,,,,,0,,,,,,
,,,,,,,,,,,,,,,,,,,,,,0,,,,,,,,,,,,,,,,,,,,,,,,,,,,0,,,,,,
,,,,,,,,,,,,,,,,,,,,,,0,,,,,,,,,,,,,,,,,,,,,,,,,,,,0,,,,,,
,,,,,,,,,,,,,,,,,,,,,,0,,,,,,,,,,,,,,,,,,,,,,,,,,,,0,,,,,,
,,,,,,,,,,,,,,,,,,,,,,0,,,,,,,,,,,,,,,,,,,,,,,,,,,,0,,,,,,
,,,,,,,,,,,,,,,,,,,,,,0,,,,,,,,,,,,,,,,,,,,,,,,,,,,0,,,,,,
,,,,,,,,,,,,,,,,,,,,,,0,,,,,,,,,,,,,,,,,,,,,,,,,,,,0,,,,,,
,,,,,,,,,,,,,,,,,,,,,,0,,,,,,,,,,,,,,,,,,,,,,,,,,,,0,,,,,,
,,,,,,,,,,,,,,,,,,,,,,0,,,,,,,,,,,,,,,,,,,,,,,,,,,,0,,,,,,
,,,,,,,,,,,,,,,,,,,,,,0,,,,,,,,,,,,,,,,,,,,,,,,,,,,0,,,,,,
,,,,,,,,,,,,,,,,,,,,,,0,,,,,,,,,,,,,,,,,,,,,,,,,,,,0,,,,,,
,,,,,,,,,,,,,,,,,,,,,,0,,,,,,,,,,,,,,,,,,,,,,,,,,,,0,,,,,,
,,,,,,,,,,,,,,,,,,,,,,0,,,,,,,,,,,,,,,,,,,,,,,,,,,,0,,,,,,
,,,,,,,,,,,,,,,,,,,,,,0,,,,,,,,,,,,,,,,,,,,,,,,,,,,0,,,,,,
,,,,,,,,,,,,,,,,,,,,,,0,,,,,,,,,,,,,,,,,,,,,,,,,,,,0,,,,,,
,,,,,,,,,,,,,,,,,,,,,,0,,,,,,,,,,,,,,,,,,,,,,,,,,,,0,,,,,,
,,,,,,,,,,,,,,,,,,,,,,0,,,,,,,,,,,,,,,,,,,,,,,,,,,,0,,,,,,
,,,,,,,,,,,,,,,,,,,,,,0,,,,,,,,,,,,,,,,,,,,,,,,,,,,0,,,,,,
,,,,,,,,,,,,,,,,,,,,,,0,,,,,,,,,,,,,,,,,,,,,,,,,,,,0,,,,,,
,,,,,,,,,,,,,,,,,,,,,,0,,,,,,,,,,,,,,,,,,,,,,,,,,,,0,,,,,,
,,,,,,,,,,,,,,,,,,,,,,0,,,,,,,,,,,,,,,,,,,,,,,,,,,,0,,,,,,
,,,,,,,,,,,,,,,,,,,,,,0,,,,,,,,,,,,,,,,,,,,,,,,,,,,0,,,,,,
,,,,,,,,,,,,,,,,,,,,,,0,,,,,,,,,,,,,,,,,,,,,,,,,,,,0,,,,,,
,,,,,,,,,,,,,,,,,,,,,,0,,,,,,,,,,,,,,,,,,,,,,,,,,,,0,,,,,,
,,,,,,,,,,,,,,,,,,,,,,0,,,,,,,,,,,,,,,,,,,,,,,,,,,,0,,,,,,
,,,,,,,,,,,,,,,,,,,,,,0,,,,,,,,,,,,,,,,,,,,,,,,,,,,0,,,,,,
,,,,,,,,,,,,,,,,,,,,,,0,,,,,,,,,,,,,,,,,,,,,,,,,,,,0,,,,,,
,,,,,,,,,,,,,,,,,,,,,,0,,,,,,,,,,,,,,,,,,,,,,,,,,,,0,,,,,,
,,,,,,,,,,,,,,,,,,,,,,0,,,,,,,,,,,,,,,,,,,,,,,,,,,,0,,,,,,
,,,,,,,,,,,,,,,,,,,,,,0,,,,,,,,,,,,,,,,,,,,,,,,,,,,0,,,,,,
,,,,,,,,,,,,,,,,,,,,,,0,,,,,,,,,,,,,,,,,,,,,,,,,,,,0,,,,,,
,,,,,,,,,,,,,,,,,,,,,,0,,,,,,,,,,,,,,,,,,,,,,,,,,,,0,,,,,,
,,,,,,,,,,,,,,,,,,,,,,0,,,,,,,,,,,,,,,,,,,,,,,,,,,,0,,,,,,
,,,,,,,,,,,,,,,,,,,,,,0,,,,,,,,,,,,,,,,,,,,,,,,,,,,0,,,,,,
,,,,,,,,,,,,,,,,,,,,,,0,,,,,,,,,,,,,,,,,,,,,,,,,,,,0,,,,,,
,,,,,,,,,,,,,,,,,,,,,,0,,,,,,,,,,,,,,,,,,,,,,,,,,,,0,,,,,,
,,,,,,,,,,,,,,,,,,,,,,0,,,,,,,,,,,,,,,,,,,,,,,,,,,,0,,,,,,
,,,,,,,,,,,,,,,,,,,,,,0,,,,,,,,,,,,,,,,,,,,,,,,,,,,0,,,,,,
,,,,,,,,,,,,,,,,,,,,,,0,,,,,,,,,,,,,,,,,,,,,,,,,,,,0,,,,,,
,,,,,,,,,,,,,,,,,,,,,,0,,,,,,,,,,,,,,,,,,,,,,,,,,,,0,,,,,,
,,,,,,,,,,,,,,,,,,,,,,0,,,,,,,,,,,,,,,,,,,,,,,,,,,,0,,,,,,
,,,,,,,,,,,,,,,,,,,,,,0,,,,,,,,,,,,,,,,,,,,,,,,,,,,0,,,,,,
,,,,,,,,,,,,,,,,,,,,,,0,,,,,,,,,,,,,,,,,,,,,,,,,,,,0,,,,,,
,,,,,,,,,,,,,,,,,,,,,,0,,,,,,,,,,,,,,,,,,,,,,,,,,,,0,,,,,,
,,,,,,,,,,,,,,,,,,,,,,0,,,,,,,,,,,,,,,,,,,,,,,,,,,,0,,,,,,
,,,,,,,,,,,,,,,,,,,,,,0,,,,,,,,,,,,,,,,,,,,,,,,,,,,0,,,,,,
,,,,,,,,,,,,,,,,,,,,,,0,,,,,,,,,,,,,,,,,,,,,,,,,,,,0,,,,,,
,,,,,,,,,,,,,,,,,,,,,,0,,,,,,,,,,,,,,,,,,,,,,,,,,,,0,,,,,,
,,,,,,,,,,,,,,,,,,,,,,0,,,,,,,,,,,,,,,,,,,,,,,,,,,,0,,,,,,
,,,,,,,,,,,,,,,,,,,,,,0,,,,,,,,,,,,,,,,,,,,,,,,,,,,0,,,,,,
,,,,,,,,,,,,,,,,,,,,,,0,,,,,,,,,,,,,,,,,,,,,,,,,,,,0,,,,,,
,,,,,,,,,,,,,,,,,,,,,,0,,,,,,,,,,,,,,,,,,,,,,,,,,,,0,,,,,,
,,,,,,,,,,,,,,,,,,,,,,0,,,,,,,,,,,,,,,,,,,,,,,,,,,,0,,,,,,
,,,,,,,,,,,,,,,,,,,,,,0,,,,,,,,,,,,,,,,,,,,,,,,,,,,0,,,,,,
,,,,,,,,,,,,,,,,,,,,,,0,,,,,,,,,,,,,,,,,,,,,,,,,,,,0,,,,,,
,,,,,,,,,,,,,,,,,,,,,,0,,,,,,,,,,,,,,,,,,,,,,,,,,,,0,,,,,,
,,,,,,,,,,,,,,,,,,,,,,0,,,,,,,,,,,,,,,,,,,,,,,,,,,,0,,,,,,
,,,,,,,,,,,,,,,,,,,,,,0,,,,,,,,,,,,,,,,,,,,,,,,,,,,0,,,,,,
,,,,,,,,,,,,,,,,,,,,,,0,,,,,,,,,,,,,,,,,,,,,,,,,,,,0,,,,,,
,,,,,,,,,,,,,,,,,,,,,,0,,,,,,,,,,,,,,,,,,,,,,,,,,,,0,,,,,,
,,,,,,,,,,,,,,,,,,,,,,0,,,,,,,,,,,,,,,,,,,,,,,,,,,,0,,,,,,
,,,,,,,,,,,,,,,,,,,,,,0,,,,,,,,,,,,,,,,,,,,,,,,,,,,0,,,,,,
,,,,,,,,,,,,,,,,,,,,,,0,,,,,,,,,,,,,,,,,,,,,,,,,,,,0,,,,,,
,,,,,,,,,,,,,,,,,,,,,,0,,,,,,,,,,,,,,,,,,,,,,,,,,,,0,,,,,,
,,,,,,,,,,,,,,,,,,,,,,0,,,,,,,,,,,,,,,,,,,,,,,,,,,,0,,,,,,
,,,,,,,,,,,,,,,,,,,,,,0,,,,,,,,,,,,,,,,,,,,,,,,,,,,0,,,,,,
,,,,,,,,,,,,,,,,,,,,,,0,,,,,,,,,,,,,,,,,,,,,,,,,,,,0,,,,,,
,,,,,,,,,,,,,,,,,,,,,,0,,,,,,,,,,,,,,,,,,,,,,,,,,,,0,,,,,,
,,,,,,,,,,,,,,,,,,,,,,0,,,,,,,,,,,,,,,,,,,,,,,,,,,,0,,,,,,
,,,,,,,,,,,,,,,,,,,,,,0,,,,,,,,,,,,,,,,,,,,,,,,,,,,0,,,,,,
,,,,,,,,,,,,,,,,,,,,,,0,,,,,,,,,,,,,,,,,,,,,,,,,,,,0,,,,,,
,,,,,,,,,,,,,,,,,,,,,,0,,,,,,,,,,,,,,,,,,,,,,,,,,,,0,,,,,,
,,,,,,,,,,,,,,,,,,,,,,0,,,,,,,,,,,,,,,,,,,,,,,,,,,,0,,,,,,
,,,,,,,,,,,,,,,,,,,,,,0,,,,,,,,,,,,,,,,,,,,,,,,,,,,0,,,,,,
,,,,,,,,,,,,,,,,,,,,,,0,,,,,,,,,,,,,,,,,,,,,,,,,,,,0,,,,,,
,,,,,,,,,,,,,,,,,,,,,,0,,,,,,,,,,,,,,,,,,,,,,,,,,,,0,,,,,,
,,,,,,,,,,,,,,,,,,,,,,0,,,,,,,,,,,,,,,,,,,,,,,,,,,,0,,,,,,
,,,,,,,,,,,,,,,,,,,,,,0,,,,,,,,,,,,,,,,,,,,,,,,,,,,0,,,,,,
,,,,,,,,,,,,,,,,,,,,,,0,,,,,,,,,,,,,,,,,,,,,,,,,,,,0,,,,,,
,,,,,,,,,,,,,,,,,,,,,,0,,,,,,,,,,,,,,,,,,,,,,,,,,,,0,,,,,,
,,,,,,,,,,,,,,,,,,,,,,0,,,,,,,,,,,,,,,,,,,,,,,,,,,,0,,,,,,
,,,,,,,,,,,,,,,,,,,,,,0,,,,,,,,,,,,,,,,,,,,,,,,,,,,0,,,,,,
,,,,,,,,,,,,,,,,,,,,,,0,,,,,,,,,,,,,,,,,,,,,,,,,,,,0,,,,,,
,,,,,,,,,,,,,,,,,,,,,,0,,,,,,,,,,,,,,,,,,,,,,,,,,,,0,,,,,,
,,,,,,,,,,,,,,,,,,,,,,0,,,,,,,,,,,,,,,,,,,,,,,,,,,,0,,,,,,
,,,,,,,,,,,,,,,,,,,,,,0,,,,,,,,,,,,,,,,,,,,,,,,,,,,0,,,,,,
,,,,,,,,,,,,,,,,,,,,,,0,,,,,,,,,,,,,,,,,,,,,,,,,,,,0,,,,,,
,,,,,,,,,,,,,,,,,,,,,,0,,,,,,,,,,,,,,,,,,,,,,,,,,,,0,,,,,,
,,,,,,,,,,,,,,,,,,,,,,0,,,,,,,,,,,,,,,,,,,,,,,,,,,,0,,,,,,
,,,,,,,,,,,,,,,,,,,,,,0,,,,,,,,,,,,,,,,,,,,,,,,,,,,0,,,,,,
,,,,,,,,,,,,,,,,,,,,,,0,,,,,,,,,,,,,,,,,,,,,,,,,,,,0,,,,,,
,,,,,,,,,,,,,,,,,,,,,,0,,,,,,,,,,,,,,,,,,,,,,,,,,,,0,,,,,,
,,,,,,,,,,,,,,,,,,,,,,0,,,,,,,,,,,,,,,,,,,,,,,,,,,,0,,,,,,
,,,,,,,,,,,,,,,,,,,,,,0,,,,,,,,,,,,,,,,,,,,,,,,,,,,0,,,,,,
,,,,,,,,,,,,,,,,,,,,,,0,,,,,,,,,,,,,,,,,,,,,,,,,,,,0,,,,,,
,,,,,,,,,,,,,,,,,,,,,,0,,,,,,,,,,,,,,,,,,,,,,,,,,,,0,,,,,,
,,,,,,,,,,,,,,,,,,,,,,0,,,,,,,,,,,,,,,,,,,,,,,,,,,,0,,,,,,
,,,,,,,,,,,,,,,,,,,,,,0,,,,,,,,,,,,,,,,,,,,,,,,,,,,0,,,,,,
,,,,,,,,,,,,,,,,,,,,,,0,,,,,,,,,,,,,,,,,,,,,,,,,,,,0,,,,,,
,,,,,,,,,,,,,,,,,,,,,,0,,,,,,,,,,,,,,,,,,,,,,,,,,,,0,,,,,,
,,,,,,,,,,,,,,,,,,,,,,0,,,,,,,,,,,,,,,,,,,,,,,,,,,,0,,,,,,
,,,,,,,,,,,,,,,,,,,,,,0,,,,,,,,,,,,,,,,,,,,,,,,,,,,0,,,,,,
,,,,,,,,,,,,,,,,,,,,,,0,,,,,,,,,,,,,,,,,,,,,,,,,,,,0,,,,,,
,,,,,,,,,,,,,,,,,,,,,,0,,,,,,,,,,,,,,,,,,,,,,,,,,,,0,,,,,,
,,,,,,,,,,,,,,,,,,,,,,0,,,,,,,,,,,,,,,,,,,,,,,,,,,,0,,,,,,
,,,,,,,,,,,,,,,,,,,,,,0,,,,,,,,,,,,,,,,,,,,,,,,,,,,0,,,,,,
,,,,,,,,,,,,,,,,,,,,,,0,,,,,,,,,,,,,,,,,,,,,,,,,,,,0,,,,,,
,,,,,,,,,,,,,,,,,,,,,,0,,,,,,,,,,,,,,,,,,,,,,,,,,,,0,,,,,,
,,,,,,,,,,,,,,,,,,,,,,0,,,,,,,,,,,,,,,,,,,,,,,,,,,,0,,,,,,
,,,,,,,,,,,,,,,,,,,,,,0,,,,,,,,,,,,,,,,,,,,,,,,,,,,0,,,,,,
,,,,,,,,,,,,,,,,,,,,,,0,,,,,,,,,,,,,,,,,,,,,,,,,,,,0,,,,,,
,,,,,,,,,,,,,,,,,,,,,,0,,,,,,,,,,,,,,,,,,,,,,,,,,,,0,,,,,,
,,,,,,,,,,,,,,,,,,,,,,0,,,,,,,,,,,,,,,,,,,,,,,,,,,,0,,,,,,
,,,,,,,,,,,,,,,,,,,,,,0,,,,,,,,,,,,,,,,,,,,,,,,,,,,0,,,,,,
,,,,,,,,,,,,,,,,,,,,,,0,,,,,,,,,,,,,,,,,,,,,,,,,,,,0,,,,,,
,,,,,,,,,,,,,,,,,,,,,,0,,,,,,,,,,,,,,,,,,,,,,,,,,,,0,,,,,,
,,,,,,,,,,,,,,,,,,,,,,0,,,,,,,,,,,,,,,,,,,,,,,,,,,,0,,,,,,
,,,,,,,,,,,,,,,,,,,,,,0,,,,,,,,,,,,,,,,,,,,,,,,,,,,0,,,,,,
,,,,,,,,,,,,,,,,,,,,,,0,,,,,,,,,,,,,,,,,,,,,,,,,,,,0,,,,,,
,,,,,,,,,,,,,,,,,,,,,,0,,,,,,,,,,,,,,,,,,,,,,,,,,,,0,,,,,,
,,,,,,,,,,,,,,,,,,,,,,0,,,,,,,,,,,,,,,,,,,,,,,,,,,,0,,,,,,
,,,,,,,,,,,,,,,,,,,,,,0,,,,,,,,,,,,,,,,,,,,,,,,,,,,0,,,,,,
,,,,,,,,,,,,,,,,,,,,,,0,,,,,,,,,,,,,,,,,,,,,,,,,,,,0,,,,,,
,,,,,,,,,,,,,,,,,,,,,,0,,,,,,,,,,,,,,,,,,,,,,,,,,,,0,,,,,,
,,,,,,,,,,,,,,,,,,,,,,0,,,,,,,,,,,,,,,,,,,,,,,,,,,,0,,,,,,
,,,,,,,,,,,,,,,,,,,,,,0,,,,,,,,,,,,,,,,,,,,,,,,,,,,0,,,,,,
,,,,,,,,,,,,,,,,,,,,,,0,,,,,,,,,,,,,,,,,,,,,,,,,,,,0,,,,,,
,,,,,,,,,,,,,,,,,,,,,,0,,,,,,,,,,,,,,,,,,,,,,,,,,,,0,,,,,,
,,,,,,,,,,,,,,,,,,,,,,0,,,,,,,,,,,,,,,,,,,,,,,,,,,,0,,,,,,
,,,,,,,,,,,,,,,,,,,,,,0,,,,,,,,,,,,,,,,,,,,,,,,,,,,0,,,,,,
,,,,,,,,,,,,,,,,,,,,,,0,,,,,,,,,,,,,,,,,,,,,,,,,,,,0,,,,,,
,,,,,,,,,,,,,,,,,,,,,,0,,,,,,,,,,,,,,,,,,,,,,,,,,,,0,,,,,,
,,,,,,,,,,,,,,,,,,,,,,0,,,,,,,,,,,,,,,,,,,,,,,,,,,,0,,,,,,
,,,,,,,,,,,,,,,,,,,,,,0,,,,,,,,,,,,,,,,,,,,,,,,,,,,0,,,,,,
,,,,,,,,,,,,,,,,,,,,,,0,,,,,,,,,,,,,,,,,,,,,,,,,,,,0,,,,,,
,,,,,,,,,,,,,,,,,,,,,,0,,,,,,,,,,,,,,,,,,,,,,,,,,,,0,,,,,,
,,,,,,,,,,,,,,,,,,,,,,0,,,,,,,,,,,,,,,,,,,,,,,,,,,,0,,,,,,
,,,,,,,,,,,,,,,,,,,,,,0,,,,,,,,,,,,,,,,,,,,,,,,,,,,0,,,,,,
,,,,,,,,,,,,,,,,,,,,,,0,,,,,,,,,,,,,,,,,,,,,,,,,,,,0,,,,,,
,,,,,,,,,,,,,,,,,,,,,,0,,,,,,,,,,,,,,,,,,,,,,,,,,,,0,,,,,,
,,,,,,,,,,,,,,,,,,,,,,0,,,,,,,,,,,,,,,,,,,,,,,,,,,,0,,,,,,
,,,,,,,,,,,,,,,,,,,,,,0,,,,,,,,,,,,,,,,,,,,,,,,,,,,0,,,,,,
,,,,,,,,,,,,,,,,,,,,,,0,,,,,,,,,,,,,,,,,,,,,,,,,,,,0,,,,,,
,,,,,,,,,,,,,,,,,,,,,,0,,,,,,,,,,,,,,,,,,,,,,,,,,,,0,,,,,,
,,,,,,,,,,,,,,,,,,,,,,0,,,,,,,,,,,,,,,,,,,,,,,,,,,,0,,,,,,
,,,,,,,,,,,,,,,,,,,,,,0,,,,,,,,,,,,,,,,,,,,,,,,,,,,0,,,,,,
,,,,,,,,,,,,,,,,,,,,,,0,,,,,,,,,,,,,,,,,,,,,,,,,,,,0,,,,,,
,,,,,,,,,,,,,,,,,,,,,,0,,,,,,,,,,,,,,,,,,,,,,,,,,,,0,,,,,,
,,,,,,,,,,,,,,,,,,,,,,0,,,,,,,,,,,,,,,,,,,,,,,,,,,,0,,,,,,
,,,,,,,,,,,,,,,,,,,,,,0,,,,,,,,,,,,,,,,,,,,,,,,,,,,0,,,,,,
,,,,,,,,,,,,,,,,,,,,,,0,,,,,,,,,,,,,,,,,,,,,,,,,,,,0,,,,,,
,,,,,,,,,,,,,,,,,,,,,,0,,,,,,,,,,,,,,,,,,,,,,,,,,,,0,,,,,,
,,,,,,,,,,,,,,,,,,,,,,0,,,,,,,,,,,,,,,,,,,,,,,,,,,,0,,,,,,
,,,,,,,,,,,,,,,,,,,,,,0,,,,,,,,,,,,,,,,,,,,,,,,,,,,0,,,,,,
,,,,,,,,,,,,,,,,,,,,,,0,,,,,,,,,,,,,,,,,,,,,,,,,,,,0,,,,,,
,,,,,,,,,,,,,,,,,,,,,,0,,,,,,,,,,,,,,,,,,,,,,,,,,,,0,,,,,,
,,,,,,,,,,,,,,,,,,,,,,0,,,,,,,,,,,,,,,,,,,,,,,,,,,,0,,,,,,
,,,,,,,,,,,,,,,,,,,,,,0,,,,,,,,,,,,,,,,,,,,,,,,,,,,0,,,,,,
,,,,,,,,,,,,,,,,,,,,,,0,,,,,,,,,,,,,,,,,,,,,,,,,,,,0,,,,,,
,,,,,,,,,,,,,,,,,,,,,,0,,,,,,,,,,,,,,,,,,,,,,,,,,,,0,,,,,,
,,,,,,,,,,,,,,,,,,,,,,0,,,,,,,,,,,,,,,,,,,,,,,,,,,,0,,,,,,
,,,,,,,,,,,,,,,,,,,,,,0,,,,,,,,,,,,,,,,,,,,,,,,,,,,0,,,,,,
,,,,,,,,,,,,,,,,,,,,,,0,,,,,,,,,,,,,,,,,,,,,,,,,,,,0,,,,,,
,,,,,,,,,,,,,,,,,,,,,,0,,,,,,,,,,,,,,,,,,,,,,,,,,,,0,,,,,,
,,,,,,,,,,,,,,,,,,,,,,0,,,,,,,,,,,,,,,,,,,,,,,,,,,,0,,,,,,
,,,,,,,,,,,,,,,,,,,,,,0,,,,,,,,,,,,,,,,,,,,,,,,,,,,0,,,,,,
,,,,,,,,,,,,,,,,,,,,,,0,,,,,,,,,,,,,,,,,,,,,,,,,,,,0,,,,,,
,,,,,,,,,,,,,,,,,,,,,,0,,,,,,,,,,,,,,,,,,,,,,,,,,,,0,,,,,,
,,,,,,,,,,,,,,,,,,,,,,0,,,,,,,,,,,,,,,,,,,,,,,,,,,,0,,,,,,
,,,,,,,,,,,,,,,,,,,,,,0,,,,,,,,,,,,,,,,,,,,,,,,,,,,0,,,,,,
,,,,,,,,,,,,,,,,,,,,,,0,,,,,,,,,,,,,,,,,,,,,,,,,,,,0,,,,,,
,,,,,,,,,,,,,,,,,,,,,,0,,,,,,,,,,,,,,,,,,,,,,,,,,,,0,,,,,,
,,,,,,,,,,,,,,,,,,,,,,0,,,,,,,,,,,,,,,,,,,,,,,,,,,,0,,,,,,
,,,,,,,,,,,,,,,,,,,,,,0,,,,,,,,,,,,,,,,,,,,,,,,,,,,0,,,,,,
,,,,,,,,,,,,,,,,,,,,,,0,,,,,,,,,,,,,,,,,,,,,,,,,,,,0,,,,,,
,,,,,,,,,,,,,,,,,,,,,,0,,,,,,,,,,,,,,,,,,,,,,,,,,,,0,,,,,,
,,,,,,,,,,,,,,,,,,,,,,0,,,,,,,,,,,,,,,,,,,,,,,,,,,,0,,,,,,
,,,,,,,,,,,,,,,,,,,,,,0,,,,,,,,,,,,,,,,,,,,,,,,,,,,0,,,,,,
,,,,,,,,,,,,,,,,,,,,,,0,,,,,,,,,,,,,,,,,,,,,,,,,,,,0,,,,,,
,,,,,,,,,,,,,,,,,,,,,,0,,,,,,,,,,,,,,,,,,,,,,,,,,,,0,,,,,,
,,,,,,,,,,,,,,,,,,,,,,0,,,,,,,,,,,,,,,,,,,,,,,,,,,,0,,,,,,
,,,,,,,,,,,,,,,,,,,,,,0,,,,,,,,,,,,,,,,,,,,,,,,,,,,0,,,,,,
,,,,,,,,,,,,,,,,,,,,,,0,,,,,,,,,,,,,,,,,,,,,,,,,,,,0,,,,,,
,,,,,,,,,,,,,,,,,,,,,,0,,,,,,,,,,,,,,,,,,,,,,,,,,,,0,,,,,,
,,,,,,,,,,,,,,,,,,,,,,0,,,,,,,,,,,,,,,,,,,,,,,,,,,,0,,,,,,
,,,,,,,,,,,,,,,,,,,,,,0,,,,,,,,,,,,,,,,,,,,,,,,,,,,0,,,,,,
,,,,,,,,,,,,,,,,,,,,,,0,,,,,,,,,,,,,,,,,,,,,,,,,,,,0,,,,,,
,,,,,,,,,,,,,,,,,,,,,,0,,,,,,,,,,,,,,,,,,,,,,,,,,,,0,,,,,,
,,,,,,,,,,,,,,,,,,,,,,0,,,,,,,,,,,,,,,,,,,,,,,,,,,,0,,,,,,
,,,,,,,,,,,,,,,,,,,,,,0,,,,,,,,,,,,,,,,,,,,,,,,,,,,0,,,,,,
,,,,,,,,,,,,,,,,,,,,,,0,,,,,,,,,,,,,,,,,,,,,,,,,,,,0,,,,,,
,,,,,,,,,,,,,,,,,,,,,,0,,,,,,,,,,,,,,,,,,,,,,,,,,,,0,,,,,,
,,,,,,,,,,,,,,,,,,,,,,0,,,,,,,,,,,,,,,,,,,,,,,,,,,,0,,,,,,
,,,,,,,,,,,,,,,,,,,,,,0,,,,,,,,,,,,,,,,,,,,,,,,,,,,0,,,,,,
,,,,,,,,,,,,,,,,,,,,,,0,,,,,,,,,,,,,,,,,,,,,,,,,,,,0,,,,,,
,,,,,,,,,,,,,,,,,,,,,,0,,,,,,,,,,,,,,,,,,,,,,,,,,,,0,,,,,,
,,,,,,,,,,,,,,,,,,,,,,0,,,,,,,,,,,,,,,,,,,,,,,,,,,,0,,,,,,
,,,,,,,,,,,,,,,,,,,,,,0,,,,,,,,,,,,,,,,,,,,,,,,,,,,0,,,,,,
,,,,,,,,,,,,,,,,,,,,,,0,,,,,,,,,,,,,,,,,,,,,,,,,,,,0,,,,,,
,,,,,,,,,,,,,,,,,,,,,,0,,,,,,,,,,,,,,,,,,,,,,,,,,,,0,,,,,,
,,,,,,,,,,,,,,,,,,,,,,0,,,,,,,,,,,,,,,,,,,,,,,,,,,,0,,,,,,
,,,,,,,,,,,,,,,,,,,,,,0,,,,,,,,,,,,,,,,,,,,,,,,,,,,0,,,,,,
,,,,,,,,,,,,,,,,,,,,,,0,,,,,,,,,,,,,,,,,,,,,,,,,,,,0,,,,,,
,,,,,,,,,,,,,,,,,,,,,,0,,,,,,,,,,,,,,,,,,,,,,,,,,,,0,,,,,,
,,,,,,,,,,,,,,,,,,,,,,0,,,,,,,,,,,,,,,,,,,,,,,,,,,,0,,,,,,
,,,,,,,,,,,,,,,,,,,,,,0,,,,,,,,,,,,,,,,,,,,,,,,,,,,0,,,,,,
,,,,,,,,,,,,,,,,,,,,,,0,,,,,,,,,,,,,,,,,,,,,,,,,,,,0,,,,,,
,,,,,,,,,,,,,,,,,,,,,,0,,,,,,,,,,,,,,,,,,,,,,,,,,,,0,,,,,,
,,,,,,,,,,,,,,,,,,,,,,0,,,,,,,,,,,,,,,,,,,,,,,,,,,,0,,,,,,
,,,,,,,,,,,,,,,,,,,,,,0,,,,,,,,,,,,,,,,,,,,,,,,,,,,0,,,,,,
,,,,,,,,,,,,,,,,,,,,,,0,,,,,,,,,,,,,,,,,,,,,,,,,,,,0,,,,,,
,,,,,,,,,,,,,,,,,,,,,,0,,,,,,,,,,,,,,,,,,,,,,,,,,,,0,,,,,,
,,,,,,,,,,,,,,,,,,,,,,0,,,,,,,,,,,,,,,,,,,,,,,,,,,,0,,,,,,
,,,,,,,,,,,,,,,,,,,,,,0,,,,,,,,,,,,,,,,,,,,,,,,,,,,0,,,,,,
,,,,,,,,,,,,,,,,,,,,,,0,,,,,,,,,,,,,,,,,,,,,,,,,,,,0,,,,,,
,,,,,,,,,,,,,,,,,,,,,,0,,,,,,,,,,,,,,,,,,,,,,,,,,,,0,,,,,,
,,,,,,,,,,,,,,,,,,,,,,0,,,,,,,,,,,,,,,,,,,,,,,,,,,,0,,,,,,
,,,,,,,,,,,,,,,,,,,,,,0,,,,,,,,,,,,,,,,,,,,,,,,,,,,0,,,,,,
,,,,,,,,,,,,,,,,,,,,,,0,,,,,,,,,,,,,,,,,,,,,,,,,,,,0,,,,,,
,,,,,,,,,,,,,,,,,,,,,,0,,,,,,,,,,,,,,,,,,,,,,,,,,,,0,,,,,,
,,,,,,,,,,,,,,,,,,,,,,0,,,,,,,,,,,,,,,,,,,,,,,,,,,,0,,,,,,
,,,,,,,,,,,,,,,,,,,,,,0,,,,,,,,,,,,,,,,,,,,,,,,,,,,0,,,,,,
,,,,,,,,,,,,,,,,,,,,,,0,,,,,,,,,,,,,,,,,,,,,,,,,,,,0,,,,,,
,,,,,,,,,,,,,,,,,,,,,,0,,,,,,,,,,,,,,,,,,,,,,,,,,,,0,,,,,,
,,,,,,,,,,,,,,,,,,,,,,0,,,,,,,,,,,,,,,,,,,,,,,,,,,,0,,,,,,
,,,,,,,,,,,,,,,,,,,,,,0,,,,,,,,,,,,,,,,,,,,,,,,,,,,0,,,,,,
,,,,,,,,,,,,,,,,,,,,,,0,,,,,,,,,,,,,,,,,,,,,,,,,,,,0,,,,,,
,,,,,,,,,,,,,,,,,,,,,,0,,,,,,,,,,,,,,,,,,,,,,,,,,,,0,,,,,,
,,,,,,,,,,,,,,,,,,,,,,0,,,,,,,,,,,,,,,,,,,,,,,,,,,,0,,,,,,
,,,,,,,,,,,,,,,,,,,,,,0,,,,,,,,,,,,,,,,,,,,,,,,,,,,0,,,,,,
,,,,,,,,,,,,,,,,,,,,,,0,,,,,,,,,,,,,,,,,,,,,,,,,,,,0,,,,,,
,,,,,,,,,,,,,,,,,,,,,,0,,,,,,,,,,,,,,,,,,,,,,,,,,,,0,,,,,,
,,,,,,,,,,,,,,,,,,,,,,0,,,,,,,,,,,,,,,,,,,,,,,,,,,,0,,,,,,
,,,,,,,,,,,,,,,,,,,,,,0,,,,,,,,,,,,,,,,,,,,,,,,,,,,0,,,,,,
,,,,,,,,,,,,,,,,,,,,,,0,,,,,,,,,,,,,,,,,,,,,,,,,,,,0,,,,,,
,,,,,,,,,,,,,,,,,,,,,,0,,,,,,,,,,,,,,,,,,,,,,,,,,,,0,,,,,,
,,,,,,,,,,,,,,,,,,,,,,0,,,,,,,,,,,,,,,,,,,,,,,,,,,,0,,,,,,
,,,,,,,,,,,,,,,,,,,,,,0,,,,,,,,,,,,,,,,,,,,,,,,,,,,0,,,,,,
,,,,,,,,,,,,,,,,,,,,,,0,,,,,,,,,,,,,,,,,,,,,,,,,,,,0,,,,,,
,,,,,,,,,,,,,,,,,,,,,,0,,,,,,,,,,,,,,,,,,,,,,,,,,,,0,,,,,,
,,,,,,,,,,,,,,,,,,,,,,0,,,,,,,,,,,,,,,,,,,,,,,,,,,,0,,,,,,
,,,,,,,,,,,,,,,,,,,,,,0,,,,,,,,,,,,,,,,,,,,,,,,,,,,0,,,,,,
,,,,,,,,,,,,,,,,,,,,,,0,,,,,,,,,,,,,,,,,,,,,,,,,,,,0,,,,,,
,,,,,,,,,,,,,,,,,,,,,,0,,,,,,,,,,,,,,,,,,,,,,,,,,,,0,,,,,,
,,,,,,,,,,,,,,,,,,,,,,0,,,,,,,,,,,,,,,,,,,,,,,,,,,,0,,,,,,
,,,,,,,,,,,,,,,,,,,,,,0,,,,,,,,,,,,,,,,,,,,,,,,,,,,0,,,,,,
,,,,,,,,,,,,,,,,,,,,,,0,,,,,,,,,,,,,,,,,,,,,,,,,,,,0,,,,,,
,,,,,,,,,,,,,,,,,,,,,,0,,,,,,,,,,,,,,,,,,,,,,,,,,,,0,,,,,,
,,,,,,,,,,,,,,,,,,,,,,0,,,,,,,,,,,,,,,,,,,,,,,,,,,,0,,,,,,
,,,,,,,,,,,,,,,,,,,,,,0,,,,,,,,,,,,,,,,,,,,,,,,,,,,0,,,,,,
,,,,,,,,,,,,,,,,,,,,,,0,,,,,,,,,,,,,,,,,,,,,,,,,,,,0,,,,,,
,,,,,,,,,,,,,,,,,,,,,,0,,,,,,,,,,,,,,,,,,,,,,,,,,,,0,,,,,,
,,,,,,,,,,,,,,,,,,,,,,0,,,,,,,,,,,,,,,,,,,,,,,,,,,,0,,,,,,
,,,,,,,,,,,,,,,,,,,,,,0,,,,,,,,,,,,,,,,,,,,,,,,,,,,0,,,,,,
,,,,,,,,,,,,,,,,,,,,,,0,,,,,,,,,,,,,,,,,,,,,,,,,,,,0,,,,,,
,,,,,,,,,,,,,,,,,,,,,,0,,,,,,,,,,,,,,,,,,,,,,,,,,,,0,,,,,,
,,,,,,,,,,,,,,,,,,,,,,0,,,,,,,,,,,,,,,,,,,,,,,,,,,,0,,,,,,
,,,,,,,,,,,,,,,,,,,,,,0,,,,,,,,,,,,,,,,,,,,,,,,,,,,0,,,,,,
,,,,,,,,,,,,,,,,,,,,,,0,,,,,,,,,,,,,,,,,,,,,,,,,,,,0,,,,,,
,,,,,,,,,,,,,,,,,,,,,,0,,,,,,,,,,,,,,,,,,,,,,,,,,,,0,,,,,,
,,,,,,,,,,,,,,,,,,,,,,0,,,,,,,,,,,,,,,,,,,,,,,,,,,,0,,,,,,
,,,,,,,,,,,,,,,,,,,,,,0,,,,,,,,,,,,,,,,,,,,,,,,,,,,0,,,,,,
,,,,,,,,,,,,,,,,,,,,,,0,,,,,,,,,,,,,,,,,,,,,,,,,,,,0,,,,,,
,,,,,,,,,,,,,,,,,,,,,,0,,,,,,,,,,,,,,,,,,,,,,,,,,,,0,,,,,,
,,,,,,,,,,,,,,,,,,,,,,0,,,,,,,,,,,,,,,,,,,,,,,,,,,,0,,,,,,
,,,,,,,,,,,,,,,,,,,,,,0,,,,,,,,,,,,,,,,,,,,,,,,,,,,0,,,,,,
,,,,,,,,,,,,,,,,,,,,,,0,,,,,,,,,,,,,,,,,,,,,,,,,,,,0,,,,,,
,,,,,,,,,,,,,,,,,,,,,,0,,,,,,,,,,,,,,,,,,,,,,,,,,,,0,,,,,,
,,,,,,,,,,,,,,,,,,,,,,0,,,,,,,,,,,,,,,,,,,,,,,,,,,,0,,,,,,
,,,,,,,,,,,,,,,,,,,,,,0,,,,,,,,,,,,,,,,,,,,,,,,,,,,0,,,,,,
,,,,,,,,,,,,,,,,,,,,,,0,,,,,,,,,,,,,,,,,,,,,,,,,,,,0,,,,,,
,,,,,,,,,,,,,,,,,,,,,,0,,,,,,,,,,,,,,,,,,,,,,,,,,,,0,,,,,,
,,,,,,,,,,,,,,,,,,,,,,0,,,,,,,,,,,,,,,,,,,,,,,,,,,,0,,,,,,
,,,,,,,,,,,,,,,,,,,,,,0,,,,,,,,,,,,,,,,,,,,,,,,,,,,0,,,,,,
,,,,,,,,,,,,,,,,,,,,,,0,,,,,,,,,,,,,,,,,,,,,,,,,,,,0,,,,,,
,,,,,,,,,,,,,,,,,,,,,,0,,,,,,,,,,,,,,,,,,,,,,,,,,,,0,,,,,,
,,,,,,,,,,,,,,,,,,,,,,0,,,,,,,,,,,,,,,,,,,,,,,,,,,,0,,,,,,
,,,,,,,,,,,,,,,,,,,,,,0,,,,,,,,,,,,,,,,,,,,,,,,,,,,0,,,,,,
,,,,,,,,,,,,,,,,,,,,,,0,,,,,,,,,,,,,,,,,,,,,,,,,,,,0,,,,,,
,,,,,,,,,,,,,,,,,,,,,,0,,,,,,,,,,,,,,,,,,,,,,,,,,,,0,,,,,,
,,,,,,,,,,,,,,,,,,,,,,0,,,,,,,,,,,,,,,,,,,,,,,,,,,,0,,,,,,
,,,,,,,,,,,,,,,,,,,,,,0,,,,,,,,,,,,,,,,,,,,,,,,,,,,0,,,,,,
,,,,,,,,,,,,,,,,,,,,,,0,,,,,,,,,,,,,,,,,,,,,,,,,,,,0,,,,,,
,,,,,,,,,,,,,,,,,,,,,,0,,,,,,,,,,,,,,,,,,,,,,,,,,,,0,,,,,,
,,,,,,,,,,,,,,,,,,,,,,0,,,,,,,,,,,,,,,,,,,,,,,,,,,,0,,,,,,
,,,,,,,,,,,,,,,,,,,,,,0,,,,,,,,,,,,,,,,,,,,,,,,,,,,0,,,,,,
,,,,,,,,,,,,,,,,,,,,,,0,,,,,,,,,,,,,,,,,,,,,,,,,,,,0,,,,,,
,,,,,,,,,,,,,,,,,,,,,,0,,,,,,,,,,,,,,,,,,,,,,,,,,,,0,,,,,,
,,,,,,,,,,,,,,,,,,,,,,0,,,,,,,,,,,,,,,,,,,,,,,,,,,,0,,,,,,
,,,,,,,,,,,,,,,,,,,,,,0,,,,,,,,,,,,,,,,,,,,,,,,,,,,0,,,,,,
,,,,,,,,,,,,,,,,,,,,,,0,,,,,,,,,,,,,,,,,,,,,,,,,,,,0,,,,,,
,,,,,,,,,,,,,,,,,,,,,,0,,,,,,,,,,,,,,,,,,,,,,,,,,,,0,,,,,,
,,,,,,,,,,,,,,,,,,,,,,0,,,,,,,,,,,,,,,,,,,,,,,,,,,,0,,,,,,
,,,,,,,,,,,,,,,,,,,,,,0,,,,,,,,,,,,,,,,,,,,,,,,,,,,0,,,,,,
,,,,,,,,,,,,,,,,,,,,,,0,,,,,,,,,,,,,,,,,,,,,,,,,,,,0,,,,,,
,,,,,,,,,,,,,,,,,,,,,,0,,,,,,,,,,,,,,,,,,,,,,,,,,,,0,,,,,,
,,,,,,,,,,,,,,,,,,,,,,0,,,,,,,,,,,,,,,,,,,,,,,,,,,,0,,,,,,
,,,,,,,,,,,,,,,,,,,,,,0,,,,,,,,,,,,,,,,,,,,,,,,,,,,0,,,,,,
,,,,,,,,,,,,,,,,,,,,,,0,,,,,,,,,,,,,,,,,,,,,,,,,,,,0,,,,,,
,,,,,,,,,,,,,,,,,,,,,,0,,,,,,,,,,,,,,,,,,,,,,,,,,,,0,,,,,,
,,,,,,,,,,,,,,,,,,,,,,0,,,,,,,,,,,,,,,,,,,,,,,,,,,,0,,,,,,
,,,,,,,,,,,,,,,,,,,,,,0,,,,,,,,,,,,,,,,,,,,,,,,,,,,0,,,,,,
,,,,,,,,,,,,,,,,,,,,,,0,,,,,,,,,,,,,,,,,,,,,,,,,,,,0,,,,,,
,,,,,,,,,,,,,,,,,,,,,,0,,,,,,,,,,,,,,,,,,,,,,,,,,,,0,,,,,,
,,,,,,,,,,,,,,,,,,,,,,0,,,,,,,,,,,,,,,,,,,,,,,,,,,,0,,,,,,
,,,,,,,,,,,,,,,,,,,,,,0,,,,,,,,,,,,,,,,,,,,,,,,,,,,0,,,,,,
,,,,,,,,,,,,,,,,,,,,,,0,,,,,,,,,,,,,,,,,,,,,,,,,,,,0,,,,,,
,,,,,,,,,,,,,,,,,,,,,,0,,,,,,,,,,,,,,,,,,,,,,,,,,,,0,,,,,,
,,,,,,,,,,,,,,,,,,,,,,0,,,,,,,,,,,,,,,,,,,,,,,,,,,,0,,,,,,
,,,,,,,,,,,,,,,,,,,,,,0,,,,,,,,,,,,,,,,,,,,,,,,,,,,0,,,,,,
,,,,,,,,,,,,,,,,,,,,,,0,,,,,,,,,,,,,,,,,,,,,,,,,,,,0,,,,,,
,,,,,,,,,,,,,,,,,,,,,,0,,,,,,,,,,,,,,,,,,,,,,,,,,,,0,,,,,,
,,,,,,,,,,,,,,,,,,,,,,0,,,,,,,,,,,,,,,,,,,,,,,,,,,,0,,,,,,
,,,,,,,,,,,,,,,,,,,,,,0,,,,,,,,,,,,,,,,,,,,,,,,,,,,0,,,,,,
,,,,,,,,,,,,,,,,,,,,,,0,,,,,,,,,,,,,,,,,,,,,,,,,,,,0,,,,,,
,,,,,,,,,,,,,,,,,,,,,,0,,,,,,,,,,,,,,,,,,,,,,,,,,,,0,,,,,,
,,,,,,,,,,,,,,,,,,,,,,0,,,,,,,,,,,,,,,,,,,,,,,,,,,,0,,,,,,
,,,,,,,,,,,,,,,,,,,,,,0,,,,,,,,,,,,,,,,,,,,,,,,,,,,0,,,,,,
,,,,,,,,,,,,,,,,,,,,,,0,,,,,,,,,,,,,,,,,,,,,,,,,,,,0,,,,,,
,,,,,,,,,,,,,,,,,,,,,,0,,,,,,,,,,,,,,,,,,,,,,,,,,,,0,,,,,,
,,,,,,,,,,,,,,,,,,,,,,0,,,,,,,,,,,,,,,,,,,,,,,,,,,,0,,,,,,
,,,,,,,,,,,,,,,,,,,,,,0,,,,,,,,,,,,,,,,,,,,,,,,,,,,0,,,,,,
,,,,,,,,,,,,,,,,,,,,,,0,,,,,,,,,,,,,,,,,,,,,,,,,,,,0,,,,,,
,,,,,,,,,,,,,,,,,,,,,,0,,,,,,,,,,,,,,,,,,,,,,,,,,,,0,,,,,,
,,,,,,,,,,,,,,,,,,,,,,0,,,,,,,,,,,,,,,,,,,,,,,,,,,,0,,,,,,
,,,,,,,,,,,,,,,,,,,,,,0,,,,,,,,,,,,,,,,,,,,,,,,,,,,0,,,,,,
,,,,,,,,,,,,,,,,,,,,,,0,,,,,,,,,,,,,,,,,,,,,,,,,,,,0,,,,,,
,,,,,,,,,,,,,,,,,,,,,,0,,,,,,,,,,,,,,,,,,,,,,,,,,,,0,,,,,,
,,,,,,,,,,,,,,,,,,,,,,0,,,,,,,,,,,,,,,,,,,,,,,,,,,,0,,,,,,
,,,,,,,,,,,,,,,,,,,,,,0,,,,,,,,,,,,,,,,,,,,,,,,,,,,0,,,,,,
,,,,,,,,,,,,,,,,,,,,,,0,,,,,,,,,,,,,,,,,,,,,,,,,,,,0,,,,,,
,,,,,,,,,,,,,,,,,,,,,,0,,,,,,,,,,,,,,,,,,,,,,,,,,,,0,,,,,,
,,,,,,,,,,,,,,,,,,,,,,0,,,,,,,,,,,,,,,,,,,,,,,,,,,,0,,,,,,
,,,,,,,,,,,,,,,,,,,,,,0,,,,,,,,,,,,,,,,,,,,,,,,,,,,0,,,,,,
,,,,,,,,,,,,,,,,,,,,,,0,,,,,,,,,,,,,,,,,,,,,,,,,,,,0,,,,,,
,,,,,,,,,,,,,,,,,,,,,,0,,,,,,,,,,,,,,,,,,,,,,,,,,,,0,,,,,,
,,,,,,,,,,,,,,,,,,,,,,0,,,,,,,,,,,,,,,,,,,,,,,,,,,,0,,,,,,
,,,,,,,,,,,,,,,,,,,,,,0,,,,,,,,,,,,,,,,,,,,,,,,,,,,0,,,,,,
,,,,,,,,,,,,,,,,,,,,,,0,,,,,,,,,,,,,,,,,,,,,,,,,,,,0,,,,,,
,,,,,,,,,,,,,,,,,,,,,,0,,,,,,,,,,,,,,,,,,,,,,,,,,,,0,,,,,,
,,,,,,,,,,,,,,,,,,,,,,0,,,,,,,,,,,,,,,,,,,,,,,,,,,,0,,,,,,
,,,,,,,,,,,,,,,,,,,,,,0,,,,,,,,,,,,,,,,,,,,,,,,,,,,0,,,,,,
,,,,,,,,,,,,,,,,,,,,,,0,,,,,,,,,,,,,,,,,,,,,,,,,,,,0,,,,,,
,,,,,,,,,,,,,,,,,,,,,,0,,,,,,,,,,,,,,,,,,,,,,,,,,,,0,,,,,,
,,,,,,,,,,,,,,,,,,,,,,0,,,,,,,,,,,,,,,,,,,,,,,,,,,,0,,,,,,
,,,,,,,,,,,,,,,,,,,,,,0,,,,,,,,,,,,,,,,,,,,,,,,,,,,0,,,,,,
,,,,,,,,,,,,,,,,,,,,,,0,,,,,,,,,,,,,,,,,,,,,,,,,,,,0,,,,,,
,,,,,,,,,,,,,,,,,,,,,,0,,,,,,,,,,,,,,,,,,,,,,,,,,,,0,,,,,,
,,,,,,,,,,,,,,,,,,,,,,0,,,,,,,,,,,,,,,,,,,,,,,,,,,,0,,,,,,
,,,,,,,,,,,,,,,,,,,,,,0,,,,,,,,,,,,,,,,,,,,,,,,,,,,0,,,,,,
,,,,,,,,,,,,,,,,,,,,,,0,,,,,,,,,,,,,,,,,,,,,,,,,,,,0,,,,,,
,,,,,,,,,,,,,,,,,,,,,,0,,,,,,,,,,,,,,,,,,,,,,,,,,,,0,,,,,,
,,,,,,,,,,,,,,,,,,,,,,0,,,,,,,,,,,,,,,,,,,,,,,,,,,,0,,,,,,
,,,,,,,,,,,,,,,,,,,,,,0,,,,,,,,,,,,,,,,,,,,,,,,,,,,0,,,,,,
,,,,,,,,,,,,,,,,,,,,,,0,,,,,,,,,,,,,,,,,,,,,,,,,,,,0,,,,,,
,,,,,,,,,,,,,,,,,,,,,,0,,,,,,,,,,,,,,,,,,,,,,,,,,,,0,,,,,,
,,,,,,,,,,,,,,,,,,,,,,0,,,,,,,,,,,,,,,,,,,,,,,,,,,,0,,,,,,
,,,,,,,,,,,,,,,,,,,,,,0,,,,,,,,,,,,,,,,,,,,,,,,,,,,0,,,,,,
,,,,,,,,,,,,,,,,,,,,,,0,,,,,,,,,,,,,,,,,,,,,,,,,,,,0,,,,,,
,,,,,,,,,,,,,,,,,,,,,,0,,,,,,,,,,,,,,,,,,,,,,,,,,,,0,,,,,,
,,,,,,,,,,,,,,,,,,,,,,0,,,,,,,,,,,,,,,,,,,,,,,,,,,,0,,,,,,
,,,,,,,,,,,,,,,,,,,,,,0,,,,,,,,,,,,,,,,,,,,,,,,,,,,0,,,,,,
,,,,,,,,,,,,,,,,,,,,,,0,,,,,,,,,,,,,,,,,,,,,,,,,,,,0,,,,,,
,,,,,,,,,,,,,,,,,,,,,,0,,,,,,,,,,,,,,,,,,,,,,,,,,,,0,,,,,,
,,,,,,,,,,,,,,,,,,,,,,0,,,,,,,,,,,,,,,,,,,,,,,,,,,,0,,,,,,
,,,,,,,,,,,,,,,,,,,,,,0,,,,,,,,,,,,,,,,,,,,,,,,,,,,0,,,,,,
,,,,,,,,,,,,,,,,,,,,,,0,,,,,,,,,,,,,,,,,,,,,,,,,,,,0,,,,,,
,,,,,,,,,,,,,,,,,,,,,,0,,,,,,,,,,,,,,,,,,,,,,,,,,,,,,,,,,
,,,,,,,,,,,,,,,,,,,,,,0,,,,,,,,,,,,,,,,,,,,,,,,,,,,,,,,,,
,,,,,,,,,,,,,,,,,,,,,,0,,,,,,,,,,,,,,,,,,,,,,,,,,,,,,,,,,
,,,,,,,,,,,,,,,,,,,,,,0,,,,,,,,,,,,,,,,,,,,,,,,,,,,,,,,,,
,,,,,,,,,,,,,,,,,,,,,,0,,,,,,,,,,,,,,,,,,,,,,,,,,,,,,,,,,
,,,,,,,,,,,,,,,,,,,,,,0,,,,,,,,,,,,,,,,,,,,,,,,,,,,,,,,,,
,,,,,,,,,,,,,,,,,,,,,,0,,,,,,,,,,,,,,,,,,,,,,,,,,,,,,,,,,
,,,,,,,,,,,,,,,,,,,,,,0,,,,,,,,,,,,,,,,,,,,,,,,,,,,,,,,,,
,,,,,,,,,,,,,,,,,,,,,,0,,,,,,,,,,,,,,,,,,,,,,,,,,,,,,,,,,
,,,,,,,,,,,,,,,,,,,,,,0,,,,,,,,,,,,,,,,,,,,,,,,,,,,,,,,,,
,,,,,,,,,,,,,,,,,,,,,,0,,,,,,,,,,,,,,,,,,,,,,,,,,,,,,,,,,
,,,,,,,,,,,,,,,,,,,,,,0,,,,,,,,,,,,,,,,,,,,,,,,,,,,,,,,,,
,,,,,,,,,,,,,,,,,,,,,,0,,,,,,,,,,,,,,,,,,,,,,,,,,,,,,,,,,
,,,,,,,,,,,,,,,,,,,,,,0,,,,,,,,,,,,,,,,,,,,,,,,,,,,,,,,,,
,,,,,,,,,,,,,,,,,,,,,,0,,,,,,,,,,,,,,,,,,,,,,,,,,,,,,,,,,
,,,,,,,,,,,,,,,,,,,,,,0,,,,,,,,,,,,,,,,,,,,,,,,,,,,,,,,,,
,,,,,,,,,,,,,,,,,,,,,,0,,,,,,,,,,,,,,,,,,,,,,,,,,,,,,,,,,
,,,,,,,,,,,,,,,,,,,,,,0,,,,,,,,,,,,,,,,,,,,,,,,,,,,,,,,,,
,,,,,,,,,,,,,,,,,,,,,,0,,,,,,,,,,,,,,,,,,,,,,,,,,,,,,,,,,
,,,,,,,,,,,,,,,,,,,,,,0,,,,,,,,,,,,,,,,,,,,,,,,,,,,,,,,,,
,,,,,,,,,,,,,,,,,,,,,,0,,,,,,,,,,,,,,,,,,,,,,,,,,,,,,,,,,
,,,,,,,,,,,,,,,,,,,,,,0,,,,,,,,,,,,,,,,,,,,,,,,,,,,,,,,,,
,,,,,,,,,,,,,,,,,,,,,,0,,,,,,,,,,,,,,,,,,,,,,,,,,,,,,,,,,
,,,,,,,,,,,,,,,,,,,,,,0,,,,,,,,,,,,,,,,,,,,,,,,,,,,,,,,,,
,,,,,,,,,,,,,,,,,,,,,,0,,,,,,,,,,,,,,,,,,,,,,,,,,,,,,,,,,
,,,,,,,,,,,,,,,,,,,,,,0,,,,,,,,,,,,,,,,,,,,,,,,,,,,,,,,,,
,,,,,,,,,,,,,,,,,,,,,,0,,,,,,,,,,,,,,,,,,,,,,,,,,,,,,,,,,
,,,,,,,,,,,,,,,,,,,,,,0,,,,,,,,,,,,,,,,,,,,,,,,,,,,,,,,,,
,,,,,,,,,,,,,,,,,,,,,,0,,,,,,,,,,,,,,,,,,,,,,,,,,,,,,,,,,
,,,,,,,,,,,,,,,,,,,,,,0,,,,,,,,,,,,,,,,,,,,,,,,,,,,,,,,,,
,,,,,,,,,,,,,,,,,,,,,,0,,,,,,,,,,,,,,,,,,,,,,,,,,,,,,,,,,
,,,,,,,,,,,,,,,,,,,,,,0,,,,,,,,,,,,,,,,,,,,,,,,,,,,,,,,,,
,,,,,,,,,,,,,,,,,,,,,,0,,,,,,,,,,,,,,,,,,,,,,,,,,,,,,,,,,
,,,,,,,,,,,,,,,,,,,,,,0,,,,,,,,,,,,,,,,,,,,,,,,,,,,,,,,,,
,,,,,,,,,,,,,,,,,,,,,,0,,,,,,,,,,,,,,,,,,,,,,,,,,,,,,,,,,
,,,,,,,,,,,,,,,,,,,,,,0,,,,,,,,,,,,,,,,,,,,,,,,,,,,,,,,,,
,,,,,,,,,,,,,,,,,,,,,,0,,,,,,,,,,,,,,,,,,,,,,,,,,,,,,,,,,
,,,,,,,,,,,,,,,,,,,,,,0,,,,,,,,,,,,,,,,,,,,,,,,,,,,,,,,,,
,,,,,,,,,,,,,,,,,,,,,,0,,,,,,,,,,,,,,,,,,,,,,,,,,,,,,,,,,
,,,,,,,,,,,,,,,,,,,,,,0,,,,,,,,,,,,,,,,,,,,,,,,,,,,,,,,,,
,,,,,,,,,,,,,,,,,,,,,,0,,,,,,,,,,,,,,,,,,,,,,,,,,,,,,,,,,
,,,,,,,,,,,,,,,,,,,,,,0,,,,,,,,,,,,,,,,,,,,,,,,,,,,,,,,,,
,,,,,,,,,,,,,,,,,,,,,,0,,,,,,,,,,,,,,,,,,,,,,,,,,,,,,,,,,
,,,,,,,,,,,,,,,,,,,,,,0,,,,,,,,,,,,,,,,,,,,,,,,,,,,,,,,,,
,,,,,,,,,,,,,,,,,,,,,,0,,,,,,,,,,,,,,,,,,,,,,,,,,,,,,,,,,
,,,,,,,,,,,,,,,,,,,,,,0,,,,,,,,,,,,,,,,,,,,,,,,,,,,,,,,,,
,,,,,,,,,,,,,,,,,,,,,,0,,,,,,,,,,,,,,,,,,,,,,,,,,,,,,,,,,
,,,,,,,,,,,,,,,,,,,,,,0,,,,,,,,,,,,,,,,,,,,,,,,,,,,,,,,,,
,,,,,,,,,,,,,,,,,,,,,,0,,,,,,,,,,,,,,,,,,,,,,,,,,,,,,,,,,
,,,,,,,,,,,,,,,,,,,,,,0,,,,,,,,,,,,,,,,,,,,,,,,,,,,,,,,,,
,,,,,,,,,,,,,,,,,,,,,,0,,,,,,,,,,,,,,,,,,,,,,,,,,,,,,,,,,
,,,,,,,,,,,,,,,,,,,,,,0,,,,,,,,,,,,,,,,,,,,,,,,,,,,,,,,,,
,,,,,,,,,,,,,,,,,,,,,,0,,,,,,,,,,,,,,,,,,,,,,,,,,,,,,,,,,
,,,,,,,,,,,,,,,,,,,,,,0,,,,,,,,,,,,,,,,,,,,,,,,,,,,,,,,,,
,,,,,,,,,,,,,,,,,,,,,,0,,,,,,,,,,,,,,,,,,,,,,,,,,,,,,,,,,
,,,,,,,,,,,,,,,,,,,,,,0,,,,,,,,,,,,,,,,,,,,,,,,,,,,,,,,,,
,,,,,,,,,,,,,,,,,,,,,,0,,,,,,,,,,,,,,,,,,,,,,,,,,,,,,,,,,
,,,,,,,,,,,,,,,,,,,,,,0,,,,,,,,,,,,,,,,,,,,,,,,,,,,,,,,,,
,,,,,,,,,,,,,,,,,,,,,,0,,,,,,,,,,,,,,,,,,,,,,,,,,,,,,,,,,
,,,,,,,,,,,,,,,,,,,,,,0,,,,,,,,,,,,,,,,,,,,,,,,,,,,,,,,,,
,,,,,,,,,,,,,,,,,,,,,,0,,,,,,,,,,,,,,,,,,,,,,,,,,,,,,,,,,
,,,,,,,,,,,,,,,,,,,,,,0,,,,,,,,,,,,,,,,,,,,,,,,,,,,,,,,,,
,,,,,,,,,,,,,,,,,,,,,,0,,,,,,,,,,,,,,,,,,,,,,,,,,,,,,,,,,
,,,,,,,,,,,,,,,,,,,,,,0,,,,,,,,,,,,,,,,,,,,,,,,,,,,,,,,,,
,,,,,,,,,,,,,,,,,,,,,,0,,,,,,,,,,,,,,,,,,,,,,,,,,,,,,,,,,
,,,,,,,,,,,,,,,,,,,,,,0,,,,,,,,,,,,,,,,,,,,,,,,,,,,,,,,,,
,,,,,,,,,,,,,,,,,,,,,,0,,,,,,,,,,,,,,,,,,,,,,,,,,,,,,,,,,
,,,,,,,,,,,,,,,,,,,,,,0,,,,,,,,,,,,,,,,,,,,,,,,,,,,,,,,,,
,,,,,,,,,,,,,,,,,,,,,,0,,,,,,,,,,,,,,,,,,,,,,,,,,,,,,,,,,
,,,,,,,,,,,,,,,,,,,,,,0,,,,,,,,,,,,,,,,,,,,,,,,,,,,,,,,,,
,,,,,,,,,,,,,,,,,,,,,,0,,,,,,,,,,,,,,,,,,,,,,,,,,,,,,,,,,
,,,,,,,,,,,,,,,,,,,,,,0,,,,,,,,,,,,,,,,,,,,,,,,,,,,,,,,,,
,,,,,,,,,,,,,,,,,,,,,,0,,,,,,,,,,,,,,,,,,,,,,,,,,,,,,,,,,
,,,,,,,,,,,,,,,,,,,,,,0,,,,,,,,,,,,,,,,,,,,,,,,,,,,,,,,,,
,,,,,,,,,,,,,,,,,,,,,,0,,,,,,,,,,,,,,,,,,,,,,,,,,,,,,,,,,
,,,,,,,,,,,,,,,,,,,,,,0,,,,,,,,,,,,,,,,,,,,,,,,,,,,,,,,,,
,,,,,,,,,,,,,,,,,,,,,,0,,,,,,,,,,,,,,,,,,,,,,,,,,,,,,,,,,
,,,,,,,,,,,,,,,,,,,,,,0,,,,,,,,,,,,,,,,,,,,,,,,,,,,,,,,,,
,,,,,,,,,,,,,,,,,,,,,,0,,,,,,,,,,,,,,,,,,,,,,,,,,,,,,,,,,
,,,,,,,,,,,,,,,,,,,,,,0,,,,,,,,,,,,,,,,,,,,,,,,,,,,,,,,,,
,,,,,,,,,,,,,,,,,,,,,,0,,,,,,,,,,,,,,,,,,,,,,,,,,,,,,,,,,
,,,,,,,,,,,,,,,,,,,,,,0,,,,,,,,,,,,,,,,,,,,,,,,,,,,,,,,,,
,,,,,,,,,,,,,,,,,,,,,,0,,,,,,,,,,,,,,,,,,,,,,,,,,,,,,,,,,
,,,,,,,,,,,,,,,,,,,,,,0,,,,,,,,,,,,,,,,,,,,,,,,,,,,,,,,,,
,,,,,,,,,,,,,,,,,,,,,,0,,,,,,,,,,,,,,,,,,,,,,,,,,,,,,,,,,
,,,,,,,,,,,,,,,,,,,,,,0,,,,,,,,,,,,,,,,,,,,,,,,,,,,,,,,,,
,,,,,,,,,,,,,,,,,,,,,,0,,,,,,,,,,,,,,,,,,,,,,,,,,,,,,,,,,
,,,,,,,,,,,,,,,,,,,,,,0,,,,,,,,,,,,,,,,,,,,,,,,,,,,,,,,,,
,,,,,,,,,,,,,,,,,,,,,,0,,,,,,,,,,,,,,,,,,,,,,,,,,,,,,,,,,
,,,,,,,,,,,,,,,,,,,,,,0,,,,,,,,,,,,,,,,,,,,,,,,,,,,,,,,,,
,,,,,,,,,,,,,,,,,,,,,,0,,,,,,,,,,,,,,,,,,,,,,,,,,,,,,,,,,
,,,,,,,,,,,,,,,,,,,,,,0,,,,,,,,,,,,,,,,,,,,,,,,,,,,,,,,,,
,,,,,,,,,,,,,,,,,,,,,,0,,,,,,,,,,,,,,,,,,,,,,,,,,,,,,,,,,
,,,,,,,,,,,,,,,,,,,,,,0,,,,,,,,,,,,,,,,,,,,,,,,,,,,,,,,,,
,,,,,,,,,,,,,,,,,,,,,,0,,,,,,,,,,,,,,,,,,,,,,,,,,,,,,,,,,
,,,,,,,,,,,,,,,,,,,,,,0,,,,,,,,,,,,,,,,,,,,,,,,,,,,,,,,,,
,,,,,,,,,,,,,,,,,,,,,,0,,,,,,,,,,,,,,,,,,,,,,,,,,,,,,,,,,
,,,,,,,,,,,,,,,,,,,,,,0,,,,,,,,,,,,,,,,,,,,,,,,,,,,,,,,,,
,,,,,,,,,,,,,,,,,,,,,,0,,,,,,,,,,,,,,,,,,,,,,,,,,,,,,,,,,
,,,,,,,,,,,,,,,,,,,,,,0,,,,,,,,,,,,,,,,,,,,,,,,,,,,,,,,,,
,,,,,,,,,,,,,,,,,,,,,,0,,,,,,,,,,,,,,,,,,,,,,,,,,,,,,,,,,
,,,,,,,,,,,,,,,,,,,,,,0,,,,,,,,,,,,,,,,,,,,,,,,,,,,,,,,,,
,,,,,,,,,,,,,,,,,,,,,,0,,,,,,,,,,,,,,,,,,,,,,,,,,,,,,,,,,
,,,,,,,,,,,,,,,,,,,,,,0,,,,,,,,,,,,,,,,,,,,,,,,,,,,,,,,,,
,,,,,,,,,,,,,,,,,,,,,,0,,,,,,,,,,,,,,,,,,,,,,,,,,,,,,,,,,
,,,,,,,,,,,,,,,,,,,,,,0,,,,,,,,,,,,,,,,,,,,,,,,,,,,,,,,,,
,,,,,,,,,,,,,,,,,,,,,,0,,,,,,,,,,,,,,,,,,,,,,,,,,,,,,,,,,
,,,,,,,,,,,,,,,,,,,,,,0,,,,,,,,,,,,,,,,,,,,,,,,,,,,,,,,,,
,,,,,,,,,,,,,,,,,,,,,,0,,,,,,,,,,,,,,,,,,,,,,,,,,,,,,,,,,
,,,,,,,,,,,,,,,,,,,,,,0,,,,,,,,,,,,,,,,,,,,,,,,,,,,,,,,,,
,,,,,,,,,,,,,,,,,,,,,,0,,,,,,,,,,,,,,,,,,,,,,,,,,,,,,,,,,
,,,,,,,,,,,,,,,,,,,,,,0,,,,,,,,,,,,,,,,,,,,,,,,,,,,,,,,,,
,,,,,,,,,,,,,,,,,,,,,,0,,,,,,,,,,,,,,,,,,,,,,,,,,,,,,,,,,
,,,,,,,,,,,,,,,,,,,,,,0,,,,,,,,,,,,,,,,,,,,,,,,,,,,,,,,,,
,,,,,,,,,,,,,,,,,,,,,,0,,,,,,,,,,,,,,,,,,,,,,,,,,,,,,,,,,
,,,,,,,,,,,,,,,,,,,,,,0,,,,,,,,,,,,,,,,,,,,,,,,,,,,,,,,,,
,,,,,,,,,,,,,,,,,,,,,,0,,,,,,,,,,,,,,,,,,,,,,,,,,,,,,,,,,
,,,,,,,,,,,,,,,,,,,,,,0,,,,,,,,,,,,,,,,,,,,,,,,,,,,,,,,,,
,,,,,,,,,,,,,,,,,,,,,,0,,,,,,,,,,,,,,,,,,,,,,,,,,,,,,,,,,
,,,,,,,,,,,,,,,,,,,,,,0,,,,,,,,,,,,,,,,,,,,,,,,,,,,,,,,,,
,,,,,,,,,,,,,,,,,,,,,,0,,,,,,,,,,,,,,,,,,,,,,,,,,,,,,,,,,
,,,,,,,,,,,,,,,,,,,,,,0,,,,,,,,,,,,,,,,,,,,,,,,,,,,,,,,,,
,,,,,,,,,,,,,,,,,,,,,,0,,,,,,,,,,,,,,,,,,,,,,,,,,,,,,,,,,
,,,,,,,,,,,,,,,,,,,,,,0,,,,,,,,,,,,,,,,,,,,,,,,,,,,,,,,,,
,,,,,,,,,,,,,,,,,,,,,,0,,,,,,,,,,,,,,,,,,,,,,,,,,,,,,,,,,
,,,,,,,,,,,,,,,,,,,,,,0,,,,,,,,,,,,,,,,,,,,,,,,,,,,,,,,,,
,,,,,,,,,,,,,,,,,,,,,,0,,,,,,,,,,,,,,,,,,,,,,,,,,,,,,,,,,
,,,,,,,,,,,,,,,,,,,,,,0,,,,,,,,,,,,,,,,,,,,,,,,,,,,,,,,,,
,,,,,,,,,,,,,,,,,,,,,,0,,,,,,,,,,,,,,,,,,,,,,,,,,,,,,,,,,
,,,,,,,,,,,,,,,,,,,,,,0,,,,,,,,,,,,,,,,,,,,,,,,,,,,,,,,,,
,,,,,,,,,,,,,,,,,,,,,,0,,,,,,,,,,,,,,,,,,,,,,,,,,,,,,,,,,
,,,,,,,,,,,,,,,,,,,,,,0,,,,,,,,,,,,,,,,,,,,,,,,,,,,,,,,,,
,,,,,,,,,,,,,,,,,,,,,,0,,,,,,,,,,,,,,,,,,,,,,,,,,,,,,,,,,
,,,,,,,,,,,,,,,,,,,,,,0,,,,,,,,,,,,,,,,,,,,,,,,,,,,,,,,,,
,,,,,,,,,,,,,,,,,,,,,,0,,,,,,,,,,,,,,,,,,,,,,,,,,,,,,,,,,
,,,,,,,,,,,,,,,,,,,,,,0,,,,,,,,,,,,,,,,,,,,,,,,,,,,,,,,,,
,,,,,,,,,,,,,,,,,,,,,,0,,,,,,,,,,,,,,,,,,,,,,,,,,,,,,,,,,
,,,,,,,,,,,,,,,,,,,,,,0,,,,,,,,,,,,,,,,,,,,,,,,,,,,,,,,,,
,,,,,,,,,,,,,,,,,,,,,,0,,,,,,,,,,,,,,,,,,,,,,,,,,,,,,,,,,
,,,,,,,,,,,,,,,,,,,,,,0,,,,,,,,,,,,,,,,,,,,,,,,,,,,,,,,,,
,,,,,,,,,,,,,,,,,,,,,,0,,,,,,,,,,,,,,,,,,,,,,,,,,,,,,,,,,
,,,,,,,,,,,,,,,,,,,,,,0,,,,,,,,,,,,,,,,,,,,,,,,,,,,,,,,,,
,,,,,,,,,,,,,,,,,,,,,,0,,,,,,,,,,,,,,,,,,,,,,,,,,,,,,,,,,
,,,,,,,,,,,,,,,,,,,,,,0,,,,,,,,,,,,,,,,,,,,,,,,,,,,,,,,,,
,,,,,,,,,,,,,,,,,,,,,,0,,,,,,,,,,,,,,,,,,,,,,,,,,,,,,,,,,
,,,,,,,,,,,,,,,,,,,,,,0,,,,,,,,,,,,,,,,,,,,,,,,,,,,,,,,,,
,,,,,,,,,,,,,,,,,,,,,,0,,,,,,,,,,,,,,,,,,,,,,,,,,,,,,,,,,
,,,,,,,,,,,,,,,,,,,,,,0,,,,,,,,,,,,,,,,,,,,,,,,,,,,,,,,,,
,,,,,,,,,,,,,,,,,,,,,,0,,,,,,,,,,,,,,,,,,,,,,,,,,,,,,,,,,
,,,,,,,,,,,,,,,,,,,,,,0,,,,,,,,,,,,,,,,,,,,,,,,,,,,,,,,,,
,,,,,,,,,,,,,,,,,,,,,,0,,,,,,,,,,,,,,,,,,,,,,,,,,,,,,,,,,
,,,,,,,,,,,,,,,,,,,,,,0,,,,,,,,,,,,,,,,,,,,,,,,,,,,,,,,,,
,,,,,,,,,,,,,,,,,,,,,,0,,,,,,,,,,,,,,,,,,,,,,,,,,,,,,,,,,
,,,,,,,,,,,,,,,,,,,,,,0,,,,,,,,,,,,,,,,,,,,,,,,,,,,,,,,,,
,,,,,,,,,,,,,,,,,,,,,,0,,,,,,,,,,,,,,,,,,,,,,,,,,,,,,,,,,
,,,,,,,,,,,,,,,,,,,,,,0,,,,,,,,,,,,,,,,,,,,,,,,,,,,,,,,,,
,,,,,,,,,,,,,,,,,,,,,,0,,,,,,,,,,,,,,,,,,,,,,,,,,,,,,,,,,
,,,,,,,,,,,,,,,,,,,,,,0,,,,,,,,,,,,,,,,,,,,,,,,,,,,,,,,,,
,,,,,,,,,,,,,,,,,,,,,,0,,,,,,,,,,,,,,,,,,,,,,,,,,,,,,,,,,
,,,,,,,,,,,,,,,,,,,,,,0,,,,,,,,,,,,,,,,,,,,,,,,,,,,,,,,,,
,,,,,,,,,,,,,,,,,,,,,,0,,,,,,,,,,,,,,,,,,,,,,,,,,,,,,,,,,
,,,,,,,,,,,,,,,,,,,,,,0,,,,,,,,,,,,,,,,,,,,,,,,,,,,,,,,,,
,,,,,,,,,,,,,,,,,,,,,,0,,,,,,,,,,,,,,,,,,,,,,,,,,,,,,,,,,
,,,,,,,,,,,,,,,,,,,,,,0,,,,,,,,,,,,,,,,,,,,,,,,,,,,,,,,,,
,,,,,,,,,,,,,,,,,,,,,,0,,,,,,,,,,,,,,,,,,,,,,,,,,,,,,,,,,
,,,,,,,,,,,,,,,,,,,,,,0,,,,,,,,,,,,,,,,,,,,,,,,,,,,,,,,,,
,,,,,,,,,,,,,,,,,,,,,,0,,,,,,,,,,,,,,,,,,,,,,,,,,,,,,,,,,
,,,,,,,,,,,,,,,,,,,,,,0,,,,,,,,,,,,,,,,,,,,,,,,,,,,,,,,,,
,,,,,,,,,,,,,,,,,,,,,,0,,,,,,,,,,,,,,,,,,,,,,,,,,,,,,,,,,
,,,,,,,,,,,,,,,,,,,,,,0,,,,,,,,,,,,,,,,,,,,,,,,,,,,,,,,,,
,,,,,,,,,,,,,,,,,,,,,,0,,,,,,,,,,,,,,,,,,,,,,,,,,,,,,,,,,
,,,,,,,,,,,,,,,,,,,,,,0,,,,,,,,,,,,,,,,,,,,,,,,,,,,,,,,,,
,,,,,,,,,,,,,,,,,,,,,,0,,,,,,,,,,,,,,,,,,,,,,,,,,,,,,,,,,
,,,,,,,,,,,,,,,,,,,,,,0,,,,,,,,,,,,,,,,,,,,,,,,,,,,,,,,,,
,,,,,,,,,,,,,,,,,,,,,,0,,,,,,,,,,,,,,,,,,,,,,,,,,,,,,,,,,
,,,,,,,,,,,,,,,,,,,,,,0,,,,,,,,,,,,,,,,,,,,,,,,,,,,,,,,,,
,,,,,,,,,,,,,,,,,,,,,,0,,,,,,,,,,,,,,,,,,,,,,,,,,,,,,,,,,
,,,,,,,,,,,,,,,,,,,,,,0,,,,,,,,,,,,,,,,,,,,,,,,,,,,,,,,,,
,,,,,,,,,,,,,,,,,,,,,,0,,,,,,,,,,,,,,,,,,,,,,,,,,,,,,,,,,
,,,,,,,,,,,,,,,,,,,,,,0,,,,,,,,,,,,,,,,,,,,,,,,,,,,,,,,,,
,,,,,,,,,,,,,,,,,,,,,,0,,,,,,,,,,,,,,,,,,,,,,,,,,,,,,,,,,
,,,,,,,,,,,,,,,,,,,,,,0,,,,,,,,,,,,,,,,,,,,,,,,,,,,,,,,,,
,,,,,,,,,,,,,,,,,,,,,,0,,,,,,,,,,,,,,,,,,,,,,,,,,,,,,,,,,
,,,,,,,,,,,,,,,,,,,,,,0,,,,,,,,,,,,,,,,,,,,,,,,,,,,,,,,,,
,,,,,,,,,,,,,,,,,,,,,,0,,,,,,,,,,,,,,,,,,,,,,,,,,,,,,,,,,
,,,,,,,,,,,,,,,,,,,,,,0,,,,,,,,,,,,,,,,,,,,,,,,,,,,,,,,,,
,,,,,,,,,,,,,,,,,,,,,,0,,,,,,,,,,,,,,,,,,,,,,,,,,,,,,,,,,
,,,,,,,,,,,,,,,,,,,,,,0,,,,,,,,,,,,,,,,,,,,,,,,,,,,,,,,,,
,,,,,,,,,,,,,,,,,,,,,,0,,,,,,,,,,,,,,,,,,,,,,,,,,,,,,,,,,
,,,,,,,,,,,,,,,,,,,,,,0,,,,,,,,,,,,,,,,,,,,,,,,,,,,,,,,,,
,,,,,,,,,,,,,,,,,,,,,,0,,,,,,,,,,,,,,,,,,,,,,,,,,,,,,,,,,
,,,,,,,,,,,,,,,,,,,,,,0,,,,,,,,,,,,,,,,,,,,,,,,,,,,,,,,,,
,,,,,,,,,,,,,,,,,,,,,,0,,,,,,,,,,,,,,,,,,,,,,,,,,,,,,,,,,
,,,,,,,,,,,,,,,,,,,,,,0,,,,,,,,,,,,,,,,,,,,,,,,,,,,,,,,,,
,,,,,,,,,,,,,,,,,,,,,,0,,,,,,,,,,,,,,,,,,,,,,,,,,,,,,,,,,
,,,,,,,,,,,,,,,,,,,,,,0,,,,,,,,,,,,,,,,,,,,,,,,,,,,,,,,,,
,,,,,,,,,,,,,,,,,,,,,,0,,,,,,,,,,,,,,,,,,,,,,,,,,,,,,,,,,
,,,,,,,,,,,,,,,,,,,,,,0,,,,,,,,,,,,,,,,,,,,,,,,,,,,,,,,,,
,,,,,,,,,,,,,,,,,,,,,,0,,,,,,,,,,,,,,,,,,,,,,,,,,,,,,,,,,
,,,,,,,,,,,,,,,,,,,,,,0,,,,,,,,,,,,,,,,,,,,,,,,,,,,,,,,,,
,,,,,,,,,,,,,,,,,,,,,,0,,,,,,,,,,,,,,,,,,,,,,,,,,,,,,,,,,
,,,,,,,,,,,,,,,,,,,,,,0,,,,,,,,,,,,,,,,,,,,,,,,,,,,,,,,,,
,,,,,,,,,,,,,,,,,,,,,,0,,,,,,,,,,,,,,,,,,,,,,,,,,,,,,,,,,
,,,,,,,,,,,,,,,,,,,,,,0,,,,,,,,,,,,,,,,,,,,,,,,,,,,,,,,,,
,,,,,,,,,,,,,,,,,,,,,,0,,,,,,,,,,,,,,,,,,,,,,,,,,,,,,,,,,
,,,,,,,,,,,,,,,,,,,,,,0,,,,,,,,,,,,,,,,,,,,,,,,,,,,,,,,,,
,,,,,,,,,,,,,,,,,,,,,,0,,,,,,,,,,,,,,,,,,,,,,,,,,,,,,,,,,
,,,,,,,,,,,,,,,,,,,,,,0,,,,,,,,,,,,,,,,,,,,,,,,,,,,,,,,,,
,,,,,,,,,,,,,,,,,,,,,,0,,,,,,,,,,,,,,,,,,,,,,,,,,,,,,,,,,
,,,,,,,,,,,,,,,,,,,,,,0,,,,,,,,,,,,,,,,,,,,,,,,,,,,,,,,,,
,,,,,,,,,,,,,,,,,,,,,,0,,,,,,,,,,,,,,,,,,,,,,,,,,,,,,,,,,
,,,,,,,,,,,,,,,,,,,,,,0,,,,,,,,,,,,,,,,,,,,,,,,,,,,,,,,,,
,,,,,,,,,,,,,,,,,,,,,,0,,,,,,,,,,,,,,,,,,,,,,,,,,,,,,,,,,
,,,,,,,,,,,,,,,,,,,,,,0,,,,,,,,,,,,,,,,,,,,,,,,,,,,,,,,,,
,,,,,,,,,,,,,,,,,,,,,,0,,,,,,,,,,,,,,,,,,,,,,,,,,,,,,,,,,
,,,,,,,,,,,,,,,,,,,,,,0,,,,,,,,,,,,,,,,,,,,,,,,,,,,,,,,,,
,,,,,,,,,,,,,,,,,,,,,,0,,,,,,,,,,,,,,,,,,,,,,,,,,,,,,,,,,
,,,,,,,,,,,,,,,,,,,,,,0,,,,,,,,,,,,,,,,,,,,,,,,,,,,,,,,,,
,,,,,,,,,,,,,,,,,,,,,,0,,,,,,,,,,,,,,,,,,,,,,,,,,,,,,,,,,
,,,,,,,,,,,,,,,,,,,,,,0,,,,,,,,,,,,,,,,,,,,,,,,,,,,,,,,,,
,,,,,,,,,,,,,,,,,,,,,,0,,,,,,,,,,,,,,,,,,,,,,,,,,,,,,,,,,
,,,,,,,,,,,,,,,,,,,,,,0,,,,,,,,,,,,,,,,,,,,,,,,,,,,,,,,,,
,,,,,,,,,,,,,,,,,,,,,,0,,,,,,,,,,,,,,,,,,,,,,,,,,,,,,,,,,
,,,,,,,,,,,,,,,,,,,,,,0,,,,,,,,,,,,,,,,,,,,,,,,,,,,,,,,,,
,,,,,,,,,,,,,,,,,,,,,,0,,,,,,,,,,,,,,,,,,,,,,,,,,,,,,,,,,
,,,,,,,,,,,,,,,,,,,,,,0,,,,,,,,,,,,,,,,,,,,,,,,,,,,,,,,,,
,,,,,,,,,,,,,,,,,,,,,,0,,,,,,,,,,,,,,,,,,,,,,,,,,,,,,,,,,
,,,,,,,,,,,,,,,,,,,,,,0,,,,,,,,,,,,,,,,,,,,,,,,,,,,,,,,,,
,,,,,,,,,,,,,,,,,,,,,,0,,,,,,,,,,,,,,,,,,,,,,,,,,,,,,,,,,
,,,,,,,,,,,,,,,,,,,,,,0,,,,,,,,,,,,,,,,,,,,,,,,,,,,,,,,,,
,,,,,,,,,,,,,,,,,,,,,,0,,,,,,,,,,,,,,,,,,,,,,,,,,,,,,,,,,
,,,,,,,,,,,,,,,,,,,,,,0,,,,,,,,,,,,,,,,,,,,,,,,,,,,,,,,,,
,,,,,,,,,,,,,,,,,,,,,,0,,,,,,,,,,,,,,,,,,,,,,,,,,,,,,,,,,
,,,,,,,,,,,,,,,,,,,,,,0,,,,,,,,,,,,,,,,,,,,,,,,,,,,,,,,,,
,,,,,,,,,,,,,,,,,,,,,,0,,,,,,,,,,,,,,,,,,,,,,,,,,,,,,,,,,
,,,,,,,,,,,,,,,,,,,,,,0,,,,,,,,,,,,,,,,,,,,,,,,,,,,,,,,,,
,,,,,,,,,,,,,,,,,,,,,,0,,,,,,,,,,,,,,,,,,,,,,,,,,,,,,,,,,
,,,,,,,,,,,,,,,,,,,,,,0,,,,,,,,,,,,,,,,,,,,,,,,,,,,,,,,,,
,,,,,,,,,,,,,,,,,,,,,,0,,,,,,,,,,,,,,,,,,,,,,,,,,,,,,,,,,
,,,,,,,,,,,,,,,,,,,,,,0,,,,,,,,,,,,,,,,,,,,,,,,,,,,,,,,,,
,,,,,,,,,,,,,,,,,,,,,,0,,,,,,,,,,,,,,,,,,,,,,,,,,,,,,,,,,
,,,,,,,,,,,,,,,,,,,,,,0,,,,,,,,,,,,,,,,,,,,,,,,,,,,,,,,,,
,,,,,,,,,,,,,,,,,,,,,,0,,,,,,,,,,,,,,,,,,,,,,,,,,,,,,,,,,
,,,,,,,,,,,,,,,,,,,,,,0,,,,,,,,,,,,,,,,,,,,,,,,,,,,,,,,,,
,,,,,,,,,,,,,,,,,,,,,,0,,,,,,,,,,,,,,,,,,,,,,,,,,,,,,,,,,
,,,,,,,,,,,,,,,,,,,,,,0,,,,,,,,,,,,,,,,,,,,,,,,,,,,,,,,,,
,,,,,,,,,,,,,,,,,,,,,,0,,,,,,,,,,,,,,,,,,,,,,,,,,,,,,,,,,
,,,,,,,,,,,,,,,,,,,,,,0,,,,,,,,,,,,,,,,,,,,,,,,,,,,,,,,,,
,,,,,,,,,,,,,,,,,,,,,,0,,,,,,,,,,,,,,,,,,,,,,,,,,,,,,,,,,
,,,,,,,,,,,,,,,,,,,,,,0,,,,,,,,,,,,,,,,,,,,,,,,,,,,,,,,,,
,,,,,,,,,,,,,,,,,,,,,,0,,,,,,,,,,,,,,,,,,,,,,,,,,,,,,,,,,
,,,,,,,,,,,,,,,,,,,,,,0,,,,,,,,,,,,,,,,,,,,,,,,,,,,,,,,,,
,,,,,,,,,,,,,,,,,,,,,,0,,,,,,,,,,,,,,,,,,,,,,,,,,,,,,,,,,
,,,,,,,,,,,,,,,,,,,,,,0,,,,,,,,,,,,,,,,,,,,,,,,,,,,,,,,,,
,,,,,,,,,,,,,,,,,,,,,,0,,,,,,,,,,,,,,,,,,,,,,,,,,,,,,,,,,
,,,,,,,,,,,,,,,,,,,,,,0,,,,,,,,,,,,,,,,,,,,,,,,,,,,,,,,,,
,,,,,,,,,,,,,,,,,,,,,,0,,,,,,,,,,,,,,,,,,,,,,,,,,,,,,,,,,
,,,,,,,,,,,,,,,,,,,,,,0,,,,,,,,,,,,,,,,,,,,,,,,,,,,,,,,,,
,,,,,,,,,,,,,,,,,,,,,,0,,,,,,,,,,,,,,,,,,,,,,,,,,,,,,,,,,
,,,,,,,,,,,,,,,,,,,,,,0,,,,,,,,,,,,,,,,,,,,,,,,,,,,,,,,,,
,,,,,,,,,,,,,,,,,,,,,,0,,,,,,,,,,,,,,,,,,,,,,,,,,,,,,,,,,
,,,,,,,,,,,,,,,,,,,,,,0,,,,,,,,,,,,,,,,,,,,,,,,,,,,,,,,,,
,,,,,,,,,,,,,,,,,,,,,,0,,,,,,,,,,,,,,,,,,,,,,,,,,,,,,,,,,
,,,,,,,,,,,,,,,,,,,,,,0,,,,,,,,,,,,,,,,,,,,,,,,,,,,,,,,,,
,,,,,,,,,,,,,,,,,,,,,,0,,,,,,,,,,,,,,,,,,,,,,,,,,,,,,,,,,
,,,,,,,,,,,,,,,,,,,,,,0,,,,,,,,,,,,,,,,,,,,,,,,,,,,,,,,,,
,,,,,,,,,,,,,,,,,,,,,,0,,,,,,,,,,,,,,,,,,,,,,,,,,,,,,,,,,
,,,,,,,,,,,,,,,,,,,,,,0,,,,,,,,,,,,,,,,,,,,,,,,,,,,,,,,,,
,,,,,,,,,,,,,,,,,,,,,,0,,,,,,,,,,,,,,,,,,,,,,,,,,,,,,,,,,
,,,,,,,,,,,,,,,,,,,,,,0,,,,,,,,,,,,,,,,,,,,,,,,,,,,,,,,,,
,,,,,,,,,,,,,,,,,,,,,,0,,,,,,,,,,,,,,,,,,,,,,,,,,,,,,,,,,
,,,,,,,,,,,,,,,,,,,,,,0,,,,,,,,,,,,,,,,,,,,,,,,,,,,,,,,,,
,,,,,,,,,,,,,,,,,,,,,,0,,,,,,,,,,,,,,,,,,,,,,,,,,,,,,,,,,
,,,,,,,,,,,,,,,,,,,,,,0,,,,,,,,,,,,,,,,,,,,,,,,,,,,,,,,,,
,,,,,,,,,,,,,,,,,,,,,,0,,,,,,,,,,,,,,,,,,,,,,,,,,,,,,,,,,
,,,,,,,,,,,,,,,,,,,,,,0,,,,,,,,,,,,,,,,,,,,,,,,,,,,,,,,,,
,,,,,,,,,,,,,,,,,,,,,,0,,,,,,,,,,,,,,,,,,,,,,,,,,,,,,,,,,
,,,,,,,,,,,,,,,,,,,,,,0,,,,,,,,,,,,,,,,,,,,,,,,,,,,,,,,,,
,,,,,,,,,,,,,,,,,,,,,,0,,,,,,,,,,,,,,,,,,,,,,,,,,,,,,,,,,
,,,,,,,,,,,,,,,,,,,,,,0,,,,,,,,,,,,,,,,,,,,,,,,,,,,,,,,,,
,,,,,,,,,,,,,,,,,,,,,,0,,,,,,,,,,,,,,,,,,,,,,,,,,,,,,,,,,
,,,,,,,,,,,,,,,,,,,,,,0,,,,,,,,,,,,,,,,,,,,,,,,,,,,,,,,,,
,,,,,,,,,,,,,,,,,,,,,,0,,,,,,,,,,,,,,,,,,,,,,,,,,,,,,,,,,
,,,,,,,,,,,,,,,,,,,,,,0,,,,,,,,,,,,,,,,,,,,,,,,,,,,,,,,,,
,,,,,,,,,,,,,,,,,,,,,,0,,,,,,,,,,,,,,,,,,,,,,,,,,,,,,,,,,
,,,,,,,,,,,,,,,,,,,,,,0,,,,,,,,,,,,,,,,,,,,,,,,,,,,,,,,,,
,,,,,,,,,,,,,,,,,,,,,,0,,,,,,,,,,,,,,,,,,,,,,,,,,,,,,,,,,
,,,,,,,,,,,,,,,,,,,,,,0,,,,,,,,,,,,,,,,,,,,,,,,,,,,,,,,,,
,,,,,,,,,,,,,,,,,,,,,,0,,,,,,,,,,,,,,,,,,,,,,,,,,,,,,,,,,
,,,,,,,,,,,,,,,,,,,,,,0,,,,,,,,,,,,,,,,,,,,,,,,,,,,,,,,,,
,,,,,,,,,,,,,,,,,,,,,,0,,,,,,,,,,,,,,,,,,,,,,,,,,,,,,,,,,
,,,,,,,,,,,,,,,,,,,,,,0,,,,,,,,,,,,,,,,,,,,,,,,,,,,,,,,,,
,,,,,,,,,,,,,,,,,,,,,,0,,,,,,,,,,,,,,,,,,,,,,,,,,,,,,,,,,
,,,,,,,,,,,,,,,,,,,,,,0,,,,,,,,,,,,,,,,,,,,,,,,,,,,,,,,,,
,,,,,,,,,,,,,,,,,,,,,,0,,,,,,,,,,,,,,,,,,,,,,,,,,,,,,,,,,
,,,,,,,,,,,,,,,,,,,,,,0,,,,,,,,,,,,,,,,,,,,,,,,,,,,,,,,,,
,,,,,,,,,,,,,,,,,,,,,,0,,,,,,,,,,,,,,,,,,,,,,,,,,,,,,,,,,
,,,,,,,,,,,,,,,,,,,,,,0,,,,,,,,,,,,,,,,,,,,,,,,,,,,,,,,,,
,,,,,,,,,,,,,,,,,,,,,,0,,,,,,,,,,,,,,,,,,,,,,,,,,,,,,,,,,
,,,,,,,,,,,,,,,,,,,,,,0,,,,,,,,,,,,,,,,,,,,,,,,,,,,,,,,,,
,,,,,,,,,,,,,,,,,,,,,,0,,,,,,,,,,,,,,,,,,,,,,,,,,,,,,,,,,
,,,,,,,,,,,,,,,,,,,,,,0,,,,,,,,,,,,,,,,,,,,,,,,,,,,,,,,,,
,,,,,,,,,,,,,,,,,,,,,,0,,,,,,,,,,,,,,,,,,,,,,,,,,,,,,,,,,
,,,,,,,,,,,,,,,,,,,,,,0,,,,,,,,,,,,,,,,,,,,,,,,,,,,,,,,,,
,,,,,,,,,,,,,,,,,,,,,,0,,,,,,,,,,,,,,,,,,,,,,,,,,,,,,,,,,
,,,,,,,,,,,,,,,,,,,,,,0,,,,,,,,,,,,,,,,,,,,,,,,,,,,,,,,,,
,,,,,,,,,,,,,,,,,,,,,,0,,,,,,,,,,,,,,,,,,,,,,,,,,,,,,,,,,
,,,,,,,,,,,,,,,,,,,,,,0,,,,,,,,,,,,,,,,,,,,,,,,,,,,,,,,,,
,,,,,,,,,,,,,,,,,,,,,,0,,,,,,,,,,,,,,,,,,,,,,,,,,,,,,,,,,
,,,,,,,,,,,,,,,,,,,,,,0,,,,,,,,,,,,,,,,,,,,,,,,,,,,,,,,,,
,,,,,,,,,,,,,,,,,,,,,,0,,,,,,,,,,,,,,,,,,,,,,,,,,,,,,,,,,
,,,,,,,,,,,,,,,,,,,,,,0,,,,,,,,,,,,,,,,,,,,,,,,,,,,,,,,,,
,,,,,,,,,,,,,,,,,,,,,,0,,,,,,,,,,,,,,,,,,,,,,,,,,,,,,,,,,
,,,,,,,,,,,,,,,,,,,,,,0,,,,,,,,,,,,,,,,,,,,,,,,,,,,,,,,,,
,,,,,,,,,,,,,,,,,,,,,,0,,,,,,,,,,,,,,,,,,,,,,,,,,,,,,,,,,
,,,,,,,,,,,,,,,,,,,,,,0,,,,,,,,,,,,,,,,,,,,,,,,,,,,,,,,,,
,,,,,,,,,,,,,,,,,,,,,,0,,,,,,,,,,,,,,,,,,,,,,,,,,,,,,,,,,
,,,,,,,,,,,,,,,,,,,,,,0,,,,,,,,,,,,,,,,,,,,,,,,,,,,,,,,,,
,,,,,,,,,,,,,,,,,,,,,,0,,,,,,,,,,,,,,,,,,,,,,,,,,,,,,,,,,
,,,,,,,,,,,,,,,,,,,,,,0,,,,,,,,,,,,,,,,,,,,,,,,,,,,,,,,,,
,,,,,,,,,,,,,,,,,,,,,,0,,,,,,,,,,,,,,,,,,,,,,,,,,,,,,,,,,
,,,,,,,,,,,,,,,,,,,,,,0,,,,,,,,,,,,,,,,,,,,,,,,,,,,,,,,,,
,,,,,,,,,,,,,,,,,,,,,,0,,,,,,,,,,,,,,,,,,,,,,,,,,,,,,,,,,
,,,,,,,,,,,,,,,,,,,,,,0,,,,,,,,,,,,,,,,,,,,,,,,,,,,,,,,,,
,,,,,,,,,,,,,,,,,,,,,,0,,,,,,,,,,,,,,,,,,,,,,,,,,,,,,,,,,
,,,,,,,,,,,,,,,,,,,,,,0,,,,,,,,,,,,,,,,,,,,,,,,,,,,,,,,,,
,,,,,,,,,,,,,,,,,,,,,,0,,,,,,,,,,,,,,,,,,,,,,,,,,,,,,,,,,
,,,,,,,,,,,,,,,,,,,,,,0,,,,,,,,,,,,,,,,,,,,,,,,,,,,,,,,,,
,,,,,,,,,,,,,,,,,,,,,,0,,,,,,,,,,,,,,,,,,,,,,,,,,,,,,,,,,
,,,,,,,,,,,,,,,,,,,,,,0,,,,,,,,,,,,,,,,,,,,,,,,,,,,,,,,,,
,,,,,,,,,,,,,,,,,,,,,,0,,,,,,,,,,,,,,,,,,,,,,,,,,,,,,,,,,
,,,,,,,,,,,,,,,,,,,,,,0,,,,,,,,,,,,,,,,,,,,,,,,,,,,,,,,,,
,,,,,,,,,,,,,,,,,,,,,,0,,,,,,,,,,,,,,,,,,,,,,,,,,,,,,,,,,
,,,,,,,,,,,,,,,,,,,,,,0,,,,,,,,,,,,,,,,,,,,,,,,,,,,,,,,,,
,,,,,,,,,,,,,,,,,,,,,,0,,,,,,,,,,,,,,,,,,,,,,,,,,,,,,,,,,
,,,,,,,,,,,,,,,,,,,,,,0,,,,,,,,,,,,,,,,,,,,,,,,,,,,,,,,,,
,,,,,,,,,,,,,,,,,,,,,,0,,,,,,,,,,,,,,,,,,,,,,,,,,,,,,,,,,
,,,,,,,,,,,,,,,,,,,,,,0,,,,,,,,,,,,,,,,,,,,,,,,,,,,,,,,,,
,,,,,,,,,,,,,,,,,,,,,,0,,,,,,,,,,,,,,,,,,,,,,,,,,,,,,,,,,
,,,,,,,,,,,,,,,,,,,,,,0,,,,,,,,,,,,,,,,,,,,,,,,,,,,,,,,,,
,,,,,,,,,,,,,,,,,,,,,,0,,,,,,,,,,,,,,,,,,,,,,,,,,,,,,,,,,
,,,,,,,,,,,,,,,,,,,,,,0,,,,,,,,,,,,,,,,,,,,,,,,,,,,,,,,,,
,,,,,,,,,,,,,,,,,,,,,,0,,,,,,,,,,,,,,,,,,,,,,,,,,,,,,,,,,
,,,,,,,,,,,,,,,,,,,,,,0,,,,,,,,,,,,,,,,,,,,,,,,,,,,,,,,,,
,,,,,,,,,,,,,,,,,,,,,,0,,,,,,,,,,,,,,,,,,,,,,,,,,,,,,,,,,
,,,,,,,,,,,,,,,,,,,,,,0,,,,,,,,,,,,,,,,,,,,,,,,,,,,,,,,,,
,,,,,,,,,,,,,,,,,,,,,,0,,,,,,,,,,,,,,,,,,,,,,,,,,,,,,,,,,
,,,,,,,,,,,,,,,,,,,,,,0,,,,,,,,,,,,,,,,,,,,,,,,,,,,,,,,,,
,,,,,,,,,,,,,,,,,,,,,,0,,,,,,,,,,,,,,,,,,,,,,,,,,,,,,,,,,
,,,,,,,,,,,,,,,,,,,,,,0,,,,,,,,,,,,,,,,,,,,,,,,,,,,,,,,,,
,,,,,,,,,,,,,,,,,,,,,,0,,,,,,,,,,,,,,,,,,,,,,,,,,,,,,,,,,
,,,,,,,,,,,,,,,,,,,,,,0,,,,,,,,,,,,,,,,,,,,,,,,,,,,,,,,,,
,,,,,,,,,,,,,,,,,,,,,,0,,,,,,,,,,,,,,,,,,,,,,,,,,,,,,,,,,
,,,,,,,,,,,,,,,,,,,,,,0,,,,,,,,,,,,,,,,,,,,,,,,,,,,,,,,,,
,,,,,,,,,,,,,,,,,,,,,,0,,,,,,,,,,,,,,,,,,,,,,,,,,,,,,,,,,
,,,,,,,,,,,,,,,,,,,,,,0,,,,,,,,,,,,,,,,,,,,,,,,,,,,,,,,,,
,,,,,,,,,,,,,,,,,,,,,,0,,,,,,,,,,,,,,,,,,,,,,,,,,,,,,,,,,
,,,,,,,,,,,,,,,,,,,,,,0,,,,,,,,,,,,,,,,,,,,,,,,,,,,,,,,,,
,,,,,,,,,,,,,,,,,,,,,,0,,,,,,,,,,,,,,,,,,,,,,,,,,,,,,,,,,
,,,,,,,,,,,,,,,,,,,,,,0,,,,,,,,,,,,,,,,,,,,,,,,,,,,,,,,,,
,,,,,,,,,,,,,,,,,,,,,,0,,,,,,,,,,,,,,,,,,,,,,,,,,,,,,,,,,
,,,,,,,,,,,,,,,,,,,,,,0,,,,,,,,,,,,,,,,,,,,,,,,,,,,,,,,,,
,,,,,,,,,,,,,,,,,,,,,,0,,,,,,,,,,,,,,,,,,,,,,,,,,,,,,,,,,
,,,,,,,,,,,,,,,,,,,,,,0,,,,,,,,,,,,,,,,,,,,,,,,,,,,,,,,,,
,,,,,,,,,,,,,,,,,,,,,,0,,,,,,,,,,,,,,,,,,,,,,,,,,,,,,,,,,
,,,,,,,,,,,,,,,,,,,,,,0,,,,,,,,,,,,,,,,,,,,,,,,,,,,,,,,,,
,,,,,,,,,,,,,,,,,,,,,,0,,,,,,,,,,,,,,,,,,,,,,,,,,,,,,,,,,
,,,,,,,,,,,,,,,,,,,,,,0,,,,,,,,,,,,,,,,,,,,,,,,,,,,,,,,,,
,,,,,,,,,,,,,,,,,,,,,,0,,,,,,,,,,,,,,,,,,,,,,,,,,,,,,,,,,
,,,,,,,,,,,,,,,,,,,,,,0,,,,,,,,,,,,,,,,,,,,,,,,,,,,,,,,,,
,,,,,,,,,,,,,,,,,,,,,,0,,,,,,,,,,,,,,,,,,,,,,,,,,,,,,,,,,
,,,,,,,,,,,,,,,,,,,,,,0,,,,,,,,,,,,,,,,,,,,,,,,,,,,,,,,,,
,,,,,,,,,,,,,,,,,,,,,,0,,,,,,,,,,,,,,,,,,,,,,,,,,,,,,,,,,
,,,,,,,,,,,,,,,,,,,,,,0,,,,,,,,,,,,,,,,,,,,,,,,,,,,,,,,,,
,,,,,,,,,,,,,,,,,,,,,,0,,,,,,,,,,,,,,,,,,,,,,,,,,,,,,,,,,
,,,,,,,,,,,,,,,,,,,,,,0,,,,,,,,,,,,,,,,,,,,,,,,,,,,,,,,,,
,,,,,,,,,,,,,,,,,,,,,,0,,,,,,,,,,,,,,,,,,,,,,,,,,,,,,,,,,
,,,,,,,,,,,,,,,,,,,,,,0,,,,,,,,,,,,,,,,,,,,,,,,,,,,,,,,,,
,,,,,,,,,,,,,,,,,,,,,,0,,,,,,,,,,,,,,,,,,,,,,,,,,,,,,,,,,
,,,,,,,,,,,,,,,,,,,,,,0,,,,,,,,,,,,,,,,,,,,,,,,,,,,,,,,,,
,,,,,,,,,,,,,,,,,,,,,,0,,,,,,,,,,,,,,,,,,,,,,,,,,,,,,,,,,
,,,,,,,,,,,,,,,,,,,,,,0,,,,,,,,,,,,,,,,,,,,,,,,,,,,,,,,,,
,,,,,,,,,,,,,,,,,,,,,,0,,,,,,,,,,,,,,,,,,,,,,,,,,,,,,,,,,
,,,,,,,,,,,,,,,,,,,,,,0,,,,,,,,,,,,,,,,,,,,,,,,,,,,,,,,,,
,,,,,,,,,,,,,,,,,,,,,,0,,,,,,,,,,,,,,,,,,,,,,,,,,,,,,,,,,
,,,,,,,,,,,,,,,,,,,,,,0,,,,,,,,,,,,,,,,,,,,,,,,,,,,,,,,,,
,,,,,,,,,,,,,,,,,,,,,,0,,,,,,,,,,,,,,,,,,,,,,,,,,,,,,,,,,
,,,,,,,,,,,,,,,,,,,,,,0,,,,,,,,,,,,,,,,,,,,,,,,,,,,,,,,,,
,,,,,,,,,,,,,,,,,,,,,,0,,,,,,,,,,,,,,,,,,,,,,,,,,,,,,,,,,
,,,,,,,,,,,,,,,,,,,,,,0,,,,,,,,,,,,,,,,,,,,,,,,,,,,,,,,,,
,,,,,,,,,,,,,,,,,,,,,,0,,,,,,,,,,,,,,,,,,,,,,,,,,,,,,,,,,
,,,,,,,,,,,,,,,,,,,,,,0,,,,,,,,,,,,,,,,,,,,,,,,,,,,,,,,,,
,,,,,,,,,,,,,,,,,,,,,,0,,,,,,,,,,,,,,,,,,,,,,,,,,,,,,,,,,
,,,,,,,,,,,,,,,,,,,,,,0,,,,,,,,,,,,,,,,,,,,,,,,,,,,,,,,,,
,,,,,,,,,,,,,,,,,,,,,,0,,,,,,,,,,,,,,,,,,,,,,,,,,,,,,,,,,
,,,,,,,,,,,,,,,,,,,,,,0,,,,,,,,,,,,,,,,,,,,,,,,,,,,,,,,,,
,,,,,,,,,,,,,,,,,,,,,,0,,,,,,,,,,,,,,,,,,,,,,,,,,,,,,,,,,
,,,,,,,,,,,,,,,,,,,,,,0,,,,,,,,,,,,,,,,,,,,,,,,,,,,,,,,,,
,,,,,,,,,,,,,,,,,,,,,,0,,,,,,,,,,,,,,,,,,,,,,,,,,,,,,,,,,
,,,,,,,,,,,,,,,,,,,,,,0,,,,,,,,,,,,,,,,,,,,,,,,,,,,,,,,,,
,,,,,,,,,,,,,,,,,,,,,,0,,,,,,,,,,,,,,,,,,,,,,,,,,,,,,,,,,
,,,,,,,,,,,,,,,,,,,,,,0,,,,,,,,,,,,,,,,,,,,,,,,,,,,,,,,,,
,,,,,,,,,,,,,,,,,,,,,,0,,,,,,,,,,,,,,,,,,,,,,,,,,,,,,,,,,
,,,,,,,,,,,,,,,,,,,,,,0,,,,,,,,,,,,,,,,,,,,,,,,,,,,,,,,,,
,,,,,,,,,,,,,,,,,,,,,,0,,,,,,,,,,,,,,,,,,,,,,,,,,,,,,,,,,
,,,,,,,,,,,,,,,,,,,,,,0,,,,,,,,,,,,,,,,,,,,,,,,,,,,,,,,,,
,,,,,,,,,,,,,,,,,,,,,,0,,,,,,,,,,,,,,,,,,,,,,,,,,,,,,,,,,
,,,,,,,,,,,,,,,,,,,,,,0,,,,,,,,,,,,,,,,,,,,,,,,,,,,,,,,,,
,,,,,,,,,,,,,,,,,,,,,,0,,,,,,,,,,,,,,,,,,,,,,,,,,,,,,,,,,
,,,,,,,,,,,,,,,,,,,,,,0,,,,,,,,,,,,,,,,,,,,,,,,,,,,,,,,,,
,,,,,,,,,,,,,,,,,,,,,,0,,,,,,,,,,,,,,,,,,,,,,,,,,,,,,,,,,
,,,,,,,,,,,,,,,,,,,,,,0,,,,,,,,,,,,,,,,,,,,,,,,,,,,,,,,,,
,,,,,,,,,,,,,,,,,,,,,,0,,,,,,,,,,,,,,,,,,,,,,,,,,,,,,,,,,
,,,,,,,,,,,,,,,,,,,,,,0,,,,,,,,,,,,,,,,,,,,,,,,,,,,,,,,,,
,,,,,,,,,,,,,,,,,,,,,,0,,,,,,,,,,,,,,,,,,,,,,,,,,,,,,,,,,
,,,,,,,,,,,,,,,,,,,,,,0,,,,,,,,,,,,,,,,,,,,,,,,,,,,,,,,,,
,,,,,,,,,,,,,,,,,,,,,,0,,,,,,,,,,,,,,,,,,,,,,,,,,,,,,,,,,
,,,,,,,,,,,,,,,,,,,,,,0,,,,,,,,,,,,,,,,,,,,,,,,,,,,,,,,,,
,,,,,,,,,,,,,,,,,,,,,,0,,,,,,,,,,,,,,,,,,,,,,,,,,,,,,,,,,
,,,,,,,,,,,,,,,,,,,,,,0,,,,,,,,,,,,,,,,,,,,,,,,,,,,,,,,,,
,,,,,,,,,,,,,,,,,,,,,,0,,,,,,,,,,,,,,,,,,,,,,,,,,,,,,,,,,
,,,,,,,,,,,,,,,,,,,,,,0,,,,,,,,,,,,,,,,,,,,,,,,,,,,,,,,,,
,,,,,,,,,,,,,,,,,,,,,,0,,,,,,,,,,,,,,,,,,,,,,,,,,,,,,,,,,
,,,,,,,,,,,,,,,,,,,,,,0,,,,,,,,,,,,,,,,,,,,,,,,,,,,,,,,,,
,,,,,,,,,,,,,,,,,,,,,,0,,,,,,,,,,,,,,,,,,,,,,,,,,,,,,,,,,
,,,,,,,,,,,,,,,,,,,,,,0,,,,,,,,,,,,,,,,,,,,,,,,,,,,,,,,,,
,,,,,,,,,,,,,,,,,,,,,,0,,,,,,,,,,,,,,,,,,,,,,,,,,,,,,,,,,
,,,,,,,,,,,,,,,,,,,,,,0,,,,,,,,,,,,,,,,,,,,,,,,,,,,,,,,,,
,,,,,,,,,,,,,,,,,,,,,,0,,,,,,,,,,,,,,,,,,,,,,,,,,,,,,,,,,
,,,,,,,,,,,,,,,,,,,,,,0,,,,,,,,,,,,,,,,,,,,,,,,,,,,,,,,,,
,,,,,,,,,,,,,,,,,,,,,,0,,,,,,,,,,,,,,,,,,,,,,,,,,,,,,,,,,
,,,,,,,,,,,,,,,,,,,,,,0,,,,,,,,,,,,,,,,,,,,,,,,,,,,,,,,,,
,,,,,,,,,,,,,,,,,,,,,,0,,,,,,,,,,,,,,,,,,,,,,,,,,,,,,,,,,
,,,,,,,,,,,,,,,,,,,,,,0,,,,,,,,,,,,,,,,,,,,,,,,,,,,,,,,,,
,,,,,,,,,,,,,,,,,,,,,,0,,,,,,,,,,,,,,,,,,,,,,,,,,,,,,,,,,
,,,,,,,,,,,,,,,,,,,,,,0,,,,,,,,,,,,,,,,,,,,,,,,,,,,,,,,,,
,,,,,,,,,,,,,,,,,,,,,,0,,,,,,,,,,,,,,,,,,,,,,,,,,,,,,,,,,
,,,,,,,,,,,,,,,,,,,,,,0,,,,,,,,,,,,,,,,,,,,,,,,,,,,,,,,,,
,,,,,,,,,,,,,,,,,,,,,,0,,,,,,,,,,,,,,,,,,,,,,,,,,,,,,,,,,
,,,,,,,,,,,,,,,,,,,,,,0,,,,,,,,,,,,,,,,,,,,,,,,,,,,,,,,,,
,,,,,,,,,,,,,,,,,,,,,,0,,,,,,,,,,,,,,,,,,,,,,,,,,,,,,,,,,
,,,,,,,,,,,,,,,,,,,,,,0,,,,,,,,,,,,,,,,,,,,,,,,,,,,,,,,,,
,,,,,,,,,,,,,,,,,,,,,,0,,,,,,,,,,,,,,,,,,,,,,,,,,,,,,,,,,
,,,,,,,,,,,,,,,,,,,,,,0,,,,,,,,,,,,,,,,,,,,,,,,,,,,,,,,,,
,,,,,,,,,,,,,,,,,,,,,,0,,,,,,,,,,,,,,,,,,,,,,,,,,,,,,,,,,
,,,,,,,,,,,,,,,,,,,,,,0,,,,,,,,,,,,,,,,,,,,,,,,,,,,,,,,,,
,,,,,,,,,,,,,,,,,,,,,,0,,,,,,,,,,,,,,,,,,,,,,,,,,,,,,,,,,
,,,,,,,,,,,,,,,,,,,,,,0,,,,,,,,,,,,,,,,,,,,,,,,,,,,,,,,,,
,,,,,,,,,,,,,,,,,,,,,,0,,,,,,,,,,,,,,,,,,,,,,,,,,,,,,,,,,
,,,,,,,,,,,,,,,,,,,,,,0,,,,,,,,,,,,,,,,,,,,,,,,,,,,,,,,,,
,,,,,,,,,,,,,,,,,,,,,,0,,,,,,,,,,,,,,,,,,,,,,,,,,,,,,,,,,
,,,,,,,,,,,,,,,,,,,,,,0,,,,,,,,,,,,,,,,,,,,,,,,,,,,,,,,,,
,,,,,,,,,,,,,,,,,,,,,,0,,,,,,,,,,,,,,,,,,,,,,,,,,,,,,,,,,
,,,,,,,,,,,,,,,,,,,,,,0,,,,,,,,,,,,,,,,,,,,,,,,,,,,,,,,,,
,,,,,,,,,,,,,,,,,,,,,,0,,,,,,,,,,,,,,,,,,,,,,,,,,,,,,,,,,
,,,,,,,,,,,,,,,,,,,,,,0,,,,,,,,,,,,,,,,,,,,,,,,,,,,,,,,,,
,,,,,,,,,,,,,,,,,,,,,,0,,,,,,,,,,,,,,,,,,,,,,,,,,,,,,,,,,
,,,,,,,,,,,,,,,,,,,,,,0,,,,,,,,,,,,,,,,,,,,,,,,,,,,,,,,,,
,,,,,,,,,,,,,,,,,,,,,,0,,,,,,,,,,,,,,,,,,,,,,,,,,,,,,,,,,
,,,,,,,,,,,,,,,,,,,,,,0,,,,,,,,,,,,,,,,,,,,,,,,,,,,,,,,,,
,,,,,,,,,,,,,,,,,,,,,,0,,,,,,,,,,,,,,,,,,,,,,,,,,,,,,,,,,
,,,,,,,,,,,,,,,,,,,,,,0,,,,,,,,,,,,,,,,,,,,,,,,,,,,,,,,,,
,,,,,,,,,,,,,,,,,,,,,,0,,,,,,,,,,,,,,,,,,,,,,,,,,,,,,,,,,
,,,,,,,,,,,,,,,,,,,,,,0,,,,,,,,,,,,,,,,,,,,,,,,,,,,,,,,,,
,,,,,,,,,,,,,,,,,,,,,,0,,,,,,,,,,,,,,,,,,,,,,,,,,,,,,,,,,
,,,,,,,,,,,,,,,,,,,,,,0,,,,,,,,,,,,,,,,,,,,,,,,,,,,,,,,,,
,,,,,,,,,,,,,,,,,,,,,,0,,,,,,,,,,,,,,,,,,,,,,,,,,,,,,,,,,
,,,,,,,,,,,,,,,,,,,,,,0,,,,,,,,,,,,,,,,,,,,,,,,,,,,,,,,,,
,,,,,,,,,,,,,,,,,,,,,,0,,,,,,,,,,,,,,,,,,,,,,,,,,,,,,,,,,
,,,,,,,,,,,,,,,,,,,,,,0,,,,,,,,,,,,,,,,,,,,,,,,,,,,,,,,,,
,,,,,,,,,,,,,,,,,,,,,,0,,,,,,,,,,,,,,,,,,,,,,,,,,,,,,,,,,
,,,,,,,,,,,,,,,,,,,,,,0,,,,,,,,,,,,,,,,,,,,,,,,,,,,,,,,,,
,,,,,,,,,,,,,,,,,,,,,,0,,,,,,,,,,,,,,,,,,,,,,,,,,,,,,,,,,
,,,,,,,,,,,,,,,,,,,,,,0,,,,,,,,,,,,,,,,,,,,,,,,,,,,,,,,,,
,,,,,,,,,,,,,,,,,,,,,,0,,,,,,,,,,,,,,,,,,,,,,,,,,,,,,,,,,
,,,,,,,,,,,,,,,,,,,,,,0,,,,,,,,,,,,,,,,,,,,,,,,,,,,,,,,,,
,,,,,,,,,,,,,,,,,,,,,,0,,,,,,,,,,,,,,,,,,,,,,,,,,,,,,,,,,
,,,,,,,,,,,,,,,,,,,,,,0,,,,,,,,,,,,,,,,,,,,,,,,,,,,,,,,,,
,,,,,,,,,,,,,,,,,,,,,,0,,,,,,,,,,,,,,,,,,,,,,,,,,,,,,,,,,
,,,,,,,,,,,,,,,,,,,,,,0,,,,,,,,,,,,,,,,,,,,,,,,,,,,,,,,,,
,,,,,,,,,,,,,,,,,,,,,,0,,,,,,,,,,,,,,,,,,,,,,,,,,,,,,,,,,
,,,,,,,,,,,,,,,,,,,,,,0,,,,,,,,,,,,,,,,,,,,,,,,,,,,,,,,,,
,,,,,,,,,,,,,,,,,,,,,,0,,,,,,,,,,,,,,,,,,,,,,,,,,,,,,,,,,
,,,,,,,,,,,,,,,,,,,,,,0,,,,,,,,,,,,,,,,,,,,,,,,,,,,,,,,,,
,,,,,,,,,,,,,,,,,,,,,,0,,,,,,,,,,,,,,,,,,,,,,,,,,,,,,,,,,
,,,,,,,,,,,,,,,,,,,,,,0,,,,,,,,,,,,,,,,,,,,,,,,,,,,,,,,,,
,,,,,,,,,,,,,,,,,,,,,,0,,,,,,,,,,,,,,,,,,,,,,,,,,,,,,,,,,
,,,,,,,,,,,,,,,,,,,,,,0,,,,,,,,,,,,,,,,,,,,,,,,,,,,,,,,,,
,,,,,,,,,,,,,,,,,,,,,,0,,,,,,,,,,,,,,,,,,,,,,,,,,,,,,,,,,
,,,,,,,,,,,,,,,,,,,,,,0,,,,,,,,,,,,,,,,,,,,,,,,,,,,,,,,,,
,,,,,,,,,,,,,,,,,,,,,,0,,,,,,,,,,,,,,,,,,,,,,,,,,,,,,,,,,
,,,,,,,,,,,,,,,,,,,,,,0,,,,,,,,,,,,,,,,,,,,,,,,,,,,,,,,,,
,,,,,,,,,,,,,,,,,,,,,,0,,,,,,,,,,,,,,,,,,,,,,,,,,,,,,,,,,
,,,,,,,,,,,,,,,,,,,,,,0,,,,,,,,,,,,,,,,,,,,,,,,,,,,,,,,,,
,,,,,,,,,,,,,,,,,,,,,,0,,,,,,,,,,,,,,,,,,,,,,,,,,,,,,,,,,
,,,,,,,,,,,,,,,,,,,,,,0,,,,,,,,,,,,,,,,,,,,,,,,,,,,,,,,,,
,,,,,,,,,,,,,,,,,,,,,,0,,,,,,,,,,,,,,,,,,,,,,,,,,,,,,,,,,
,,,,,,,,,,,,,,,,,,,,,,0,,,,,,,,,,,,,,,,,,,,,,,,,,,,,,,,,,
,,,,,,,,,,,,,,,,,,,,,,0,,,,,,,,,,,,,,,,,,,,,,,,,,,,,,,,,,
,,,,,,,,,,,,,,,,,,,,,,0,,,,,,,,,,,,,,,,,,,,,,,,,,,,,,,,,,
,,,,,,,,,,,,,,,,,,,,,,0,,,,,,,,,,,,,,,,,,,,,,,,,,,,,,,,,,
,,,,,,,,,,,,,,,,,,,,,,0,,,,,,,,,,,,,,,,,,,,,,,,,,,,,,,,,,
,,,,,,,,,,,,,,,,,,,,,,0,,,,,,,,,,,,,,,,,,,,,,,,,,,,,,,,,,
,,,,,,,,,,,,,,,,,,,,,,0,,,,,,,,,,,,,,,,,,,,,,,,,,,,,,,,,,
,,,,,,,,,,,,,,,,,,,,,,0,,,,,,,,,,,,,,,,,,,,,,,,,,,,,,,,,,
,,,,,,,,,,,,,,,,,,,,,,0,,,,,,,,,,,,,,,,,,,,,,,,,,,,,,,,,,
,,,,,,,,,,,,,,,,,,,,,,0,,,,,,,,,,,,,,,,,,,,,,,,,,,,,,,,,,
,,,,,,,,,,,,,,,,,,,,,,0,,,,,,,,,,,,,,,,,,,,,,,,,,,,,,,,,,
,,,,,,,,,,,,,,,,,,,,,,0,,,,,,,,,,,,,,,,,,,,,,,,,,,,,,,,,,
,,,,,,,,,,,,,,,,,,,,,,0,,,,,,,,,,,,,,,,,,,,,,,,,,,,,,,,,,
,,,,,,,,,,,,,,,,,,,,,,0,,,,,,,,,,,,,,,,,,,,,,,,,,,,,,,,,,
,,,,,,,,,,,,,,,,,,,,,,0,,,,,,,,,,,,,,,,,,,,,,,,,,,,,,,,,,
,,,,,,,,,,,,,,,,,,,,,,0,,,,,,,,,,,,,,,,,,,,,,,,,,,,,,,,,,
,,,,,,,,,,,,,,,,,,,,,,0,,,,,,,,,,,,,,,,,,,,,,,,,,,,,,,,,,
,,,,,,,,,,,,,,,,,,,,,,0,,,,,,,,,,,,,,,,,,,,,,,,,,,,,,,,,,
,,,,,,,,,,,,,,,,,,,,,,0,,,,,,,,,,,,,,,,,,,,,,,,,,,,,,,,,,
,,,,,,,,,,,,,,,,,,,,,,0,,,,,,,,,,,,,,,,,,,,,,,,,,,,,,,,,,
,,,,,,,,,,,,,,,,,,,,,,0,,,,,,,,,,,,,,,,,,,,,,,,,,,,,,,,,,
,,,,,,,,,,,,,,,,,,,,,,0,,,,,,,,,,,,,,,,,,,,,,,,,,,,,,,,,,
,,,,,,,,,,,,,,,,,,,,,,0,,,,,,,,,,,,,,,,,,,,,,,,,,,,,,,,,,
,,,,,,,,,,,,,,,,,,,,,,0,,,,,,,,,,,,,,,,,,,,,,,,,,,,,,,,,,
,,,,,,,,,,,,,,,,,,,,,,0,,,,,,,,,,,,,,,,,,,,,,,,,,,,,,,,,,
,,,,,,,,,,,,,,,,,,,,,,0,,,,,,,,,,,,,,,,,,,,,,,,,,,,,,,,,,
,,,,,,,,,,,,,,,,,,,,,,0,,,,,,,,,,,,,,,,,,,,,,,,,,,,,,,,,,
,,,,,,,,,,,,,,,,,,,,,,0,,,,,,,,,,,,,,,,,,,,,,,,,,,,,,,,,,
,,,,,,,,,,,,,,,,,,,,,,0,,,,,,,,,,,,,,,,,,,,,,,,,,,,,,,,,,
,,,,,,,,,,,,,,,,,,,,,,0,,,,,,,,,,,,,,,,,,,,,,,,,,,,,,,,,,
,,,,,,,,,,,,,,,,,,,,,,0,,,,,,,,,,,,,,,,,,,,,,,,,,,,,,,,,,
,,,,,,,,,,,,,,,,,,,,,,0,,,,,,,,,,,,,,,,,,,,,,,,,,,,,,,,,,
,,,,,,,,,,,,,,,,,,,,,,0,,,,,,,,,,,,,,,,,,,,,,,,,,,,,,,,,,
,,,,,,,,,,,,,,,,,,,,,,0,,,,,,,,,,,,,,,,,,,,,,,,,,,,,,,,,,
,,,,,,,,,,,,,,,,,,,,,,0,,,,,,,,,,,,,,,,,,,,,,,,,,,,,,,,,,
,,,,,,,,,,,,,,,,,,,,,,0,,,,,,,,,,,,,,,,,,,,,,,,,,,,,,,,,,
,,,,,,,,,,,,,,,,,,,,,,0,,,,,,,,,,,,,,,,,,,,,,,,,,,,,,,,,,
,,,,,,,,,,,,,,,,,,,,,,0,,,,,,,,,,,,,,,,,,,,,,,,,,,,,,,,,,
,,,,,,,,,,,,,,,,,,,,,,0,,,,,,,,,,,,,,,,,,,,,,,,,,,,,,,,,,
,,,,,,,,,,,,,,,,,,,,,,0,,,,,,,,,,,,,,,,,,,,,,,,,,,,,,,,,,
,,,,,,,,,,,,,,,,,,,,,,0,,,,,,,,,,,,,,,,,,,,,,,,,,,,,,,,,,
,,,,,,,,,,,,,,,,,,,,,,0,,,,,,,,,,,,,,,,,,,,,,,,,,,,,,,,,,
,,,,,,,,,,,,,,,,,,,,,,0,,,,,,,,,,,,,,,,,,,,,,,,,,,,,,,,,,
,,,,,,,,,,,,,,,,,,,,,,0,,,,,,,,,,,,,,,,,,,,,,,,,,,,,,,,,,
,,,,,,,,,,,,,,,,,,,,,,0,,,,,,,,,,,,,,,,,,,,,,,,,,,,,,,,,,
,,,,,,,,,,,,,,,,,,,,,,0,,,,,,,,,,,,,,,,,,,,,,,,,,,,,,,,,,
,,,,,,,,,,,,,,,,,,,,,,0,,,,,,,,,,,,,,,,,,,,,,,,,,,,,,,,,,
,,,,,,,,,,,,,,,,,,,,,,0,,,,,,,,,,,,,,,,,,,,,,,,,,,,,,,,,,
,,,,,,,,,,,,,,,,,,,,,,0,,,,,,,,,,,,,,,,,,,,,,,,,,,,,,,,,,
,,,,,,,,,,,,,,,,,,,,,,0,,,,,,,,,,,,,,,,,,,,,,,,,,,,,,,,,,
,,,,,,,,,,,,,,,,,,,,,,0,,,,,,,,,,,,,,,,,,,,,,,,,,,,,,,,,,
,,,,,,,,,,,,,,,,,,,,,,0,,,,,,,,,,,,,,,,,,,,,,,,,,,,,,,,,,
,,,,,,,,,,,,,,,,,,,,,,0,,,,,,,,,,,,,,,,,,,,,,,,,,,,,,,,,,
,,,,,,,,,,,,,,,,,,,,,,0,,,,,,,,,,,,,,,,,,,,,,,,,,,,,,,,,,
,,,,,,,,,,,,,,,,,,,,,,0,,,,,,,,,,,,,,,,,,,,,,,,,,,,,,,,,,
,,,,,,,,,,,,,,,,,,,,,,0,,,,,,,,,,,,,,,,,,,,,,,,,,,,,,,,,,
,,,,,,,,,,,,,,,,,,,,,,0,,,,,,,,,,,,,,,,,,,,,,,,,,,,,,,,,,
,,,,,,,,,,,,,,,,,,,,,,0,,,,,,,,,,,,,,,,,,,,,,,,,,,,,,,,,,
,,,,,,,,,,,,,,,,,,,,,,0,,,,,,,,,,,,,,,,,,,,,,,,,,,,,,,,,,
,,,,,,,,,,,,,,,,,,,,,,0,,,,,,,,,,,,,,,,,,,,,,,,,,,,,,,,,,
,,,,,,,,,,,,,,,,,,,,,,0,,,,,,,,,,,,,,,,,,,,,,,,,,,,,,,,,,
,,,,,,,,,,,,,,,,,,,,,,0,,,,,,,,,,,,,,,,,,,,,,,,,,,,,,,,,,
,,,,,,,,,,,,,,,,,,,,,,0,,,,,,,,,,,,,,,,,,,,,,,,,,,,,,,,,,
,,,,,,,,,,,,,,,,,,,,,,0,,,,,,,,,,,,,,,,,,,,,,,,,,,,,,,,,,
,,,,,,,,,,,,,,,,,,,,,,0,,,,,,,,,,,,,,,,,,,,,,,,,,,,,,,,,,
,,,,,,,,,,,,,,,,,,,,,,0,,,,,,,,,,,,,,,,,,,,,,,,,,,,,,,,,,
,,,,,,,,,,,,,,,,,,,,,,0,,,,,,,,,,,,,,,,,,,,,,,,,,,,,,,,,,
,,,,,,,,,,,,,,,,,,,,,,0,,,,,,,,,,,,,,,,,,,,,,,,,,,,,,,,,,
,,,,,,,,,,,,,,,,,,,,,,0,,,,,,,,,,,,,,,,,,,,,,,,,,,,,,,,,,
,,,,,,,,,,,,,,,,,,,,,,0,,,,,,,,,,,,,,,,,,,,,,,,,,,,,,,,,,
,,,,,,,,,,,,,,,,,,,,,,0,,,,,,,,,,,,,,,,,,,,,,,,,,,,,,,,,,
,,,,,,,,,,,,,,,,,,,,,,0,,,,,,,,,,,,,,,,,,,,,,,,,,,,,,,,,,
,,,,,,,,,,,,,,,,,,,,,,0,,,,,,,,,,,,,,,,,,,,,,,,,,,,,,,,,,
,,,,,,,,,,,,,,,,,,,,,,0,,,,,,,,,,,,,,,,,,,,,,,,,,,,,,,,,,
,,,,,,,,,,,,,,,,,,,,,,0,,,,,,,,,,,,,,,,,,,,,,,,,,,,,,,,,,
,,,,,,,,,,,,,,,,,,,,,,0,,,,,,,,,,,,,,,,,,,,,,,,,,,,,,,,,,
,,,,,,,,,,,,,,,,,,,,,,0,,,,,,,,,,,,,,,,,,,,,,,,,,,,,,,,,,
,,,,,,,,,,,,,,,,,,,,,,0,,,,,,,,,,,,,,,,,,,,,,,,,,,,,,,,,,
,,,,,,,,,,,,,,,,,,,,,,0,,,,,,,,,,,,,,,,,,,,,,,,,,,,,,,,,,
,,,,,,,,,,,,,,,,,,,,,,0,,,,,,,,,,,,,,,,,,,,,,,,,,,,,,,,,,
,,,,,,,,,,,,,,,,,,,,,,0,,,,,,,,,,,,,,,,,,,,,,,,,,,,,,,,,,
,,,,,,,,,,,,,,,,,,,,,,0,,,,,,,,,,,,,,,,,,,,,,,,,,,,,,,,,,
,,,,,,,,,,,,,,,,,,,,,,0,,,,,,,,,,,,,,,,,,,,,,,,,,,,,,,,,,
,,,,,,,,,,,,,,,,,,,,,,0,,,,,,,,,,,,,,,,,,,,,,,,,,,,,,,,,,
,,,,,,,,,,,,,,,,,,,,,,0,,,,,,,,,,,,,,,,,,,,,,,,,,,,,,,,,,
,,,,,,,,,,,,,,,,,,,,,,0,,,,,,,,,,,,,,,,,,,,,,,,,,,,,,,,,,
,,,,,,,,,,,,,,,,,,,,,,0,,,,,,,,,,,,,,,,,,,,,,,,,,,,,,,,,,
,,,,,,,,,,,,,,,,,,,,,,0,,,,,,,,,,,,,,,,,,,,,,,,,,,,,,,,,,
,,,,,,,,,,,,,,,,,,,,,,0,,,,,,,,,,,,,,,,,,,,,,,,,,,,,,,,,,
,,,,,,,,,,,,,,,,,,,,,,0,,,,,,,,,,,,,,,,,,,,,,,,,,,,,,,,,,
,,,,,,,,,,,,,,,,,,,,,,0,,,,,,,,,,,,,,,,,,,,,,,,,,,,,,,,,,
,,,,,,,,,,,,,,,,,,,,,,0,,,,,,,,,,,,,,,,,,,,,,,,,,,,,,,,,,
,,,,,,,,,,,,,,,,,,,,,,0,,,,,,,,,,,,,,,,,,,,,,,,,,,,,,,,,,
,,,,,,,,,,,,,,,,,,,,,,0,,,,,,,,,,,,,,,,,,,,,,,,,,,,,,,,,,
,,,,,,,,,,,,,,,,,,,,,,0,,,,,,,,,,,,,,,,,,,,,,,,,,,,,,,,,,
,,,,,,,,,,,,,,,,,,,,,,0,,,,,,,,,,,,,,,,,,,,,,,,,,,,,,,,,,
,,,,,,,,,,,,,,,,,,,,,,0,,,,,,,,,,,,,,,,,,,,,,,,,,,,,,,,,,
,,,,,,,,,,,,,,,,,,,,,,0,,,,,,,,,,,,,,,,,,,,,,,,,,,,,,,,,,
,,,,,,,,,,,,,,,,,,,,,,0,,,,,,,,,,,,,,,,,,,,,,,,,,,,,,,,,,
,,,,,,,,,,,,,,,,,,,,,,0,,,,,,,,,,,,,,,,,,,,,,,,,,,,,,,,,,
,,,,,,,,,,,,,,,,,,,,,,0,,,,,,,,,,,,,,,,,,,,,,,,,,,,,,,,,,
,,,,,,,,,,,,,,,,,,,,,,0,,,,,,,,,,,,,,,,,,,,,,,,,,,,,,,,,,
,,,,,,,,,,,,,,,,,,,,,,0,,,,,,,,,,,,,,,,,,,,,,,,,,,,,,,,,,
,,,,,,,,,,,,,,,,,,,,,,0,,,,,,,,,,,,,,,,,,,,,,,,,,,,,,,,,,
,,,,,,,,,,,,,,,,,,,,,,0,,,,,,,,,,,,,,,,,,,,,,,,,,,,,,,,,,
,,,,,,,,,,,,,,,,,,,,,,0,,,,,,,,,,,,,,,,,,,,,,,,,,,,,,,,,,
,,,,,,,,,,,,,,,,,,,,,,0,,,,,,,,,,,,,,,,,,,,,,,,,,,,,,,,,,
,,,,,,,,,,,,,,,,,,,,,,0,,,,,,,,,,,,,,,,,,,,,,,,,,,,,,,,,,
,,,,,,,,,,,,,,,,,,,,,,0,,,,,,,,,,,,,,,,,,,,,,,,,,,,,,,,,,
,,,,,,,,,,,,,,,,,,,,,,0,,,,,,,,,,,,,,,,,,,,,,,,,,,,,,,,,,
,,,,,,,,,,,,,,,,,,,,,,0,,,,,,,,,,,,,,,,,,,,,,,,,,,,,,,,,,
,,,,,,,,,,,,,,,,,,,,,,0,,,,,,,,,,,,,,,,,,,,,,,,,,,,,,,,,,
,,,,,,,,,,,,,,,,,,,,,,0,,,,,,,,,,,,,,,,,,,,,,,,,,,,,,,,,,
,,,,,,,,,,,,,,,,,,,,,,0,,,,,,,,,,,,,,,,,,,,,,,,,,,,,,,,,,
,,,,,,,,,,,,,,,,,,,,,,0,,,,,,,,,,,,,,,,,,,,,,,,,,,,,,,,,,
,,,,,,,,,,,,,,,,,,,,,,0,,,,,,,,,,,,,,,,,,,,,,,,,,,,,,,,,,
,,,,,,,,,,,,,,,,,,,,,,0,,,,,,,,,,,,,,,,,,,,,,,,,,,,,,,,,,
,,,,,,,,,,,,,,,,,,,,,,0,,,,,,,,,,,,,,,,,,,,,,,,,,,,,,,,,,
,,,,,,,,,,,,,,,,,,,,,,0,,,,,,,,,,,,,,,,,,,,,,,,,,,,,,,,,,
,,,,,,,,,,,,,,,,,,,,,,0,,,,,,,,,,,,,,,,,,,,,,,,,,,,,,,,,,
,,,,,,,,,,,,,,,,,,,,,,0,,,,,,,,,,,,,,,,,,,,,,,,,,,,,,,,,,
,,,,,,,,,,,,,,,,,,,,,,0,,,,,,,,,,,,,,,,,,,,,,,,,,,,,,,,,,
,,,,,,,,,,,,,,,,,,,,,,0,,,,,,,,,,,,,,,,,,,,,,,,,,,,,,,,,,
,,,,,,,,,,,,,,,,,,,,,,0,,,,,,,,,,,,,,,,,,,,,,,,,,,,,,,,,,
,,,,,,,,,,,,,,,,,,,,,,0,,,,,,,,,,,,,,,,,,,,,,,,,,,,,,,,,,
,,,,,,,,,,,,,,,,,,,,,,0,,,,,,,,,,,,,,,,,,,,,,,,,,,,,,,,,,
,,,,,,,,,,,,,,,,,,,,,,0,,,,,,,,,,,,,,,,,,,,,,,,,,,,,,,,,,
,,,,,,,,,,,,,,,,,,,,,,0,,,,,,,,,,,,,,,,,,,,,,,,,,,,,,,,,,
,,,,,,,,,,,,,,,,,,,,,,0,,,,,,,,,,,,,,,,,,,,,,,,,,,,,,,,,,
,,,,,,,,,,,,,,,,,,,,,,0,,,,,,,,,,,,,,,,,,,,,,,,,,,,,,,,,,
,,,,,,,,,,,,,,,,,,,,,,0,,,,,,,,,,,,,,,,,,,,,,,,,,,,,,,,,,
,,,,,,,,,,,,,,,,,,,,,,0,,,,,,,,,,,,,,,,,,,,,,,,,,,,,,,,,,
,,,,,,,,,,,,,,,,,,,,,,0,,,,,,,,,,,,,,,,,,,,,,,,,,,,,,,,,,
,,,,,,,,,,,,,,,,,,,,,,0,,,,,,,,,,,,,,,,,,,,,,,,,,,,,,,,,,
,,,,,,,,,,,,,,,,,,,,,,0,,,,,,,,,,,,,,,,,,,,,,,,,,,,,,,,,,
,,,,,,,,,,,,,,,,,,,,,,0,,,,,,,,,,,,,,,,,,,,,,,,,,,,,,,,,,
,,,,,,,,,,,,,,,,,,,,,,0,,,,,,,,,,,,,,,,,,,,,,,,,,,,,,,,,,
,,,,,,,,,,,,,,,,,,,,,,0,,,,,,,,,,,,,,,,,,,,,,,,,,,,,,,,,,
,,,,,,,,,,,,,,,,,,,,,,0,,,,,,,,,,,,,,,,,,,,,,,,,,,,,,,,,,
,,,,,,,,,,,,,,,,,,,,,,0,,,,,,,,,,,,,,,,,,,,,,,,,,,,,,,,,,
,,,,,,,,,,,,,,,,,,,,,,0,,,,,,,,,,,,,,,,,,,,,,,,,,,,,,,,,,
,,,,,,,,,,,,,,,,,,,,,,0,,,,,,,,,,,,,,,,,,,,,,,,,,,,,,,,,,
,,,,,,,,,,,,,,,,,,,,,,0,,,,,,,,,,,,,,,,,,,,,,,,,,,,,,,,,,
,,,,,,,,,,,,,,,,,,,,,,0,,,,,,,,,,,,,,,,,,,,,,,,,,,,,,,,,,
,,,,,,,,,,,,,,,,,,,,,,0,,,,,,,,,,,,,,,,,,,,,,,,,,,,,,,,,,
,,,,,,,,,,,,,,,,,,,,,,0,,,,,,,,,,,,,,,,,,,,,,,,,,,,,,,,,,
,,,,,,,,,,,,,,,,,,,,,,0,,,,,,,,,,,,,,,,,,,,,,,,,,,,,,,,,,
,,,,,,,,,,,,,,,,,,,,,,0,,,,,,,,,,,,,,,,,,,,,,,,,,,,,,,,,,
,,,,,,,,,,,,,,,,,,,,,,0,,,,,,,,,,,,,,,,,,,,,,,,,,,,,,,,,,
,,,,,,,,,,,,,,,,,,,,,,0,,,,,,,,,,,,,,,,,,,,,,,,,,,,,,,,,,
,,,,,,,,,,,,,,,,,,,,,,0,,,,,,,,,,,,,,,,,,,,,,,,,,,,,,,,,,
,,,,,,,,,,,,,,,,,,,,,,0,,,,,,,,,,,,,,,,,,,,,,,,,,,,,,,,,,
,,,,,,,,,,,,,,,,,,,,,,0,,,,,,,,,,,,,,,,,,,,,,,,,,,,,,,,,,
,,,,,,,,,,,,,,,,,,,,,,0,,,,,,,,,,,,,,,,,,,,,,,,,,,,,,,,,,
,,,,,,,,,,,,,,,,,,,,,,0,,,,,,,,,,,,,,,,,,,,,,,,,,,,,,,,,,
,,,,,,,,,,,,,,,,,,,,,,0,,,,,,,,,,,,,,,,,,,,,,,,,,,,,,,,,,
,,,,,,,,,,,,,,,,,,,,,,0,,,,,,,,,,,,,,,,,,,,,,,,,,,,,,,,,,
,,,,,,,,,,,,,,,,,,,,,,0,,,,,,,,,,,,,,,,,,,,,,,,,,,,,,,,,,
,,,,,,,,,,,,,,,,,,,,,,0,,,,,,,,,,,,,,,,,,,,,,,,,,,,,,,,,,
,,,,,,,,,,,,,,,,,,,,,,0,,,,,,,,,,,,,,,,,,,,,,,,,,,,,,,,,,
,,,,,,,,,,,,,,,,,,,,,,0,,,,,,,,,,,,,,,,,,,,,,,,,,,,,,,,,,
,,,,,,,,,,,,,,,,,,,,,,0,,,,,,,,,,,,,,,,,,,,,,,,,,,,,,,,,,
,,,,,,,,,,,,,,,,,,,,,,0,,,,,,,,,,,,,,,,,,,,,,,,,,,,,,,,,,
,,,,,,,,,,,,,,,,,,,,,,0,,,,,,,,,,,,,,,,,,,,,,,,,,,,,,,,,,
,,,,,,,,,,,,,,,,,,,,,,0,,,,,,,,,,,,,,,,,,,,,,,,,,,,,,,,,,
,,,,,,,,,,,,,,,,,,,,,,0,,,,,,,,,,,,,,,,,,,,,,,,,,,,,,,,,,
,,,,,,,,,,,,,,,,,,,,,,0,,,,,,,,,,,,,,,,,,,,,,,,,,,,,,,,,,
,,,,,,,,,,,,,,,,,,,,,,0,,,,,,,,,,,,,,,,,,,,,,,,,,,,,,,,,,
,,,,,,,,,,,,,,,,,,,,,,0,,,,,,,,,,,,,,,,,,,,,,,,,,,,,,,,,,
,,,,,,,,,,,,,,,,,,,,,,0,,,,,,,,,,,,,,,,,,,,,,,,,,,,,,,,,,
,,,,,,,,,,,,,,,,,,,,,,0,,,,,,,,,,,,,,,,,,,,,,,,,,,,,,,,,,
,,,,,,,,,,,,,,,,,,,,,,0,,,,,,,,,,,,,,,,,,,,,,,,,,,,,,,,,,
,,,,,,,,,,,,,,,,,,,,,,0,,,,,,,,,,,,,,,,,,,,,,,,,,,,,,,,,,
,,,,,,,,,,,,,,,,,,,,,,0,,,,,,,,,,,,,,,,,,,,,,,,,,,,,,,,,,
,,,,,,,,,,,,,,,,,,,,,,0,,,,,,,,,,,,,,,,,,,,,,,,,,,,,,,,,,
,,,,,,,,,,,,,,,,,,,,,,0,,,,,,,,,,,,,,,,,,,,,,,,,,,,,,,,,,
,,,,,,,,,,,,,,,,,,,,,,0,,,,,,,,,,,,,,,,,,,,,,,,,,,,,,,,,,
,,,,,,,,,,,,,,,,,,,,,,0,,,,,,,,,,,,,,,,,,,,,,,,,,,,,,,,,,
,,,,,,,,,,,,,,,,,,,,,,0,,,,,,,,,,,,,,,,,,,,,,,,,,,,,,,,,,
,,,,,,,,,,,,,,,,,,,,,,0,,,,,,,,,,,,,,,,,,,,,,,,,,,,,,,,,,
,,,,,,,,,,,,,,,,,,,,,,0,,,,,,,,,,,,,,,,,,,,,,,,,,,,,,,,,,
,,,,,,,,,,,,,,,,,,,,,,0,,,,,,,,,,,,,,,,,,,,,,,,,,,,,,,,,,
,,,,,,,,,,,,,,,,,,,,,,0,,,,,,,,,,,,,,,,,,,,,,,,,,,,,,,,,,
,,,,,,,,,,,,,,,,,,,,,,0,,,,,,,,,,,,,,,,,,,,,,,,,,,,,,,,,,
,,,,,,,,,,,,,,,,,,,,,,0,,,,,,,,,,,,,,,,,,,,,,,,,,,,,,,,,,
,,,,,,,,,,,,,,,,,,,,,,0,,,,,,,,,,,,,,,,,,,,,,,,,,,,,,,,,,
,,,,,,,,,,,,,,,,,,,,,,0,,,,,,,,,,,,,,,,,,,,,,,,,,,,,,,,,,
,,,,,,,,,,,,,,,,,,,,,,0,,,,,,,,,,,,,,,,,,,,,,,,,,,,,,,,,,
,,,,,,,,,,,,,,,,,,,,,,0,,,,,,,,,,,,,,,,,,,,,,,,,,,,,,,,,,
,,,,,,,,,,,,,,,,,,,,,,0,,,,,,,,,,,,,,,,,,,,,,,,,,,,,,,,,,
,,,,,,,,,,,,,,,,,,,,,,0,,,,,,,,,,,,,,,,,,,,,,,,,,,,,,,,,,
,,,,,,,,,,,,,,,,,,,,,,0,,,,,,,,,,,,,,,,,,,,,,,,,,,,,,,,,,
,,,,,,,,,,,,,,,,,,,,,,0,,,,,,,,,,,,,,,,,,,,,,,,,,,,,,,,,,
,,,,,,,,,,,,,,,,,,,,,,0,,,,,,,,,,,,,,,,,,,,,,,,,,,,,,,,,,
,,,,,,,,,,,,,,,,,,,,,,0,,,,,,,,,,,,,,,,,,,,,,,,,,,,,,,,,,
,,,,,,,,,,,,,,,,,,,,,,0,,,,,,,,,,,,,,,,,,,,,,,,,,,,,,,,,,
,,,,,,,,,,,,,,,,,,,,,,0,,,,,,,,,,,,,,,,,,,,,,,,,,,,,,,,,,
,,,,,,,,,,,,,,,,,,,,,,0,,,,,,,,,,,,,,,,,,,,,,,,,,,,,,,,,,
,,,,,,,,,,,,,,,,,,,,,,0,,,,,,,,,,,,,,,,,,,,,,,,,,,,,,,,,,
,,,,,,,,,,,,,,,,,,,,,,0,,,,,,,,,,,,,,,,,,,,,,,,,,,,,,,,,,
,,,,,,,,,,,,,,,,,,,,,,0,,,,,,,,,,,,,,,,,,,,,,,,,,,,,,,,,,
,,,,,,,,,,,,,,,,,,,,,,0,,,,,,,,,,,,,,,,,,,,,,,,,,,,,,,,,,
,,,,,,,,,,,,,,,,,,,,,,0,,,,,,,,,,,,,,,,,,,,,,,,,,,,,,,,,,
,,,,,,,,,,,,,,,,,,,,,,0,,,,,,,,,,,,,,,,,,,,,,,,,,,,,,,,,,
,,,,,,,,,,,,,,,,,,,,,,0,,,,,,,,,,,,,,,,,,,,,,,,,,,,,,,,,,
,,,,,,,,,,,,,,,,,,,,,,0,,,,,,,,,,,,,,,,,,,,,,,,,,,,,,,,,,
,,,,,,,,,,,,,,,,,,,,,,0,,,,,,,,,,,,,,,,,,,,,,,,,,,,,,,,,,
,,,,,,,,,,,,,,,,,,,,,,0,,,,,,,,,,,,,,,,,,,,,,,,,,,,,,,,,,
,,,,,,,,,,,,,,,,,,,,,,0,,,,,,,,,,,,,,,,,,,,,,,,,,,,,,,,,,
,,,,,,,,,,,,,,,,,,,,,,0,,,,,,,,,,,,,,,,,,,,,,,,,,,,,,,,,,
,,,,,,,,,,,,,,,,,,,,,,0,,,,,,,,,,,,,,,,,,,,,,,,,,,,,,,,,,
,,,,,,,,,,,,,,,,,,,,,,0,,,,,,,,,,,,,,,,,,,,,,,,,,,,,,,,,,
,,,,,,,,,,,,,,,,,,,,,,0,,,,,,,,,,,,,,,,,,,,,,,,,,,,,,,,,,
,,,,,,,,,,,,,,,,,,,,,,0,,,,,,,,,,,,,,,,,,,,,,,,,,,,,,,,,,
,,,,,,,,,,,,,,,,,,,,,,0,,,,,,,,,,,,,,,,,,,,,,,,,,,,,,,,,,
,,,,,,,,,,,,,,,,,,,,,,0,,,,,,,,,,,,,,,,,,,,,,,,,,,,,,,,,,
,,,,,,,,,,,,,,,,,,,,,,0,,,,,,,,,,,,,,,,,,,,,,,,,,,,,,,,,,
,,,,,,,,,,,,,,,,,,,,,,0,,,,,,,,,,,,,,,,,,,,,,,,,,,,,,,,,,
,,,,,,,,,,,,,,,,,,,,,,0,,,,,,,,,,,,,,,,,,,,,,,,,,,,,,,,,,
,,,,,,,,,,,,,,,,,,,,,,0,,,,,,,,,,,,,,,,,,,,,,,,,,,,,,,,,,
,,,,,,,,,,,,,,,,,,,,,,0,,,,,,,,,,,,,,,,,,,,,,,,,,,,,,,,,,
,,,,,,,,,,,,,,,,,,,,,,0,,,,,,,,,,,,,,,,,,,,,,,,,,,,,,,,,,
,,,,,,,,,,,,,,,,,,,,,,0,,,,,,,,,,,,,,,,,,,,,,,,,,,,,,,,,,
,,,,,,,,,,,,,,,,,,,,,,0,,,,,,,,,,,,,,,,,,,,,,,,,,,,,,,,,,
,,,,,,,,,,,,,,,,,,,,,,0,,,,,,,,,,,,,,,,,,,,,,,,,,,,,,,,,,
,,,,,,,,,,,,,,,,,,,,,,0,,,,,,,,,,,,,,,,,,,,,,,,,,,,,,,,,,
,,,,,,,,,,,,,,,,,,,,,,0,,,,,,,,,,,,,,,,,,,,,,,,,,,,,,,,,,
,,,,,,,,,,,,,,,,,,,,,,0,,,,,,,,,,,,,,,,,,,,,,,,,,,,,,,,,,
,,,,,,,,,,,,,,,,,,,,,,0,,,,,,,,,,,,,,,,,,,,,,,,,,,,,,,,,,
,,,,,,,,,,,,,,,,,,,,,,0,,,,,,,,,,,,,,,,,,,,,,,,,,,,,,,,,,
,,,,,,,,,,,,,,,,,,,,,,0,,,,,,,,,,,,,,,,,,,,,,,,,,,,,,,,,,
,,,,,,,,,,,,,,,,,,,,,,0,,,,,,,,,,,,,,,,,,,,,,,,,,,,,,,,,,
,,,,,,,,,,,,,,,,,,,,,,0,,,,,,,,,,,,,,,,,,,,,,,,,,,,,,,,,,
,,,,,,,,,,,,,,,,,,,,,,0,,,,,,,,,,,,,,,,,,,,,,,,,,,,,,,,,,
,,,,,,,,,,,,,,,,,,,,,,0,,,,,,,,,,,,,,,,,,,,,,,,,,,,,,,,,,
,,,,,,,,,,,,,,,,,,,,,,0,,,,,,,,,,,,,,,,,,,,,,,,,,,,,,,,,,
,,,,,,,,,,,,,,,,,,,,,,0,,,,,,,,,,,,,,,,,,,,,,,,,,,,,,,,,,
,,,,,,,,,,,,,,,,,,,,,,0,,,,,,,,,,,,,,,,,,,,,,,,,,,,,,,,,,
,,,,,,,,,,,,,,,,,,,,,,0,,,,,,,,,,,,,,,,,,,,,,,,,,,,,,,,,,
,,,,,,,,,,,,,,,,,,,,,,0,,,,,,,,,,,,,,,,,,,,,,,,,,,,,,,,,,
,,,,,,,,,,,,,,,,,,,,,,0,,,,,,,,,,,,,,,,,,,,,,,,,,,,,,,,,,
,,,,,,,,,,,,,,,,,,,,,,0,,,,,,,,,,,,,,,,,,,,,,,,,,,,,,,,,,
,,,,,,,,,,,,,,,,,,,,,,0,,,,,,,,,,,,,,,,,,,,,,,,,,,,,,,,,,
,,,,,,,,,,,,,,,,,,,,,,0,,,,,,,,,,,,,,,,,,,,,,,,,,,,,,,,,,
,,,,,,,,,,,,,,,,,,,,,,0,,,,,,,,,,,,,,,,,,,,,,,,,,,,,,,,,,
,,,,,,,,,,,,,,,,,,,,,,0,,,,,,,,,,,,,,,,,,,,,,,,,,,,,,,,,,
,,,,,,,,,,,,,,,,,,,,,,0,,,,,,,,,,,,,,,,,,,,,,,,,,,,,,,,,,
,,,,,,,,,,,,,,,,,,,,,,0,,,,,,,,,,,,,,,,,,,,,,,,,,,,,,,,,,
,,,,,,,,,,,,,,,,,,,,,,0,,,,,,,,,,,,,,,,,,,,,,,,,,,,,,,,,,
,,,,,,,,,,,,,,,,,,,,,,0,,,,,,,,,,,,,,,,,,,,,,,,,,,,,,,,,,
,,,,,,,,,,,,,,,,,,,,,,0,,,,,,,,,,,,,,,,,,,,,,,,,,,,,,,,,,
,,,,,,,,,,,,,,,,,,,,,,0,,,,,,,,,,,,,,,,,,,,,,,,,,,,,,,,,,
,,,,,,,,,,,,,,,,,,,,,,0,,,,,,,,,,,,,,,,,,,,,,,,,,,,,,,,,,
,,,,,,,,,,,,,,,,,,,,,,0,,,,,,,,,,,,,,,,,,,,,,,,,,,,,,,,,,
,,,,,,,,,,,,,,,,,,,,,,0,,,,,,,,,,,,,,,,,,,,,,,,,,,,,,,,,,
,,,,,,,,,,,,,,,,,,,,,,0,,,,,,,,,,,,,,,,,,,,,,,,,,,,,,,,,,
,,,,,,,,,,,,,,,,,,,,,,0,,,,,,,,,,,,,,,,,,,,,,,,,,,,,,,,,,
,,,,,,,,,,,,,,,,,,,,,,0,,,,,,,,,,,,,,,,,,,,,,,,,,,,,,,,,,
,,,,,,,,,,,,,,,,,,,,,,0,,,,,,,,,,,,,,,,,,,,,,,,,,,,,,,,,,
,,,,,,,,,,,,,,,,,,,,,,0,,,,,,,,,,,,,,,,,,,,,,,,,,,,,,,,,,
,,,,,,,,,,,,,,,,,,,,,,0,,,,,,,,,,,,,,,,,,,,,,,,,,,,,,,,,,
,,,,,,,,,,,,,,,,,,,,,,0,,,,,,,,,,,,,,,,,,,,,,,,,,,,,,,,,,
,,,,,,,,,,,,,,,,,,,,,,0,,,,,,,,,,,,,,,,,,,,,,,,,,,,,,,,,,
,,,,,,,,,,,,,,,,,,,,,,0,,,,,,,,,,,,,,,,,,,,,,,,,,,,,,,,,,
,,,,,,,,,,,,,,,,,,,,,,0,,,,,,,,,,,,,,,,,,,,,,,,,,,,,,,,,,
,,,,,,,,,,,,,,,,,,,,,,0,,,,,,,,,,,,,,,,,,,,,,,,,,,,,,,,,,
,,,,,,,,,,,,,,,,,,,,,,0,,,,,,,,,,,,,,,,,,,,,,,,,,,,,,,,,,
,,,,,,,,,,,,,,,,,,,,,,0,,,,,,,,,,,,,,,,,,,,,,,,,,,,,,,,,,
,,,,,,,,,,,,,,,,,,,,,,0,,,,,,,,,,,,,,,,,,,,,,,,,,,,,,,,,,
,,,,,,,,,,,,,,,,,,,,,,0,,,,,,,,,,,,,,,,,,,,,,,,,,,,,,,,,,
,,,,,,,,,,,,,,,,,,,,,,0,,,,,,,,,,,,,,,,,,,,,,,,,,,,,,,,,,
,,,,,,,,,,,,,,,,,,,,,,0,,,,,,,,,,,,,,,,,,,,,,,,,,,,,,,,,,
,,,,,,,,,,,,,,,,,,,,,,0,,,,,,,,,,,,,,,,,,,,,,,,,,,,,,,,,,
,,,,,,,,,,,,,,,,,,,,,,0,,,,,,,,,,,,,,,,,,,,,,,,,,,,,,,,,,
,,,,,,,,,,,,,,,,,,,,,,0,,,,,,,,,,,,,,,,,,,,,,,,,,,,,,,,,,
,,,,,,,,,,,,,,,,,,,,,,0,,,,,,,,,,,,,,,,,,,,,,,,,,,,,,,,,,
,,,,,,,,,,,,,,,,,,,,,,0,,,,,,,,,,,,,,,,,,,,,,,,,,,,,,,,,,
,,,,,,,,,,,,,,,,,,,,,,0,,,,,,,,,,,,,,,,,,,,,,,,,,,,,,,,,,
,,,,,,,,,,,,,,,,,,,,,,0,,,,,,,,,,,,,,,,,,,,,,,,,,,,,,,,,,
,,,,,,,,,,,,,,,,,,,,,,0,,,,,,,,,,,,,,,,,,,,,,,,,,,,,,,,,,
,,,,,,,,,,,,,,,,,,,,,,0,,,,,,,,,,,,,,,,,,,,,,,,,,,,,,,,,,
,,,,,,,,,,,,,,,,,,,,,,0,,,,,,,,,,,,,,,,,,,,,,,,,,,,,,,,,,
,,,,,,,,,,,,,,,,,,,,,,0,,,,,,,,,,,,,,,,,,,,,,,,,,,,,,,,,,
,,,,,,,,,,,,,,,,,,,,,,0,,,,,,,,,,,,,,,,,,,,,,,,,,,,,,,,,,
,,,,,,,,,,,,,,,,,,,,,,0,,,,,,,,,,,,,,,,,,,,,,,,,,,,,,,,,,
,,,,,,,,,,,,,,,,,,,,,,0,,,,,,,,,,,,,,,,,,,,,,,,,,,,,,,,,,
,,,,,,,,,,,,,,,,,,,,,,0,,,,,,,,,,,,,,,,,,,,,,,,,,,,,,,,,,
,,,,,,,,,,,,,,,,,,,,,,0,,,,,,,,,,,,,,,,,,,,,,,,,,,,,,,,,,
,,,,,,,,,,,,,,,,,,,,,,0,,,,,,,,,,,,,,,,,,,,,,,,,,,,,,,,,,
,,,,,,,,,,,,,,,,,,,,,,0,,,,,,,,,,,,,,,,,,,,,,,,,,,,,,,,,,
,,,,,,,,,,,,,,,,,,,,,,0,,,,,,,,,,,,,,,,,,,,,,,,,,,,,,,,,,
,,,,,,,,,,,,,,,,,,,,,,0,,,,,,,,,,,,,,,,,,,,,,,,,,,,,,,,,,
,,,,,,,,,,,,,,,,,,,,,,0,,,,,,,,,,,,,,,,,,,,,,,,,,,,,,,,,,
,,,,,,,,,,,,,,,,,,,,,,0,,,,,,,,,,,,,,,,,,,,,,,,,,,,,,,,,,
,,,,,,,,,,,,,,,,,,,,,,0,,,,,,,,,,,,,,,,,,,,,,,,,,,,,,,,,,
,,,,,,,,,,,,,,,,,,,,,,0,,,,,,,,,,,,,,,,,,,,,,,,,,,,,,,,,,
,,,,,,,,,,,,,,,,,,,,,,0,,,,,,,,,,,,,,,,,,,,,,,,,,,,,,,,,,
,,,,,,,,,,,,,,,,,,,,,,0,,,,,,,,,,,,,,,,,,,,,,,,,,,,,,,,,,
,,,,,,,,,,,,,,,,,,,,,,0,,,,,,,,,,,,,,,,,,,,,,,,,,,,,,,,,,
,,,,,,,,,,,,,,,,,,,,,,0,,,,,,,,,,,,,,,,,,,,,,,,,,,,,,,,,,
,,,,,,,,,,,,,,,,,,,,,,0,,,,,,,,,,,,,,,,,,,,,,,,,,,,,,,,,,
,,,,,,,,,,,,,,,,,,,,,,0,,,,,,,,,,,,,,,,,,,,,,,,,,,,,,,,,,
,,,,,,,,,,,,,,,,,,,,,,0,,,,,,,,,,,,,,,,,,,,,,,,,,,,,,,,,,
,,,,,,,,,,,,,,,,,,,,,,0,,,,,,,,,,,,,,,,,,,,,,,,,,,,,,,,,,
,,,,,,,,,,,,,,,,,,,,,,0,,,,,,,,,,,,,,,,,,,,,,,,,,,,,,,,,,
,,,,,,,,,,,,,,,,,,,,,,0,,,,,,,,,,,,,,,,,,,,,,,,,,,,,,,,,,
,,,,,,,,,,,,,,,,,,,,,,0,,,,,,,,,,,,,,,,,,,,,,,,,,,,,,,,,,
,,,,,,,,,,,,,,,,,,,,,,0,,,,,,,,,,,,,,,,,,,,,,,,,,,,,,,,,,
,,,,,,,,,,,,,,,,,,,,,,0,,,,,,,,,,,,,,,,,,,,,,,,,,,,,,,,,,
,,,,,,,,,,,,,,,,,,,,,,0,,,,,,,,,,,,,,,,,,,,,,,,,,,,,,,,,,
,,,,,,,,,,,,,,,,,,,,,,0,,,,,,,,,,,,,,,,,,,,,,,,,,,,,,,,,,
,,,,,,,,,,,,,,,,,,,,,,0,,,,,,,,,,,,,,,,,,,,,,,,,,,,,,,,,,
,,,,,,,,,,,,,,,,,,,,,,0,,,,,,,,,,,,,,,,,,,,,,,,,,,,,,,,,,
,,,,,,,,,,,,,,,,,,,,,,0,,,,,,,,,,,,,,,,,,,,,,,,,,,,,,,,,,
,,,,,,,,,,,,,,,,,,,,,,0,,,,,,,,,,,,,,,,,,,,,,,,,,,,,,,,,,
,,,,,,,,,,,,,,,,,,,,,,0,,,,,,,,,,,,,,,,,,,,,,,,,,,,,,,,,,
,,,,,,,,,,,,,,,,,,,,,,0,,,,,,,,,,,,,,,,,,,,,,,,,,,,,,,,,,
,,,,,,,,,,,,,,,,,,,,,,0,,,,,,,,,,,,,,,,,,,,,,,,,,,,,,,,,,
,,,,,,,,,,,,,,,,,,,,,,0,,,,,,,,,,,,,,,,,,,,,,,,,,,,,,,,,,
,,,,,,,,,,,,,,,,,,,,,,0,,,,,,,,,,,,,,,,,,,,,,,,,,,,,,,,,,
,,,,,,,,,,,,,,,,,,,,,,0,,,,,,,,,,,,,,,,,,,,,,,,,,,,,,,,,,
,,,,,,,,,,,,,,,,,,,,,,0,,,,,,,,,,,,,,,,,,,,,,,,,,,,,,,,,,
,,,,,,,,,,,,,,,,,,,,,,0,,,,,,,,,,,,,,,,,,,,,,,,,,,,,,,,,,
,,,,,,,,,,,,,,,,,,,,,,0,,,,,,,,,,,,,,,,,,,,,,,,,,,,,,,,,,
,,,,,,,,,,,,,,,,,,,,,,0,,,,,,,,,,,,,,,,,,,,,,,,,,,,,,,,,,
,,,,,,,,,,,,,,,,,,,,,,0,,,,,,,,,,,,,,,,,,,,,,,,,,,,,,,,,,
,,,,,,,,,,,,,,,,,,,,,,0,,,,,,,,,,,,,,,,,,,,,,,,,,,,,,,,,,
,,,,,,,,,,,,,,,,,,,,,,0,,,,,,,,,,,,,,,,,,,,,,,,,,,,,,,,,,
,,,,,,,,,,,,,,,,,,,,,,0,,,,,,,,,,,,,,,,,,,,,,,,,,,,,,,,,,
,,,,,,,,,,,,,,,,,,,,,,0,,,,,,,,,,,,,,,,,,,,,,,,,,,,,,,,,,
,,,,,,,,,,,,,,,,,,,,,,0,,,,,,,,,,,,,,,,,,,,,,,,,,,,,,,,,,
,,,,,,,,,,,,,,,,,,,,,,0,,,,,,,,,,,,,,,,,,,,,,,,,,,,,,,,,,
,,,,,,,,,,,,,,,,,,,,,,0,,,,,,,,,,,,,,,,,,,,,,,,,,,,,,,,,,
,,,,,,,,,,,,,,,,,,,,,,0,,,,,,,,,,,,,,,,,,,,,,,,,,,,,,,,,,
,,,,,,,,,,,,,,,,,,,,,,0,,,,,,,,,,,,,,,,,,,,,,,,,,,,,,,,,,
,,,,,,,,,,,,,,,,,,,,,,0,,,,,,,,,,,,,,,,,,,,,,,,,,,,,,,,,,
,,,,,,,,,,,,,,,,,,,,,,0,,,,,,,,,,,,,,,,,,,,,,,,,,,,,,,,,,
,,,,,,,,,,,,,,,,,,,,,,0,,,,,,,,,,,,,,,,,,,,,,,,,,,,,,,,,,
,,,,,,,,,,,,,,,,,,,,,,0,,,,,,,,,,,,,,,,,,,,,,,,,,,,,,,,,,
,,,,,,,,,,,,,,,,,,,,,,0,,,,,,,,,,,,,,,,,,,,,,,,,,,,,,,,,,
,,,,,,,,,,,,,,,,,,,,,,0,,,,,,,,,,,,,,,,,,,,,,,,,,,,,,,,,,
,,,,,,,,,,,,,,,,,,,,,,0,,,,,,,,,,,,,,,,,,,,,,,,,,,,,,,,,,
,,,,,,,,,,,,,,,,,,,,,,0,,,,,,,,,,,,,,,,,,,,,,,,,,,,,,,,,,
,,,,,,,,,,,,,,,,,,,,,,0,,,,,,,,,,,,,,,,,,,,,,,,,,,,,,,,,,
,,,,,,,,,,,,,,,,,,,,,,0,,,,,,,,,,,,,,,,,,,,,,,,,,,,,,,,,,
,,,,,,,,,,,,,,,,,,,,,,0,,,,,,,,,,,,,,,,,,,,,,,,,,,,,,,,,,
,,,,,,,,,,,,,,,,,,,,,,0,,,,,,,,,,,,,,,,,,,,,,,,,,,,,,,,,,
,,,,,,,,,,,,,,,,,,,,,,0,,,,,,,,,,,,,,,,,,,,,,,,,,,,,,,,,,
,,,,,,,,,,,,,,,,,,,,,,0,,,,,,,,,,,,,,,,,,,,,,,,,,,,,,,,,,
,,,,,,,,,,,,,,,,,,,,,,0,,,,,,,,,,,,,,,,,,,,,,,,,,,,,,,,,,
,,,,,,,,,,,,,,,,,,,,,,0,,,,,,,,,,,,,,,,,,,,,,,,,,,,,,,,,,
,,,,,,,,,,,,,,,,,,,,,,0,,,,,,,,,,,,,,,,,,,,,,,,,,,,,,,,,,
,,,,,,,,,,,,,,,,,,,,,,0,,,,,,,,,,,,,,,,,,,,,,,,,,,,,,,,,,
,,,,,,,,,,,,,,,,,,,,,,0,,,,,,,,,,,,,,,,,,,,,,,,,,,,,,,,,,
,,,,,,,,,,,,,,,,,,,,,,0,,,,,,,,,,,,,,,,,,,,,,,,,,,,,,,,,,
,,,,,,,,,,,,,,,,,,,,,,0,,,,,,,,,,,,,,,,,,,,,,,,,,,,,,,,,,
,,,,,,,,,,,,,,,,,,,,,,0,,,,,,,,,,,,,,,,,,,,,,,,,,,,,,,,,,
,,,,,,,,,,,,,,,,,,,,,,0,,,,,,,,,,,,,,,,,,,,,,,,,,,,,,,,,,
,,,,,,,,,,,,,,,,,,,,,,0,,,,,,,,,,,,,,,,,,,,,,,,,,,,,,,,,,
,,,,,,,,,,,,,,,,,,,,,,0,,,,,,,,,,,,,,,,,,,,,,,,,,,,,,,,,,
,,,,,,,,,,,,,,,,,,,,,,0,,,,,,,,,,,,,,,,,,,,,,,,,,,,,,,,,,
,,,,,,,,,,,,,,,,,,,,,,0,,,,,,,,,,,,,,,,,,,,,,,,,,,,,,,,,,
,,,,,,,,,,,,,,,,,,,,,,0,,,,,,,,,,,,,,,,,,,,,,,,,,,,,,,,,,
,,,,,,,,,,,,,,,,,,,,,,0,,,,,,,,,,,,,,,,,,,,,,,,,,,,,,,,,,
,,,,,,,,,,,,,,,,,,,,,,0,,,,,,,,,,,,,,,,,,,,,,,,,,,,,,,,,,
,,,,,,,,,,,,,,,,,,,,,,0,,,,,,,,,,,,,,,,,,,,,,,,,,,,,,,,,,
,,,,,,,,,,,,,,,,,,,,,,0,,,,,,,,,,,,,,,,,,,,,,,,,,,,,,,,,,
,,,,,,,,,,,,,,,,,,,,,,0,,,,,,,,,,,,,,,,,,,,,,,,,,,,,,,,,,
,,,,,,,,,,,,,,,,,,,,,,0,,,,,,,,,,,,,,,,,,,,,,,,,,,,,,,,,,
,,,,,,,,,,,,,,,,,,,,,,0,,,,,,,,,,,,,,,,,,,,,,,,,,,,,,,,,,
,,,,,,,,,,,,,,,,,,,,,,0,,,,,,,,,,,,,,,,,,,,,,,,,,,,,,,,,,
,,,,,,,,,,,,,,,,,,,,,,0,,,,,,,,,,,,,,,,,,,,,,,,,,,,,,,,,,
,,,,,,,,,,,,,,,,,,,,,,0,,,,,,,,,,,,,,,,,,,,,,,,,,,,,,,,,,
,,,,,,,,,,,,,,,,,,,,,,0,,,,,,,,,,,,,,,,,,,,,,,,,,,,,,,,,,
,,,,,,,,,,,,,,,,,,,,,,0,,,,,,,,,,,,,,,,,,,,,,,,,,,,,,,,,,
,,,,,,,,,,,,,,,,,,,,,,0,,,,,,,,,,,,,,,,,,,,,,,,,,,,,,,,,,
,,,,,,,,,,,,,,,,,,,,,,0,,,,,,,,,,,,,,,,,,,,,,,,,,,,,,,,,,
,,,,,,,,,,,,,,,,,,,,,,0,,,,,,,,,,,,,,,,,,,,,,,,,,,,,,,,,,
,,,,,,,,,,,,,,,,,,,,,,0,,,,,,,,,,,,,,,,,,,,,,,,,,,,,,,,,,
,,,,,,,,,,,,,,,,,,,,,,0,,,,,,,,,,,,,,,,,,,,,,,,,,,,,,,,,,
,,,,,,,,,,,,,,,,,,,,,,0,,,,,,,,,,,,,,,,,,,,,,,,,,,,,,,,,,
,,,,,,,,,,,,,,,,,,,,,,0,,,,,,,,,,,,,,,,,,,,,,,,,,,,,,,,,,
,,,,,,,,,,,,,,,,,,,,,,0,,,,,,,,,,,,,,,,,,,,,,,,,,,,,,,,,,
,,,,,,,,,,,,,,,,,,,,,,0,,,,,,,,,,,,,,,,,,,,,,,,,,,,,,,,,,
,,,,,,,,,,,,,,,,,,,,,,0,,,,,,,,,,,,,,,,,,,,,,,,,,,,,,,,,,
,,,,,,,,,,,,,,,,,,,,,,0,,,,,,,,,,,,,,,,,,,,,,,,,,,,,,,,,,
,,,,,,,,,,,,,,,,,,,,,,0,,,,,,,,,,,,,,,,,,,,,,,,,,,,,,,,,,
,,,,,,,,,,,,,,,,,,,,,,0,,,,,,,,,,,,,,,,,,,,,,,,,,,,,,,,,,
,,,,,,,,,,,,,,,,,,,,,,0,,,,,,,,,,,,,,,,,,,,,,,,,,,,,,,,,,
,,,,,,,,,,,,,,,,,,,,,,0,,,,,,,,,,,,,,,,,,,,,,,,,,,,,,,,,,
,,,,,,,,,,,,,,,,,,,,,,0,,,,,,,,,,,,,,,,,,,,,,,,,,,,,,,,,,
,,,,,,,,,,,,,,,,,,,,,,0,,,,,,,,,,,,,,,,,,,,,,,,,,,,,,,,,,
,,,,,,,,,,,,,,,,,,,,,,0,,,,,,,,,,,,,,,,,,,,,,,,,,,,,,,,,,
,,,,,,,,,,,,,,,,,,,,,,0,,,,,,,,,,,,,,,,,,,,,,,,,,,,,,,,,,
,,,,,,,,,,,,,,,,,,,,,,0,,,,,,,,,,,,,,,,,,,,,,,,,,,,,,,,,,
,,,,,,,,,,,,,,,,,,,,,,0,,,,,,,,,,,,,,,,,,,,,,,,,,,,,,,,,,
,,,,,,,,,,,,,,,,,,,,,,0,,,,,,,,,,,,,,,,,,,,,,,,,,,,,,,,,,
,,,,,,,,,,,,,,,,,,,,,,0,,,,,,,,,,,,,,,,,,,,,,,,,,,,,,,,,,
,,,,,,,,,,,,,,,,,,,,,,0,,,,,,,,,,,,,,,,,,,,,,,,,,,,,,,,,,
,,,,,,,,,,,,,,,,,,,,,,0,,,,,,,,,,,,,,,,,,,,,,,,,,,,,,,,,,
,,,,,,,,,,,,,,,,,,,,,,0,,,,,,,,,,,,,,,,,,,,,,,,,,,,,,,,,,
,,,,,,,,,,,,,,,,,,,,,,0,,,,,,,,,,,,,,,,,,,,,,,,,,,,,,,,,,
,,,,,,,,,,,,,,,,,,,,,,0,,,,,,,,,,,,,,,,,,,,,,,,,,,,,,,,,,
,,,,,,,,,,,,,,,,,,,,,,0,,,,,,,,,,,,,,,,,,,,,,,,,,,,,,,,,,
,,,,,,,,,,,,,,,,,,,,,,0,,,,,,,,,,,,,,,,,,,,,,,,,,,,,,,,,,
,,,,,,,,,,,,,,,,,,,,,,0,,,,,,,,,,,,,,,,,,,,,,,,,,,,,,,,,,
,,,,,,,,,,,,,,,,,,,,,,0,,,,,,,,,,,,,,,,,,,,,,,,,,,,,,,,,,
,,,,,,,,,,,,,,,,,,,,,,0,,,,,,,,,,,,,,,,,,,,,,,,,,,,,,,,,,
,,,,,,,,,,,,,,,,,,,,,,0,,,,,,,,,,,,,,,,,,,,,,,,,,,,,,,,,,
,,,,,,,,,,,,,,,,,,,,,,0,,,,,,,,,,,,,,,,,,,,,,,,,,,,,,,,,,
,,,,,,,,,,,,,,,,,,,,,,0,,,,,,,,,,,,,,,,,,,,,,,,,,,,,,,,,,
,,,,,,,,,,,,,,,,,,,,,,0,,,,,,,,,,,,,,,,,,,,,,,,,,,,,,,,,,
,,,,,,,,,,,,,,,,,,,,,,0,,,,,,,,,,,,,,,,,,,,,,,,,,,,,,,,,,
,,,,,,,,,,,,,,,,,,,,,,0,,,,,,,,,,,,,,,,,,,,,,,,,,,,,,,,,,
,,,,,,,,,,,,,,,,,,,,,,0,,,,,,,,,,,,,,,,,,,,,,,,,,,,,,,,,,
,,,,,,,,,,,,,,,,,,,,,,0,,,,,,,,,,,,,,,,,,,,,,,,,,,,,,,,,,
,,,,,,,,,,,,,,,,,,,,,,0,,,,,,,,,,,,,,,,,,,,,,,,,,,,,,,,,,
,,,,,,,,,,,,,,,,,,,,,,0,,,,,,,,,,,,,,,,,,,,,,,,,,,,,,,,,,
,,,,,,,,,,,,,,,,,,,,,,0,,,,,,,,,,,,,,,,,,,,,,,,,,,,,,,,,,
,,,,,,,,,,,,,,,,,,,,,,0,,,,,,,,,,,,,,,,,,,,,,,,,,,,,,,,,,
,,,,,,,,,,,,,,,,,,,,,,0,,,,,,,,,,,,,,,,,,,,,,,,,,,,,,,,,,
,,,,,,,,,,,,,,,,,,,,,,0,,,,,,,,,,,,,,,,,,,,,,,,,,,,,,,,,,
,,,,,,,,,,,,,,,,,,,,,,0,,,,,,,,,,,,,,,,,,,,,,,,,,,,,,,,,,
,,,,,,,,,,,,,,,,,,,,,,0,,,,,,,,,,,,,,,,,,,,,,,,,,,,,,,,,,
,,,,,,,,,,,,,,,,,,,,,,0,,,,,,,,,,,,,,,,,,,,,,,,,,,,,,,,,,
,,,,,,,,,,,,,,,,,,,,,,0,,,,,,,,,,,,,,,,,,,,,,,,,,,,,,,,,,
,,,,,,,,,,,,,,,,,,,,,,0,,,,,,,,,,,,,,,,,,,,,,,,,,,,,,,,,,
,,,,,,,,,,,,,,,,,,,,,,0,,,,,,,,,,,,,,,,,,,,,,,,,,,,,,,,,,
,,,,,,,,,,,,,,,,,,,,,,0,,,,,,,,,,,,,,,,,,,,,,,,,,,,,,,,,,
,,,,,,,,,,,,,,,,,,,,,,0,,,,,,,,,,,,,,,,,,,,,,,,,,,,,,,,,,
,,,,,,,,,,,,,,,,,,,,,,0,,,,,,,,,,,,,,,,,,,,,,,,,,,,,,,,,,
,,,,,,,,,,,,,,,,,,,,,,0,,,,,,,,,,,,,,,,,,,,,,,,,,,,,,,,,,
,,,,,,,,,,,,,,,,,,,,,,0,,,,,,,,,,,,,,,,,,,,,,,,,,,,,,,,,,
,,,,,,,,,,,,,,,,,,,,,,0,,,,,,,,,,,,,,,,,,,,,,,,,,,,,,,,,,
,,,,,,,,,,,,,,,,,,,,,,0,,,,,,,,,,,,,,,,,,,,,,,,,,,,,,,,,,
,,,,,,,,,,,,,,,,,,,,,,0,,,,,,,,,,,,,,,,,,,,,,,,,,,,,,,,,,
,,,,,,,,,,,,,,,,,,,,,,0,,,,,,,,,,,,,,,,,,,,,,,,,,,,,,,,,,
,,,,,,,,,,,,,,,,,,,,,,0,,,,,,,,,,,,,,,,,,,,,,,,,,,,,,,,,,
,,,,,,,,,,,,,,,,,,,,,,0,,,,,,,,,,,,,,,,,,,,,,,,,,,,,,,,,,
,,,,,,,,,,,,,,,,,,,,,,0,,,,,,,,,,,,,,,,,,,,,,,,,,,,,,,,,,
,,,,,,,,,,,,,,,,,,,,,,0,,,,,,,,,,,,,,,,,,,,,,,,,,,,,,,,,,
,,,,,,,,,,,,,,,,,,,,,,0,,,,,,,,,,,,,,,,,,,,,,,,,,,,,,,,,,
,,,,,,,,,,,,,,,,,,,,,,0,,,,,,,,,,,,,,,,,,,,,,,,,,,,,,,,,,
,,,,,,,,,,,,,,,,,,,,,,0,,,,,,,,,,,,,,,,,,,,,,,,,,,,,,,,,,
,,,,,,,,,,,,,,,,,,,,,,0,,,,,,,,,,,,,,,,,,,,,,,,,,,,,,,,,,
,,,,,,,,,,,,,,,,,,,,,,0,,,,,,,,,,,,,,,,,,,,,,,,,,,,,,,,,,
,,,,,,,,,,,,,,,,,,,,,,0,,,,,,,,,,,,,,,,,,,,,,,,,,,,,,,,,,
,,,,,,,,,,,,,,,,,,,,,,0,,,,,,,,,,,,,,,,,,,,,,,,,,,,,,,,,,
,,,,,,,,,,,,,,,,,,,,,,0,,,,,,,,,,,,,,,,,,,,,,,,,,,,,,,,,,
,,,,,,,,,,,,,,,,,,,,,,0,,,,,,,,,,,,,,,,,,,,,,,,,,,,,,,,,,
,,,,,,,,,,,,,,,,,,,,,,0,,,,,,,,,,,,,,,,,,,,,,,,,,,,,,,,,,
,,,,,,,,,,,,,,,,,,,,,,0,,,,,,,,,,,,,,,,,,,,,,,,,,,,,,,,,,
,,,,,,,,,,,,,,,,,,,,,,0,,,,,,,,,,,,,,,,,,,,,,,,,,,,,,,,,,
,,,,,,,,,,,,,,,,,,,,,,0,,,,,,,,,,,,,,,,,,,,,,,,,,,,,,,,,,
,,,,,,,,,,,,,,,,,,,,,,0,,,,,,,,,,,,,,,,,,,,,,,,,,,,,,,,,,
,,,,,,,,,,,,,,,,,,,,,,0,,,,,,,,,,,,,,,,,,,,,,,,,,,,,,,,,,
,,,,,,,,,,,,,,,,,,,,,,0,,,,,,,,,,,,,,,,,,,,,,,,,,,,,,,,,,
,,,,,,,,,,,,,,,,,,,,,,0,,,,,,,,,,,,,,,,,,,,,,,,,,,,,,,,,,
,,,,,,,,,,,,,,,,,,,,,,0,,,,,,,,,,,,,,,,,,,,,,,,,,,,,,,,,,
,,,,,,,,,,,,,,,,,,,,,,0,,,,,,,,,,,,,,,,,,,,,,,,,,,,,,,,,,
,,,,,,,,,,,,,,,,,,,,,,0,,,,,,,,,,,,,,,,,,,,,,,,,,,,,,,,,,
,,,,,,,,,,,,,,,,,,,,,,0,,,,,,,,,,,,,,,,,,,,,,,,,,,,,,,,,,
,,,,,,,,,,,,,,,,,,,,,,0,,,,,,,,,,,,,,,,,,,,,,,,,,,,,,,,,,
,,,,,,,,,,,,,,,,,,,,,,0,,,,,,,,,,,,,,,,,,,,,,,,,,,,,,,,,,
,,,,,,,,,,,,,,,,,,,,,,0,,,,,,,,,,,,,,,,,,,,,,,,,,,,,,,,,,
,,,,,,,,,,,,,,,,,,,,,,0,,,,,,,,,,,,,,,,,,,,,,,,,,,,,,,,,,
,,,,,,,,,,,,,,,,,,,,,,0,,,,,,,,,,,,,,,,,,,,,,,,,,,,,,,,,,
,,,,,,,,,,,,,,,,,,,,,,0,,,,,,,,,,,,,,,,,,,,,,,,,,,,,,,,,,
,,,,,,,,,,,,,,,,,,,,,,0,,,,,,,,,,,,,,,,,,,,,,,,,,,,,,,,,,
,,,,,,,,,,,,,,,,,,,,,,0,,,,,,,,,,,,,,,,,,,,,,,,,,,,,,,,,,
,,,,,,,,,,,,,,,,,,,,,,0,,,,,,,,,,,,,,,,,,,,,,,,,,,,,,,,,,
,,,,,,,,,,,,,,,,,,,,,,0,,,,,,,,,,,,,,,,,,,,,,,,,,,,,,,,,,
,,,,,,,,,,,,,,,,,,,,,,0,,,,,,,,,,,,,,,,,,,,,,,,,,,,,,,,,,
,,,,,,,,,,,,,,,,,,,,,,0,,,,,,,,,,,,,,,,,,,,,,,,,,,,,,,,,,
,,,,,,,,,,,,,,,,,,,,,,0,,,,,,,,,,,,,,,,,,,,,,,,,,,,,,,,,,
,,,,,,,,,,,,,,,,,,,,,,0,,,,,,,,,,,,,,,,,,,,,,,,,,,,,,,,,,
,,,,,,,,,,,,,,,,,,,,,,0,,,,,,,,,,,,,,,,,,,,,,,,,,,,,,,,,,
,,,,,,,,,,,,,,,,,,,,,,0,,,,,,,,,,,,,,,,,,,,,,,,,,,,,,,,,,
,,,,,,,,,,,,,,,,,,,,,,0,,,,,,,,,,,,,,,,,,,,,,,,,,,,,,,,,,
,,,,,,,,,,,,,,,,,,,,,,0,,,,,,,,,,,,,,,,,,,,,,,,,,,,,,,,,,
,,,,,,,,,,,,,,,,,,,,,,0,,,,,,,,,,,,,,,,,,,,,,,,,,,,,,,,,,
,,,,,,,,,,,,,,,,,,,,,,0,,,,,,,,,,,,,,,,,,,,,,,,,,,,,,,,,,
,,,,,,,,,,,,,,,,,,,,,,0,,,,,,,,,,,,,,,,,,,,,,,,,,,,,,,,,,
,,,,,,,,,,,,,,,,,,,,,,0,,,,,,,,,,,,,,,,,,,,,,,,,,,,,,,,,,
,,,,,,,,,,,,,,,,,,,,,,0,,,,,,,,,,,,,,,,,,,,,,,,,,,,,,,,,,
,,,,,,,,,,,,,,,,,,,,,,0,,,,,,,,,,,,,,,,,,,,,,,,,,,,,,,,,,
,,,,,,,,,,,,,,,,,,,,,,0,,,,,,,,,,,,,,,,,,,,,,,,,,,,,,,,,,
,,,,,,,,,,,,,,,,,,,,,,0,,,,,,,,,,,,,,,,,,,,,,,,,,,,,,,,,,
,,,,,,,,,,,,,,,,,,,,,,0,,,,,,,,,,,,,,,,,,,,,,,,,,,,,,,,,,
,,,,,,,,,,,,,,,,,,,,,,0,,,,,,,,,,,,,,,,,,,,,,,,,,,,,,,,,,
,,,,,,,,,,,,,,,,,,,,,,0,,,,,,,,,,,,,,,,,,,,,,,,,,,,,,,,,,
,,,,,,,,,,,,,,,,,,,,,,0,,,,,,,,,,,,,,,,,,,,,,,,,,,,,,,,,,
,,,,,,,,,,,,,,,,,,,,,,0,,,,,,,,,,,,,,,,,,,,,,,,,,,,,,,,,,
,,,,,,,,,,,,,,,,,,,,,,0,,,,,,,,,,,,,,,,,,,,,,,,,,,,,,,,,,
,,,,,,,,,,,,,,,,,,,,,,0,,,,,,,,,,,,,,,,,,,,,,,,,,,,,,,,,,
,,,,,,,,,,,,,,,,,,,,,,0,,,,,,,,,,,,,,,,,,,,,,,,,,,,,,,,,,
,,,,,,,,,,,,,,,,,,,,,,0,,,,,,,,,,,,,,,,,,,,,,,,,,,,,,,,,,
,,,,,,,,,,,,,,,,,,,,,,0,,,,,,,,,,,,,,,,,,,,,,,,,,,,,,,,,,
,,,,,,,,,,,,,,,,,,,,,,0,,,,,,,,,,,,,,,,,,,,,,,,,,,,,,,,,,
,,,,,,,,,,,,,,,,,,,,,,0,,,,,,,,,,,,,,,,,,,,,,,,,,,,,,,,,,
,,,,,,,,,,,,,,,,,,,,,,0,,,,,,,,,,,,,,,,,,,,,,,,,,,,,,,,,,
,,,,,,,,,,,,,,,,,,,,,,0,,,,,,,,,,,,,,,,,,,,,,,,,,,,,,,,,,
,,,,,,,,,,,,,,,,,,,,,,0,,,,,,,,,,,,,,,,,,,,,,,,,,,,,,,,,,
,,,,,,,,,,,,,,,,,,,,,,,,,,,,,,,,,,,,,,,,,,,,,,,,,,,,,,,,
,,,,,,,,,,,,,,,,,,,,,,,,,,,,,,,,,,,,,,,,,,,,,,,,,,,,,,,,
,,,,,,,,,,,,,,,,,,,,,,,,,,,,,,,,,,,,,,,,,,,,,,,,,,,,,,,,
,,,,,,,,,,,,,,,,,,,,,,,,,,,,,,,,,,,,,,,,,,,,,,,,,,,,,,,,
,,,,,,,,,,,,,,,,,,,,,,,,,,,,,,,,,,,,,,,,,,,,,,,,,,,,,,,,
,,,,,,,,,,,,,,,,,,,,,,,,,,,,,,,,,,,,,,,,,,,,,,,,,,,,,,,,
,,,,,,,,,,,,,,,,,,,,,,,,,,,,,,,,,,,,,,,,,,,,,,,,,,,,,,,,
,,,,,,,,,,,,,,,,,,,,,,,,,,,,,,,,,,,,,,,,,,,,,,,,,,,,,,,,
,,,,,,,,,,,,,,,,,,,,,,,,,,,,,,,,,,,,,,,,,,,,,,,,,,,,,,,,
,,,,,,,,,,,,,,,,,,,,,,,,,,,,,,,,,,,,,,,,,,,,,,,,,,,,,,,,
,,,,,,,,,,,,,,,,,,,,,,,,,,,,,,,,,,,,,,,,,,,,,,,,,,,,,,,,
,,,,,,,,,,,,,,,,,,,,,,,,,,,,,,,,,,,,,,,,,,,,,,,,,,,,,,,,
,,,,,,,,,,,,,,,,,,,,,,,,,,,,,,,,,,,,,,,,,,,,,,,,,,,,,,,,
,,,,,,,,,,,,,,,,,,,,,,,,,,,,,,,,,,,,,,,,,,,,,,,,,,,,,,,,
,,,,,,,,,,,,,,,,,,,,,,,,,,,,,,,,,,,,,,,,,,,,,,,,,,,,,,,,
,,,,,,,,,,,,,,,,,,,,,,,,,,,,,,,,,,,,,,,,,,,,,,,,,,,,,,,,
,,,,,,,,,,,,,,,,,,,,,,,,,,,,,,,,,,,,,,,,,,,,,,,,,,,,,,,,
,,,,,,,,,,,,,,,,,,,,,,,,,,,,,,,,,,,,,,,,,,,,,,,,,,,,,,,,
,,,,,,,,,,,,,,,,,,,,,,,,,,,,,,,,,,,,,,,,,,,,,,,,,,,,,,,,
,,,,,,,,,,,,,,,,,,,,,,,,,,,,,,,,,,,,,,,,,,,,,,,,,,,,,,,,
,,,,,,,,,,,,,,,,,,,,,,,,,,,,,,,,,,,,,,,,,,,,,,,,,,,,,,,,
,,,,,,,,,,,,,,,,,,,,,,,,,,,,,,,,,,,,,,,,,,,,,,,,,,,,,,,,
,,,,,,,,,,,,,,,,,,,,,,,,,,,,,,,,,,,,,,,,,,,,,,,,,,,,,,,,
,,,,,,,,,,,,,,,,,,,,,,,,,,,,,,,,,,,,,,,,,,,,,,,,,,,,,,,,
,,,,,,,,,,,,,,,,,,,,,,,,,,,,,,,,,,,,,,,,,,,,,,,,,,,,,,,,
,,,,,,,,,,,,,,,,,,,,,,,,,,,,,,,,,,,,,,,,,,,,,,,,,,,,,,,,
,,,,,,,,,,,,,,,,,,,,,,,,,,,,,,,,,,,,,,,,,,,,,,,,,,,,,,,,
,,,,,,,,,,,,,,,,,,,,,,,,,,,,,,,,,,,,,,,,,,,,,,,,,,,,,,,,
,,,,,,,,,,,,,,,,,,,,,,,,,,,,,,,,,,,,,,,,,,,,,,,,,,,,,,,,
,,,,,,,,,,,,,,,,,,,,,,,,,,,,,,,,,,,,,,,,,,,,,,,,,,,,,,,,
,,,,,,,,,,,,,,,,,,,,,,,,,,,,,,,,,,,,,,,,,,,,,,,,,,,,,,,,
,,,,,,,,,,,,,,,,,,,,,,,,,,,,,,,,,,,,,,,,,,,,,,,,,,,,,,,,
,,,,,,,,,,,,,,,,,,,,,,,,,,,,,,,,,,,,,,,,,,,,,,,,,,,,,,,,
,,,,,,,,,,,,,,,,,,,,,,,,,,,,,,,,,,,,,,,,,,,,,,,,,,,,,,,,
,,,,,,,,,,,,,,,,,,,,,,,,,,,,,,,,,,,,,,,,,,,,,,,,,,,,,,,,
,,,,,,,,,,,,,,,,,,,,,,,,,,,,,,,,,,,,,,,,,,,,,,,,,,,,,,,,
,,,,,,,,,,,,,,,,,,,,,,,,,,,,,,,,,,,,,,,,,,,,,,,,,,,,,,,,
,,,,,,,,,,,,,,,,,,,,,,,,,,,,,,,,,,,,,,,,,,,,,,,,,,,,,,,,
,,,,,,,,,,,,,,,,,,,,,,,,,,,,,,,,,,,,,,,,,,,,,,,,,,,,,,,,
,,,,,,,,,,,,,,,,,,,,,,,,,,,,,,,,,,,,,,,,,,,,,,,,,,,,,,,,
,,,,,,,,,,,,,,,,,,,,,,,,,,,,,,,,,,,,,,,,,,,,,,,,,,,,,,,,
,,,,,,,,,,,,,,,,,,,,,,,,,,,,,,,,,,,,,,,,,,,,,,,,,,,,,,,,
,,,,,,,,,,,,,,,,,,,,,,,,,,,,,,,,,,,,,,,,,,,,,,,,,,,,,,,,
,,,,,,,,,,,,,,,,,,,,,,,,,,,,,,,,,,,,,,,,,,,,,,,,,,,,,,,,
,,,,,,,,,,,,,,,,,,,,,,,,,,,,,,,,,,,,,,,,,,,,,,,,,,,,,,,,
,,,,,,,,,,,,,,,,,,,,,,,,,,,,,,,,,,,,,,,,,,,,,,,,,,,,,,,,
,,,,,,,,,,,,,,,,,,,,,,,,,,,,,,,,,,,,,,,,,,,,,,,,,,,,,,,,
,,,,,,,,,,,,,,,,,,,,,,,,,,,,,,,,,,,,,,,,,,,,,,,,,,,,,,,,
,,,,,,,,,,,,,,,,,,,,,,,,,,,,,,,,,,,,,,,,,,,,,,,,,,,,,,,,
,,,,,,,,,,,,,,,,,,,,,,,,,,,,,,,,,,,,,,,,,,,,,,,,,,,,,,,,
,,,,,,,,,,,,,,,,,,,,,,,,,,,,,,,,,,,,,,,,,,,,,,,,,,,,,,,,
,,,,,,,,,,,,,,,,,,,,,,,,,,,,,,,,,,,,,,,,,,,,,,,,,,,,,,,,
,,,,,,,,,,,,,,,,,,,,,,,,,,,,,,,,,,,,,,,,,,,,,,,,,,,,,,,,
,,,,,,,,,,,,,,,,,,,,,,,,,,,,,,,,,,,,,,,,,,,,,,,,,,,,,,,,
,,,,,,,,,,,,,,,,,,,,,,,,,,,,,,,,,,,,,,,,,,,,,,,,,,,,,,,,
,,,,,,,,,,,,,,,,,,,,,,,,,,,,,,,,,,,,,,,,,,,,,,,,,,,,,,,,
,,,,,,,,,,,,,,,,,,,,,,,,,,,,,,,,,,,,,,,,,,,,,,,,,,,,,,,,
,,,,,,,,,,,,,,,,,,,,,,,,,,,,,,,,,,,,,,,,,,,,,,,,,,,,,,,,
,,,,,,,,,,,,,,,,,,,,,,,,,,,,,,,,,,,,,,,,,,,,,,,,,,,,,,,,
,,,,,,,,,,,,,,,,,,,,,,,,,,,,,,,,,,,,,,,,,,,,,,,,,,,,,,,,
,,,,,,,,,,,,,,,,,,,,,,,,,,,,,,,,,,,,,,,,,,,,,,,,,,,,,,,,
,,,,,,,,,,,,,,,,,,,,,,,,,,,,,,,,,,,,,,,,,,,,,,,,,,,,,,,,
,,,,,,,,,,,,,,,,,,,,,,,,,,,,,,,,,,,,,,,,,,,,,,,,,,,,,,,,
,,,,,,,,,,,,,,,,,,,,,,,,,,,,,,,,,,,,,,,,,,,,,,,,,,,,,,,,
,,,,,,,,,,,,,,,,,,,,,,,,,,,,,,,,,,,,,,,,,,,,,,,,,,,,,,,,
,,,,,,,,,,,,,,,,,,,,,,,,,,,,,,,,,,,,,,,,,,,,,,,,,,,,,,,,
,,,,,,,,,,,,,,,,,,,,,,,,,,,,,,,,,,,,,,,,,,,,,,,,,,,,,,,,
,,,,,,,,,,,,,,,,,,,,,,,,,,,,,,,,,,,,,,,,,,,,,,,,,,,,,,,,
,,,,,,,,,,,,,,,,,,,,,,,,,,,,,,,,,,,,,,,,,,,,,,,,,,,,,,,,
,,,,,,,,,,,,,,,,,,,,,,,,,,,,,,,,,,,,,,,,,,,,,,,,,,,,,,,,
,,,,,,,,,,,,,,,,,,,,,,,,,,,,,,,,,,,,,,,,,,,,,,,,,,,,,,,,
,,,,,,,,,,,,,,,,,,,,,,,,,,,,,,,,,,,,,,,,,,,,,,,,,,,,,,,,
,,,,,,,,,,,,,,,,,,,,,,,,,,,,,,,,,,,,,,,,,,,,,,,,,,,,,,,,
,,,,,,,,,,,,,,,,,,,,,,,,,,,,,,,,,,,,,,,,,,,,,,,,,,,,,,,,
,,,,,,,,,,,,,,,,,,,,,,,,,,,,,,,,,,,,,,,,,,,,,,,,,,,,,,,,
,,,,,,,,,,,,,,,,,,,,,,,,,,,,,,,,,,,,,,,,,,,,,,,,,,,,,,,,
,,,,,,,,,,,,,,,,,,,,,,,,,,,,,,,,,,,,,,,,,,,,,,,,,,,,,,,,
,,,,,,,,,,,,,,,,,,,,,,,,,,,,,,,,,,,,,,,,,,,,,,,,,,,,,,,,
,,,,,,,,,,,,,,,,,,,,,,,,,,,,,,,,,,,,,,,,,,,,,,,,,,,,,,,,
,,,,,,,,,,,,,,,,,,,,,,,,,,,,,,,,,,,,,,,,,,,,,,,,,,,,,,,,
,,,,,,,,,,,,,,,,,,,,,,,,,,,,,,,,,,,,,,,,,,,,,,,,,,,,,,,,
,,,,,,,,,,,,,,,,,,,,,,,,,,,,,,,,,,,,,,,,,,,,,,,,,,,,,,,,
,,,,,,,,,,,,,,,,,,,,,,,,,,,,,,,,,,,,,,,,,,,,,,,,,,,,,,,,
,,,,,,,,,,,,,,,,,,,,,,,,,,,,,,,,,,,,,,,,,,,,,,,,,,,,,,,,
,,,,,,,,,,,,,,,,,,,,,,,,,,,,,,,,,,,,,,,,,,,,,,,,,,,,,,,,
,,,,,,,,,,,,,,,,,,,,,,,,,,,,,,,,,,,,,,,,,,,,,,,,,,,,,,,,
,,,,,,,,,,,,,,,,,,,,,,,,,,,,,,,,,,,,,,,,,,,,,,,,,,,,,,,,
,,,,,,,,,,,,,,,,,,,,,,,,,,,,,,,,,,,,,,,,,,,,,,,,,,,,,,,,
,,,,,,,,,,,,,,,,,,,,,,,,,,,,,,,,,,,,,,,,,,,,,,,,,,,,,,,,
,,,,,,,,,,,,,,,,,,,,,,,,,,,,,,,,,,,,,,,,,,,,,,,,,,,,,,,,
,,,,,,,,,,,,,,,,,,,,,,,,,,,,,,,,,,,,,,,,,,,,,,,,,,,,,,,,
,,,,,,,,,,,,,,,,,,,,,,,,,,,,,,,,,,,,,,,,,,,,,,,,,,,,,,,,
,,,,,,,,,,,,,,,,,,,,,,,,,,,,,,,,,,,,,,,,,,,,,,,,,,,,,,,,
,,,,,,,,,,,,,,,,,,,,,,,,,,,,,,,,,,,,,,,,,,,,,,,,,,,,,,,,
,,,,,,,,,,,,,,,,,,,,,,,,,,,,,,,,,,,,,,,,,,,,,,,,,,,,,,,,
,,,,,,,,,,,,,,,,,,,,,,,,,,,,,,,,,,,,,,,,,,,,,,,,,,,,,,,,
,,,,,,,,,,,,,,,,,,,,,,,,,,,,,,,,,,,,,,,,,,,,,,,,,,,,,,,,
,,,,,,,,,,,,,,,,,,,,,,,,,,,,,,,,,,,,,,,,,,,,,,,,,,,,,,,,
,,,,,,,,,,,,,,,,,,,,,,,,,,,,,,,,,,,,,,,,,,,,,,,,,,,,,,,,
,,,,,,,,,,,,,,,,,,,,,,,,,,,,,,,,,,,,,,,,,,,,,,,,,,,,,,,,
,,,,,,,,,,,,,,,,,,,,,,,,,,,,,,,,,,,,,,,,,,,,,,,,,,,,,,,,
,,,,,,,,,,,,,,,,,,,,,,,,,,,,,,,,,,,,,,,,,,,,,,,,,,,,,,,,
,,,,,,,,,,,,,,,,,,,,,,,,,,,,,,,,,,,,,,,,,,,,,,,,,,,,,,,,
,,,,,,,,,,,,,,,,,,,,,,,,,,,,,,,,,,,,,,,,,,,,,,,,,,,,,,,,
,,,,,,,,,,,,,,,,,,,,,,,,,,,,,,,,,,,,,,,,,,,,,,,,,,,,,,,,
,,,,,,,,,,,,,,,,,,,,,,,,,,,,,,,,,,,,,,,,,,,,,,,,,,,,,,,,
,,,,,,,,,,,,,,,,,,,,,,,,,,,,,,,,,,,,,,,,,,,,,,,,,,,,,,,,
,,,,,,,,,,,,,,,,,,,,,,,,,,,,,,,,,,,,,,,,,,,,,,,,,,,,,,,,
,,,,,,,,,,,,,,,,,,,,,,,,,,,,,,,,,,,,,,,,,,,,,,,,,,,,,,,,
,,,,,,,,,,,,,,,,,,,,,,,,,,,,,,,,,,,,,,,,,,,,,,,,,,,,,,,,
,,,,,,,,,,,,,,,,,,,,,,,,,,,,,,,,,,,,,,,,,,,,,,,,,,,,,,,,
,,,,,,,,,,,,,,,,,,,,,,,,,,,,,,,,,,,,,,,,,,,,,,,,,,,,,,,,
,,,,,,,,,,,,,,,,,,,,,,,,,,,,,,,,,,,,,,,,,,,,,,,,,,,,,,,,
,,,,,,,,,,,,,,,,,,,,,,,,,,,,,,,,,,,,,,,,,,,,,,,,,,,,,,,,
,,,,,,,,,,,,,,,,,,,,,,,,,,,,,,,,,,,,,,,,,,,,,,,,,,,,,,,,
,,,,,,,,,,,,,,,,,,,,,,,,,,,,,,,,,,,,,,,,,,,,,,,,,,,,,,,,
,,,,,,,,,,,,,,,,,,,,,,,,,,,,,,,,,,,,,,,,,,,,,,,,,,,,,,,,
,,,,,,,,,,,,,,,,,,,,,,,,,,,,,,,,,,,,,,,,,,,,,,,,,,,,,,,,
,,,,,,,,,,,,,,,,,,,,,,,,,,,,,,,,,,,,,,,,,,,,,,,,,,,,,,,,
,,,,,,,,,,,,,,,,,,,,,,,,,,,,,,,,,,,,,,,,,,,,,,,,,,,,,,,,
,,,,,,,,,,,,,,,,,,,,,,,,,,,,,,,,,,,,,,,,,,,,,,,,,,,,,,,,
,,,,,,,,,,,,,,,,,,,,,,,,,,,,,,,,,,,,,,,,,,,,,,,,,,,,,,,,
,,,,,,,,,,,,,,,,,,,,,,,,,,,,,,,,,,,,,,,,,,,,,,,,,,,,,,,,
,,,,,,,,,,,,,,,,,,,,,,,,,,,,,,,,,,,,,,,,,,,,,,,,,,,,,,,,
,,,,,,,,,,,,,,,,,,,,,,,,,,,,,,,,,,,,,,,,,,,,,,,,,,,,,,,,
,,,,,,,,,,,,,,,,,,,,,,,,,,,,,,,,,,,,,,,,,,,,,,,,,,,,,,,,
,,,,,,,,,,,,,,,,,,,,,,,,,,,,,,,,,,,,,,,,,,,,,,,,,,,,,,,,
,,,,,,,,,,,,,,,,,,,,,,,,,,,,,,,,,,,,,,,,,,,,,,,,,,,,,,,,
,,,,,,,,,,,,,,,,,,,,,,,,,,,,,,,,,,,,,,,,,,,,,,,,,,,,,,,,
,,,,,,,,,,,,,,,,,,,,,,,,,,,,,,,,,,,,,,,,,,,,,,,,,,,,,,,,
,,,,,,,,,,,,,,,,,,,,,,,,,,,,,,,,,,,,,,,,,,,,,,,,,,,,,,,,
,,,,,,,,,,,,,,,,,,,,,,,,,,,,,,,,,,,,,,,,,,,,,,,,,,,,,,,,
,,,,,,,,,,,,,,,,,,,,,,,,,,,,,,,,,,,,,,,,,,,,,,,,,,,,,,,,
,,,,,,,,,,,,,,,,,,,,,,,,,,,,,,,,,,,,,,,,,,,,,,,,,,,,,,,,
,,,,,,,,,,,,,,,,,,,,,,,,,,,,,,,,,,,,,,,,,,,,,,,,,,,,,,,,
,,,,,,,,,,,,,,,,,,,,,,,,,,,,,,,,,,,,,,,,,,,,,,,,,,,,,,,,
,,,,,,,,,,,,,,,,,,,,,,,,,,,,,,,,,,,,,,,,,,,,,,,,,,,,,,,,
,,,,,,,,,,,,,,,,,,,,,,,,,,,,,,,,,,,,,,,,,,,,,,,,,,,,,,,,
,,,,,,,,,,,,,,,,,,,,,,,,,,,,,,,,,,,,,,,,,,,,,,,,,,,,,,,,
,,,,,,,,,,,,,,,,,,,,,,,,,,,,,,,,,,,,,,,,,,,,,,,,,,,,,,,,
,,,,,,,,,,,,,,,,,,,,,,,,,,,,,,,,,,,,,,,,,,,,,,,,,,,,,,,,
,,,,,,,,,,,,,,,,,,,,,,,,,,,,,,,,,,,,,,,,,,,,,,,,,,,,,,,,
,,,,,,,,,,,,,,,,,,,,,,,,,,,,,,,,,,,,,,,,,,,,,,,,,,,,,,,,
,,,,,,,,,,,,,,,,,,,,,,,,,,,,,,,,,,,,,,,,,,,,,,,,,,,,,,,,
,,,,,,,,,,,,,,,,,,,,,,,,,,,,,,,,,,,,,,,,,,,,,,,,,,,,,,,,
,,,,,,,,,,,,,,,,,,,,,,,,,,,,,,,,,,,,,,,,,,,,,,,,,,,,,,,,
,,,,,,,,,,,,,,,,,,,,,,,,,,,,,,,,,,,,,,,,,,,,,,,,,,,,,,,,
,,,,,,,,,,,,,,,,,,,,,,,,,,,,,,,,,,,,,,,,,,,,,,,,,,,,,,,,
,,,,,,,,,,,,,,,,,,,,,,,,,,,,,,,,,,,,,,,,,,,,,,,,,,,,,,,,
,,,,,,,,,,,,,,,,,,,,,,,,,,,,,,,,,,,,,,,,,,,,,,,,,,,,,,,,
,,,,,,,,,,,,,,,,,,,,,,,,,,,,,,,,,,,,,,,,,,,,,,,,,,,,,,,,
,,,,,,,,,,,,,,,,,,,,,,,,,,,,,,,,,,,,,,,,,,,,,,,,,,,,,,,,
,,,,,,,,,,,,,,,,,,,,,,,,,,,,,,,,,,,,,,,,,,,,,,,,,,,,,,,,
,,,,,,,,,,,,,,,,,,,,,,,,,,,,,,,,,,,,,,,,,,,,,,,,,,,,,,,,
,,,,,,,,,,,,,,,,,,,,,,,,,,,,,,,,,,,,,,,,,,,,,,,,,,,,,,,,
,,,,,,,,,,,,,,,,,,,,,,,,,,,,,,,,,,,,,,,,,,,,,,,,,,,,,,,,
,,,,,,,,,,,,,,,,,,,,,,,,,,,,,,,,,,,,,,,,,,,,,,,,,,,,,,,,
,,,,,,,,,,,,,,,,,,,,,,,,,,,,,,,,,,,,,,,,,,,,,,,,,,,,,,,,
,,,,,,,,,,,,,,,,,,,,,,,,,,,,,,,,,,,,,,,,,,,,,,,,,,,,,,,,
,,,,,,,,,,,,,,,,,,,,,,,,,,,,,,,,,,,,,,,,,,,,,,,,,,,,,,,,
,,,,,,,,,,,,,,,,,,,,,,,,,,,,,,,,,,,,,,,,,,,,,,,,,,,,,,,,
,,,,,,,,,,,,,,,,,,,,,,,,,,,,,,,,,,,,,,,,,,,,,,,,,,,,,,,,
,,,,,,,,,,,,,,,,,,,,,,,,,,,,,,,,,,,,,,,,,,,,,,,,,,,,,,,,
,,,,,,,,,,,,,,,,,,,,,,,,,,,,,,,,,,,,,,,,,,,,,,,,,,,,,,,,
,,,,,,,,,,,,,,,,,,,,,,,,,,,,,,,,,,,,,,,,,,,,,,,,,,,,,,,,
,,,,,,,,,,,,,,,,,,,,,,,,,,,,,,,,,,,,,,,,,,,,,,,,,,,,,,,,
,,,,,,,,,,,,,,,,,,,,,,,,,,,,,,,,,,,,,,,,,,,,,,,,,,,,,,,,
,,,,,,,,,,,,,,,,,,,,,,,,,,,,,,,,,,,,,,,,,,,,,,,,,,,,,,,,
,,,,,,,,,,,,,,,,,,,,,,,,,,,,,,,,,,,,,,,,,,,,,,,,,,,,,,,,
,,,,,,,,,,,,,,,,,,,,,,,,,,,,,,,,,,,,,,,,,,,,,,,,,,,,,,,,
,,,,,,,,,,,,,,,,,,,,,,,,,,,,,,,,,,,,,,,,,,,,,,,,,,,,,,,,
,,,,,,,,,,,,,,,,,,,,,,,,,,,,,,,,,,,,,,,,,,,,,,,,,,,,,,,,
,,,,,,,,,,,,,,,,,,,,,,,,,,,,,,,,,,,,,,,,,,,,,,,,,,,,,,,,
,,,,,,,,,,,,,,,,,,,,,,,,,,,,,,,,,,,,,,,,,,,,,,,,,,,,,,,,
,,,,,,,,,,,,,,,,,,,,,,,,,,,,,,,,,,,,,,,,,,,,,,,,,,,,,,,,
,,,,,,,,,,,,,,,,,,,,,,,,,,,,,,,,,,,,,,,,,,,,,,,,,,,,,,,,
,,,,,,,,,,,,,,,,,,,,,,,,,,,,,,,,,,,,,,,,,,,,,,,,,,,,,,,,
,,,,,,,,,,,,,,,,,,,,,,,,,,,,,,,,,,,,,,,,,,,,,,,,,,,,,,,,
,,,,,,,,,,,,,,,,,,,,,,,,,,,,,,,,,,,,,,,,,,,,,,,,,,,,,,,,
,,,,,,,,,,,,,,,,,,,,,,,,,,,,,,,,,,,,,,,,,,,,,,,,,,,,,,,,
,,,,,,,,,,,,,,,,,,,,,,,,,,,,,,,,,,,,,,,,,,,,,,,,,,,,,,,,
,,,,,,,,,,,,,,,,,,,,,,,,,,,,,,,,,,,,,,,,,,,,,,,,,,,,,,,,
,,,,,,,,,,,,,,,,,,,,,,,,,,,,,,,,,,,,,,,,,,,,,,,,,,,,,,,,
,,,,,,,,,,,,,,,,,,,,,,,,,,,,,,,,,,,,,,,,,,,,,,,,,,,,,,,,
,,,,,,,,,,,,,,,,,,,,,,,,,,,,,,,,,,,,,,,,,,,,,,,,,,,,,,,,
,,,,,,,,,,,,,,,,,,,,,,,,,,,,,,,,,,,,,,,,,,,,,,,,,,,,,,,,
,,,,,,,,,,,,,,,,,,,,,,,,,,,,,,,,,,,,,,,,,,,,,,,,,,,,,,,,
,,,,,,,,,,,,,,,,,,,,,,,,,,,,,,,,,,,,,,,,,,,,,,,,,,,,,,,,
,,,,,,,,,,,,,,,,,,,,,,,,,,,,,,,,,,,,,,,,,,,,,,,,,,,,,,,,
,,,,,,,,,,,,,,,,,,,,,,,,,,,,,,,,,,,,,,,,,,,,,,,,,,,,,,,,
,,,,,,,,,,,,,,,,,,,,,,,,,,,,,,,,,,,,,,,,,,,,,,,,,,,,,,,,
,,,,,,,,,,,,,,,,,,,,,,,,,,,,,,,,,,,,,,,,,,,,,,,,,,,,,,,,
,,,,,,,,,,,,,,,,,,,,,,,,,,,,,,,,,,,,,,,,,,,,,,,,,,,,,,,,
,,,,,,,,,,,,,,,,,,,,,,,,,,,,,,,,,,,,,,,,,,,,,,,,,,,,,,,,
,,,,,,,,,,,,,,,,,,,,,,,,,,,,,,,,,,,,,,,,,,,,,,,,,,,,,,,,
,,,,,,,,,,,,,,,,,,,,,,,,,,,,,,,,,,,,,,,,,,,,,,,,,,,,,,,,
,,,,,,,,,,,,,,,,,,,,,,,,,,,,,,,,,,,,,,,,,,,,,,,,,,,,,,,,
,,,,,,,,,,,,,,,,,,,,,,,,,,,,,,,,,,,,,,,,,,,,,,,,,,,,,,,,
,,,,,,,,,,,,,,,,,,,,,,,,,,,,,,,,,,,,,,,,,,,,,,,,,,,,,,,,
,,,,,,,,,,,,,,,,,,,,,,,,,,,,,,,,,,,,,,,,,,,,,,,,,,,,,,,,
,,,,,,,,,,,,,,,,,,,,,,,,,,,,,,,,,,,,,,,,,,,,,,,,,,,,,,,,
,,,,,,,,,,,,,,,,,,,,,,,,,,,,,,,,,,,,,,,,,,,,,,,,,,,,,,,,
,,,,,,,,,,,,,,,,,,,,,,,,,,,,,,,,,,,,,,,,,,,,,,,,,,,,,,,,
,,,,,,,,,,,,,,,,,,,,,,,,,,,,,,,,,,,,,,,,,,,,,,,,,,,,,,,,
,,,,,,,,,,,,,,,,,,,,,,,,,,,,,,,,,,,,,,,,,,,,,,,,,,,,,,,,
,,,,,,,,,,,,,,,,,,,,,,,,,,,,,,,,,,,,,,,,,,,,,,,,,,,,,,,,
,,,,,,,,,,,,,,,,,,,,,,,,,,,,,,,,,,,,,,,,,,,,,,,,,,,,,,,,
,,,,,,,,,,,,,,,,,,,,,,,,,,,,,,,,,,,,,,,,,,,,,,,,,,,,,,,,
,,,,,,,,,,,,,,,,,,,,,,,,,,,,,,,,,,,,,,,,,,,,,,,,,,,,,,,,
,,,,,,,,,,,,,,,,,,,,,,,,,,,,,,,,,,,,,,,,,,,,,,,,,,,,,,,,
,,,,,,,,,,,,,,,,,,,,,,,,,,,,,,,,,,,,,,,,,,,,,,,,,,,,,,,,
,,,,,,,,,,,,,,,,,,,,,,,,,,,,,,,,,,,,,,,,,,,,,,,,,,,,,,,,
,,,,,,,,,,,,,,,,,,,,,,,,,,,,,,,,,,,,,,,,,,,,,,,,,,,,,,,,
,,,,,,,,,,,,,,,,,,,,,,,,,,,,,,,,,,,,,,,,,,,,,,,,,,,,,,,,
,,,,,,,,,,,,,,,,,,,,,,,,,,,,,,,,,,,,,,,,,,,,,,,,,,,,,,,,
,,,,,,,,,,,,,,,,,,,,,,,,,,,,,,,,,,,,,,,,,,,,,,,,,,,,,,,,
,,,,,,,,,,,,,,,,,,,,,,,,,,,,,,,,,,,,,,,,,,,,,,,,,,,,,,,,
,,,,,,,,,,,,,,,,,,,,,,,,,,,,,,,,,,,,,,,,,,,,,,,,,,,,,,,,
,,,,,,,,,,,,,,,,,,,,,,,,,,,,,,,,,,,,,,,,,,,,,,,,,,,,,,,,
,,,,,,,,,,,,,,,,,,,,,,,,,,,,,,,,,,,,,,,,,,,,,,,,,,,,,,,,
,,,,,,,,,,,,,,,,,,,,,,,,,,,,,,,,,,,,,,,,,,,,,,,,,,,,,,,,
,,,,,,,,,,,,,,,,,,,,,,,,,,,,,,,,,,,,,,,,,,,,,,,,,,,,,,,,
,,,,,,,,,,,,,,,,,,,,,,,,,,,,,,,,,,,,,,,,,,,,,,,,,,,,,,,,
,,,,,,,,,,,,,,,,,,,,,,,,,,,,,,,,,,,,,,,,,,,,,,,,,,,,,,,,
,,,,,,,,,,,,,,,,,,,,,,,,,,,,,,,,,,,,,,,,,,,,,,,,,,,,,,,,
,,,,,,,,,,,,,,,,,,,,,,,,,,,,,,,,,,,,,,,,,,,,,,,,,,,,,,,,
,,,,,,,,,,,,,,,,,,,,,,,,,,,,,,,,,,,,,,,,,,,,,,,,,,,,,,,,
,,,,,,,,,,,,,,,,,,,,,,,,,,,,,,,,,,,,,,,,,,,,,,,,,,,,,,,,
,,,,,,,,,,,,,,,,,,,,,,,,,,,,,,,,,,,,,,,,,,,,,,,,,,,,,,,,
,,,,,,,,,,,,,,,,,,,,,,,,,,,,,,,,,,,,,,,,,,,,,,,,,,,,,,,,
,,,,,,,,,,,,,,,,,,,,,,,,,,,,,,,,,,,,,,,,,,,,,,,,,,,,,,,,
,,,,,,,,,,,,,,,,,,,,,,,,,,,,,,,,,,,,,,,,,,,,,,,,,,,,,,,,
,,,,,,,,,,,,,,,,,,,,,,,,,,,,,,,,,,,,,,,,,,,,,,,,,,,,,,,,
,,,,,,,,,,,,,,,,,,,,,,,,,,,,,,,,,,,,,,,,,,,,,,,,,,,,,,,,
,,,,,,,,,,,,,,,,,,,,,,,,,,,,,,,,,,,,,,,,,,,,,,,,,,,,,,,,
,,,,,,,,,,,,,,,,,,,,,,,,,,,,,,,,,,,,,,,,,,,,,,,,,,,,,,,,
,,,,,,,,,,,,,,,,,,,,,,,,,,,,,,,,,,,,,,,,,,,,,,,,,,,,,,,,
,,,,,,,,,,,,,,,,,,,,,,,,,,,,,,,,,,,,,,,,,,,,,,,,,,,,,,,,
,,,,,,,,,,,,,,,,,,,,,,,,,,,,,,,,,,,,,,,,,,,,,,,,,,,,,,,,
,,,,,,,,,,,,,,,,,,,,,,,,,,,,,,,,,,,,,,,,,,,,,,,,,,,,,,,,
,,,,,,,,,,,,,,,,,,,,,,,,,,,,,,,,,,,,,,,,,,,,,,,,,,,,,,,,
,,,,,,,,,,,,,,,,,,,,,,,,,,,,,,,,,,,,,,,,,,,,,,,,,,,,,,,,
,,,,,,,,,,,,,,,,,,,,,,,,,,,,,,,,,,,,,,,,,,,,,,,,,,,,,,,,
,,,,,,,,,,,,,,,,,,,,,,,,,,,,,,,,,,,,,,,,,,,,,,,,,,,,,,,,
,,,,,,,,,,,,,,,,,,,,,,,,,,,,,,,,,,,,,,,,,,,,,,,,,,,,,,,,
,,,,,,,,,,,,,,,,,,,,,,,,,,,,,,,,,,,,,,,,,,,,,,,,,,,,,,,,
,,,,,,,,,,,,,,,,,,,,,,,,,,,,,,,,,,,,,,,,,,,,,,,,,,,,,,,,
,,,,,,,,,,,,,,,,,,,,,,,,,,,,,,,,,,,,,,,,,,,,,,,,,,,,,,,,
,,,,,,,,,,,,,,,,,,,,,,,,,,,,,,,,,,,,,,,,,,,,,,,,,,,,,,,,
,,,,,,,,,,,,,,,,,,,,,,,,,,,,,,,,,,,,,,,,,,,,,,,,,,,,,,,,
,,,,,,,,,,,,,,,,,,,,,,,,,,,,,,,,,,,,,,,,,,,,,,,,,,,,,,,,
,,,,,,,,,,,,,,,,,,,,,,,,,,,,,,,,,,,,,,,,,,,,,,,,,,,,,,,,
,,,,,,,,,,,,,,,,,,,,,,,,,,,,,,,,,,,,,,,,,,,,,,,,,,,,,,,,
,,,,,,,,,,,,,,,,,,,,,,,,,,,,,,,,,,,,,,,,,,,,,,,,,,,,,,,,
,,,,,,,,,,,,,,,,,,,,,,,,,,,,,,,,,,,,,,,,,,,,,,,,,,,,,,,,
,,,,,,,,,,,,,,,,,,,,,,,,,,,,,,,,,,,,,,,,,,,,,,,,,,,,,,,,
,,,,,,,,,,,,,,,,,,,,,,,,,,,,,,,,,,,,,,,,,,,,,,,,,,,,,,,,
,,,,,,,,,,,,,,,,,,,,,,,,,,,,,,,,,,,,,,,,,,,,,,,,,,,,,,,,
,,,,,,,,,,,,,,,,,,,,,,,,,,,,,,,,,,,,,,,,,,,,,,,,,,,,,,,,
,,,,,,,,,,,,,,,,,,,,,,,,,,,,,,,,,,,,,,,,,,,,,,,,,,,,,,,,
,,,,,,,,,,,,,,,,,,,,,,,,,,,,,,,,,,,,,,,,,,,,,,,,,,,,,,,,
,,,,,,,,,,,,,,,,,,,,,,,,,,,,,,,,,,,,,,,,,,,,,,,,,,,,,,,,
,,,,,,,,,,,,,,,,,,,,,,,,,,,,,,,,,,,,,,,,,,,,,,,,,,,,,,,,
,,,,,,,,,,,,,,,,,,,,,,,,,,,,,,,,,,,,,,,,,,,,,,,,,,,,,,,,
,,,,,,,,,,,,,,,,,,,,,,,,,,,,,,,,,,,,,,,,,,,,,,,,,,,,,,,,
,,,,,,,,,,,,,,,,,,,,,,,,,,,,,,,,,,,,,,,,,,,,,,,,,,,,,,,,
,,,,,,,,,,,,,,,,,,,,,,,,,,,,,,,,,,,,,,,,,,,,,,,,,,,,,,,,
,,,,,,,,,,,,,,,,,,,,,,,,,,,,,,,,,,,,,,,,,,,,,,,,,,,,,,,,
,,,,,,,,,,,,,,,,,,,,,,,,,,,,,,,,,,,,,,,,,,,,,,,,,,,,,,,,
,,,,,,,,,,,,,,,,,,,,,,,,,,,,,,,,,,,,,,,,,,,,,,,,,,,,,,,,
,,,,,,,,,,,,,,,,,,,,,,,,,,,,,,,,,,,,,,,,,,,,,,,,,,,,,,,,
,,,,,,,,,,,,,,,,,,,,,,,,,,,,,,,,,,,,,,,,,,,,,,,,,,,,,,,,
,,,,,,,,,,,,,,,,,,,,,,,,,,,,,,,,,,,,,,,,,,,,,,,,,,,,,,,,
,,,,,,,,,,,,,,,,,,,,,,,,,,,,,,,,,,,,,,,,,,,,,,,,,,,,,,,,
,,,,,,,,,,,,,,,,,,,,,,,,,,,,,,,,,,,,,,,,,,,,,,,,,,,,,,,,
,,,,,,,,,,,,,,,,,,,,,,,,,,,,,,,,,,,,,,,,,,,,,,,,,,,,,,,,
,,,,,,,,,,,,,,,,,,,,,,,,,,,,,,,,,,,,,,,,,,,,,,,,,,,,,,,,
,,,,,,,,,,,,,,,,,,,,,,,,,,,,,,,,,,,,,,,,,,,,,,,,,,,,,,,,
,,,,,,,,,,,,,,,,,,,,,,,,,,,,,,,,,,,,,,,,,,,,,,,,,,,,,,,,
,,,,,,,,,,,,,,,,,,,,,,,,,,,,,,,,,,,,,,,,,,,,,,,,,,,,,,,,
,,,,,,,,,,,,,,,,,,,,,,,,,,,,,,,,,,,,,,,,,,,,,,,,,,,,,,,,
,,,,,,,,,,,,,,,,,,,,,,,,,,,,,,,,,,,,,,,,,,,,,,,,,,,,,,,,
,,,,,,,,,,,,,,,,,,,,,,,,,,,,,,,,,,,,,,,,,,,,,,,,,,,,,,,,
,,,,,,,,,,,,,,,,,,,,,,,,,,,,,,,,,,,,,,,,,,,,,,,,,,,,,,,,
,,,,,,,,,,,,,,,,,,,,,,,,,,,,,,,,,,,,,,,,,,,,,,,,,,,,,,,,
,,,,,,,,,,,,,,,,,,,,,,,,,,,,,,,,,,,,,,,,,,,,,,,,,,,,,,,,
,,,,,,,,,,,,,,,,,,,,,,,,,,,,,,,,,,,,,,,,,,,,,,,,,,,,,,,,
,,,,,,,,,,,,,,,,,,,,,,,,,,,,,,,,,,,,,,,,,,,,,,,,,,,,,,,,
,,,,,,,,,,,,,,,,,,,,,,,,,,,,,,,,,,,,,,,,,,,,,,,,,,,,,,,,
,,,,,,,,,,,,,,,,,,,,,,,,,,,,,,,,,,,,,,,,,,,,,,,,,,,,,,,,
,,,,,,,,,,,,,,,,,,,,,,,,,,,,,,,,,,,,,,,,,,,,,,,,,,,,,,,,
,,,,,,,,,,,,,,,,,,,,,,,,,,,,,,,,,,,,,,,,,,,,,,,,,,,,,,,,
,,,,,,,,,,,,,,,,,,,,,,,,,,,,,,,,,,,,,,,,,,,,,,,,,,,,,,,,
,,,,,,,,,,,,,,,,,,,,,,,,,,,,,,,,,,,,,,,,,,,,,,,,,,,,,,,,
,,,,,,,,,,,,,,,,,,,,,,,,,,,,,,,,,,,,,,,,,,,,,,,,,,,,,,,,
,,,,,,,,,,,,,,,,,,,,,,,,,,,,,,,,,,,,,,,,,,,,,,,,,,,,,,,,
,,,,,,,,,,,,,,,,,,,,,,,,,,,,,,,,,,,,,,,,,,,,,,,,,,,,,,,,
,,,,,,,,,,,,,,,,,,,,,,,,,,,,,,,,,,,,,,,,,,,,,,,,,,,,,,,,
,,,,,,,,,,,,,,,,,,,,,,,,,,,,,,,,,,,,,,,,,,,,,,,,,,,,,,,,
,,,,,,,,,,,,,,,,,,,,,,,,,,,,,,,,,,,,,,,,,,,,,,,,,,,,,,,,
,,,,,,,,,,,,,,,,,,,,,,,,,,,,,,,,,,,,,,,,,,,,,,,,,,,,,,,,
,,,,,,,,,,,,,,,,,,,,,,,,,,,,,,,,,,,,,,,,,,,,,,,,,,,,,,,,
,,,,,,,,,,,,,,,,,,,,,,,,,,,,,,,,,,,,,,,,,,,,,,,,,,,,,,,,
,,,,,,,,,,,,,,,,,,,,,,,,,,,,,,,,,,,,,,,,,,,,,,,,,,,,,,,,
,,,,,,,,,,,,,,,,,,,,,,,,,,,,,,,,,,,,,,,,,,,,,,,,,,,,,,,,
,,,,,,,,,,,,,,,,,,,,,,,,,,,,,,,,,,,,,,,,,,,,,,,,,,,,,,,,
,,,,,,,,,,,,,,,,,,,,,,,,,,,,,,,,,,,,,,,,,,,,,,,,,,,,,,,,
,,,,,,,,,,,,,,,,,,,,,,,,,,,,,,,,,,,,,,,,,,,,,,,,,,,,,,,,
,,,,,,,,,,,,,,,,,,,,,,,,,,,,,,,,,,,,,,,,,,,,,,,,,,,,,,,,
,,,,,,,,,,,,,,,,,,,,,,,,,,,,,,,,,,,,,,,,,,,,,,,,,,,,,,,,
,,,,,,,,,,,,,,,,,,,,,,,,,,,,,,,,,,,,,,,,,,,,,,,,,,,,,,,,
,,,,,,,,,,,,,,,,,,,,,,,,,,,,,,,,,,,,,,,,,,,,,,,,,,,,,,,,
,,,,,,,,,,,,,,,,,,,,,,,,,,,,,,,,,,,,,,,,,,,,,,,,,,,,,,,,
,,,,,,,,,,,,,,,,,,,,,,,,,,,,,,,,,,,,,,,,,,,,,,,,,,,,,,,,
,,,,,,,,,,,,,,,,,,,,,,,,,,,,,,,,,,,,,,,,,,,,,,,,,,,,,,,,
,,,,,,,,,,,,,,,,,,,,,,,,,,,,,,,,,,,,,,,,,,,,,,,,,,,,,,,,
,,,,,,,,,,,,,,,,,,,,,,,,,,,,,,,,,,,,,,,,,,,,,,,,,,,,,,,,
,,,,,,,,,,,,,,,,,,,,,,,,,,,,,,,,,,,,,,,,,,,,,,,,,,,,,,,,
,,,,,,,,,,,,,,,,,,,,,,,,,,,,,,,,,,,,,,,,,,,,,,,,,,,,,,,,
,,,,,,,,,,,,,,,,,,,,,,,,,,,,,,,,,,,,,,,,,,,,,,,,,,,,,,,,
,,,,,,,,,,,,,,,,,,,,,,,,,,,,,,,,,,,,,,,,,,,,,,,,,,,,,,,,
,,,,,,,,,,,,,,,,,,,,,,,,,,,,,,,,,,,,,,,,,,,,,,,,,,,,,,,,
,,,,,,,,,,,,,,,,,,,,,,,,,,,,,,,,,,,,,,,,,,,,,,,,,,,,,,,,
,,,,,,,,,,,,,,,,,,,,,,,,,,,,,,,,,,,,,,,,,,,,,,,,,,,,,,,,
,,,,,,,,,,,,,,,,,,,,,,,,,,,,,,,,,,,,,,,,,,,,,,,,,,,,,,,,
,,,,,,,,,,,,,,,,,,,,,,,,,,,,,,,,,,,,,,,,,,,,,,,,,,,,,,,,
,,,,,,,,,,,,,,,,,,,,,,,,,,,,,,,,,,,,,,,,,,,,,,,,,,,,,,,,
,,,,,,,,,,,,,,,,,,,,,,,,,,,,,,,,,,,,,,,,,,,,,,,,,,,,,,,,
,,,,,,,,,,,,,,,,,,,,,,,,,,,,,,,,,,,,,,,,,,,,,,,,,,,,,,,,
,,,,,,,,,,,,,,,,,,,,,,,,,,,,,,,,,,,,,,,,,,,,,,,,,,,,,,,,
,,,,,,,,,,,,,,,,,,,,,,,,,,,,,,,,,,,,,,,,,,,,,,,,,,,,,,,,
,,,,,,,,,,,,,,,,,,,,,,,,,,,,,,,,,,,,,,,,,,,,,,,,,,,,,,,,
,,,,,,,,,,,,,,,,,,,,,,,,,,,,,,,,,,,,,,,,,,,,,,,,,,,,,,,,
,,,,,,,,,,,,,,,,,,,,,,,,,,,,,,,,,,,,,,,,,,,,,,,,,,,,,,,,
,,,,,,,,,,,,,,,,,,,,,,,,,,,,,,,,,,,,,,,,,,,,,,,,,,,,,,,,
,,,,,,,,,,,,,,,,,,,,,,,,,,,,,,,,,,,,,,,,,,,,,,,,,,,,,,,,
,,,,,,,,,,,,,,,,,,,,,,,,,,,,,,,,,,,,,,,,,,,,,,,,,,,,,,,,
,,,,,,,,,,,,,,,,,,,,,,,,,,,,,,,,,,,,,,,,,,,,,,,,,,,,,,,,
,,,,,,,,,,,,,,,,,,,,,,,,,,,,,,,,,,,,,,,,,,,,,,,,,,,,,,,,
,,,,,,,,,,,,,,,,,,,,,,,,,,,,,,,,,,,,,,,,,,,,,,,,,,,,,,,,
,,,,,,,,,,,,,,,,,,,,,,,,,,,,,,,,,,,,,,,,,,,,,,,,,,,,,,,,
,,,,,,,,,,,,,,,,,,,,,,,,,,,,,,,,,,,,,,,,,,,,,,,,,,,,,,,,
,,,,,,,,,,,,,,,,,,,,,,,,,,,,,,,,,,,,,,,,,,,,,,,,,,,,,,,,
,,,,,,,,,,,,,,,,,,,,,,,,,,,,,,,,,,,,,,,,,,,,,,,,,,,,,,,,
,,,,,,,,,,,,,,,,,,,,,,,,,,,,,,,,,,,,,,,,,,,,,,,,,,,,,,,,
,,,,,,,,,,,,,,,,,,,,,,,,,,,,,,,,,,,,,,,,,,,,,,,,,,,,,,,,
,,,,,,,,,,,,,,,,,,,,,,,,,,,,,,,,,,,,,,,,,,,,,,,,,,,,,,,,
,,,,,,,,,,,,,,,,,,,,,,,,,,,,,,,,,,,,,,,,,,,,,,,,,,,,,,,,
,,,,,,,,,,,,,,,,,,,,,,,,,,,,,,,,,,,,,,,,,,,,,,,,,,,,,,,,
,,,,,,,,,,,,,,,,,,,,,,,,,,,,,,,,,,,,,,,,,,,,,,,,,,,,,,,,
,,,,,,,,,,,,,,,,,,,,,,,,,,,,,,,,,,,,,,,,,,,,,,,,,,,,,,,,
,,,,,,,,,,,,,,,,,,,,,,,,,,,,,,,,,,,,,,,,,,,,,,,,,,,,,,,,
,,,,,,,,,,,,,,,,,,,,,,,,,,,,,,,,,,,,,,,,,,,,,,,,,,,,,,,,
,,,,,,,,,,,,,,,,,,,,,,,,,,,,,,,,,,,,,,,,,,,,,,,,,,,,,,,,
,,,,,,,,,,,,,,,,,,,,,,,,,,,,,,,,,,,,,,,,,,,,,,,,,,,,,,,,
,,,,,,,,,,,,,,,,,,,,,,,,,,,,,,,,,,,,,,,,,,,,,,,,,,,,,,,,
,,,,,,,,,,,,,,,,,,,,,,,,,,,,,,,,,,,,,,,,,,,,,,,,,,,,,,,,
,,,,,,,,,,,,,,,,,,,,,,,,,,,,,,,,,,,,,,,,,,,,,,,,,,,,,,,,
,,,,,,,,,,,,,,,,,,,,,,,,,,,,,,,,,,,,,,,,,,,,,,,,,,,,,,,,
,,,,,,,,,,,,,,,,,,,,,,,,,,,,,,,,,,,,,,,,,,,,,,,,,,,,,,,,
,,,,,,,,,,,,,,,,,,,,,,,,,,,,,,,,,,,,,,,,,,,,,,,,,,,,,,,,
,,,,,,,,,,,,,,,,,,,,,,,,,,,,,,,,,,,,,,,,,,,,,,,,,,,,,,,,
,,,,,,,,,,,,,,,,,,,,,,,,,,,,,,,,,,,,,,,,,,,,,,,,,,,,,,,,
,,,,,,,,,,,,,,,,,,,,,,,,,,,,,,,,,,,,,,,,,,,,,,,,,,,,,,,,
,,,,,,,,,,,,,,,,,,,,,,,,,,,,,,,,,,,,,,,,,,,,,,,,,,,,,,,,
,,,,,,,,,,,,,,,,,,,,,,,,,,,,,,,,,,,,,,,,,,,,,,,,,,,,,,,,
,,,,,,,,,,,,,,,,,,,,,,,,,,,,,,,,,,,,,,,,,,,,,,,,,,,,,,,,
,,,,,,,,,,,,,,,,,,,,,,,,,,,,,,,,,,,,,,,,,,,,,,,,,,,,,,,,
,,,,,,,,,,,,,,,,,,,,,,,,,,,,,,,,,,,,,,,,,,,,,,,,,,,,,,,,
,,,,,,,,,,,,,,,,,,,,,,,,,,,,,,,,,,,,,,,,,,,,,,,,,,,,,,,,
,,,,,,,,,,,,,,,,,,,,,,,,,,,,,,,,,,,,,,,,,,,,,,,,,,,,,,,,
,,,,,,,,,,,,,,,,,,,,,,,,,,,,,,,,,,,,,,,,,,,,,,,,,,,,,,,,
,,,,,,,,,,,,,,,,,,,,,,,,,,,,,,,,,,,,,,,,,,,,,,,,,,,,,,,,
,,,,,,,,,,,,,,,,,,,,,,,,,,,,,,,,,,,,,,,,,,,,,,,,,,,,,,,,
,,,,,,,,,,,,,,,,,,,,,,,,,,,,,,,,,,,,,,,,,,,,,,,,,,,,,,,,
,,,,,,,,,,,,,,,,,,,,,,,,,,,,,,,,,,,,,,,,,,,,,,,,,,,,,,,,
,,,,,,,,,,,,,,,,,,,,,,,,,,,,,,,,,,,,,,,,,,,,,,,,,,,,,,,,
,,,,,,,,,,,,,,,,,,,,,,,,,,,,,,,,,,,,,,,,,,,,,,,,,,,,,,,,
,,,,,,,,,,,,,,,,,,,,,,,,,,,,,,,,,,,,,,,,,,,,,,,,,,,,,,,,
,,,,,,,,,,,,,,,,,,,,,,,,,,,,,,,,,,,,,,,,,,,,,,,,,,,,,,,,
,,,,,,,,,,,,,,,,,,,,,,,,,,,,,,,,,,,,,,,,,,,,,,,,,,,,,,,,
,,,,,,,,,,,,,,,,,,,,,,,,,,,,,,,,,,,,,,,,,,,,,,,,,,,,,,,,
,,,,,,,,,,,,,,,,,,,,,,,,,,,,,,,,,,,,,,,,,,,,,,,,,,,,,,,,
,,,,,,,,,,,,,,,,,,,,,,,,,,,,,,,,,,,,,,,,,,,,,,,,,,,,,,,,
,,,,,,,,,,,,,,,,,,,,,,,,,,,,,,,,,,,,,,,,,,,,,,,,,,,,,,,,
,,,,,,,,,,,,,,,,,,,,,,,,,,,,,,,,,,,,,,,,,,,,,,,,,,,,,,,,
,,,,,,,,,,,,,,,,,,,,,,,,,,,,,,,,,,,,,,,,,,,,,,,,,,,,,,,,
,,,,,,,,,,,,,,,,,,,,,,,,,,,,,,,,,,,,,,,,,,,,,,,,,,,,,,,,
,,,,,,,,,,,,,,,,,,,,,,,,,,,,,,,,,,,,,,,,,,,,,,,,,,,,,,,,
,,,,,,,,,,,,,,,,,,,,,,,,,,,,,,,,,,,,,,,,,,,,,,,,,,,,,,,,
,,,,,,,,,,,,,,,,,,,,,,,,,,,,,,,,,,,,,,,,,,,,,,,,,,,,,,,,
,,,,,,,,,,,,,,,,,,,,,,,,,,,,,,,,,,,,,,,,,,,,,,,,,,,,,,,,
,,,,,,,,,,,,,,,,,,,,,,,,,,,,,,,,,,,,,,,,,,,,,,,,,,,,,,,,
,,,,,,,,,,,,,,,,,,,,,,,,,,,,,,,,,,,,,,,,,,,,,,,,,,,,,,,,
,,,,,,,,,,,,,,,,,,,,,,,,,,,,,,,,,,,,,,,,,,,,,,,,,,,,,,,,
,,,,,,,,,,,,,,,,,,,,,,,,,,,,,,,,,,,,,,,,,,,,,,,,,,,,,,,,
,,,,,,,,,,,,,,,,,,,,,,,,,,,,,,,,,,,,,,,,,,,,,,,,,,,,,,,,
,,,,,,,,,,,,,,,,,,,,,,,,,,,,,,,,,,,,,,,,,,,,,,,,,,,,,,,,
,,,,,,,,,,,,,,,,,,,,,,,,,,,,,,,,,,,,,,,,,,,,,,,,,,,,,,,,
,,,,,,,,,,,,,,,,,,,,,,,,,,,,,,,,,,,,,,,,,,,,,,,,,,,,,,,,
,,,,,,,,,,,,,,,,,,,,,,,,,,,,,,,,,,,,,,,,,,,,,,,,,,,,,,,,
,,,,,,,,,,,,,,,,,,,,,,,,,,,,,,,,,,,,,,,,,,,,,,,,,,,,,,,,
,,,,,,,,,,,,,,,,,,,,,,,,,,,,,,,,,,,,,,,,,,,,,,,,,,,,,,,,
,,,,,,,,,,,,,,,,,,,,,,,,,,,,,,,,,,,,,,,,,,,,,,,,,,,,,,,,
,,,,,,,,,,,,,,,,,,,,,,,,,,,,,,,,,,,,,,,,,,,,,,,,,,,,,,,,
,,,,,,,,,,,,,,,,,,,,,,,,,,,,,,,,,,,,,,,,,,,,,,,,,,,,,,,,
,,,,,,,,,,,,,,,,,,,,,,,,,,,,,,,,,,,,,,,,,,,,,,,,,,,,,,,,
,,,,,,,,,,,,,,,,,,,,,,,,,,,,,,,,,,,,,,,,,,,,,,,,,,,,,,,,
,,,,,,,,,,,,,,,,,,,,,,,,,,,,,,,,,,,,,,,,,,,,,,,,,,,,,,,,
,,,,,,,,,,,,,,,,,,,,,,,,,,,,,,,,,,,,,,,,,,,,,,,,,,,,,,,,
,,,,,,,,,,,,,,,,,,,,,,,,,,,,,,,,,,,,,,,,,,,,,,,,,,,,,,,,
,,,,,,,,,,,,,,,,,,,,,,,,,,,,,,,,,,,,,,,,,,,,,,,,,,,,,,,,
,,,,,,,,,,,,,,,,,,,,,,,,,,,,,,,,,,,,,,,,,,,,,,,,,,,,,,,,
,,,,,,,,,,,,,,,,,,,,,,,,,,,,,,,,,,,,,,,,,,,,,,,,,,,,,,,,
,,,,,,,,,,,,,,,,,,,,,,,,,,,,,,,,,,,,,,,,,,,,,,,,,,,,,,,,
,,,,,,,,,,,,,,,,,,,,,,,,,,,,,,,,,,,,,,,,,,,,,,,,,,,,,,,,
,,,,,,,,,,,,,,,,,,,,,,,,,,,,,,,,,,,,,,,,,,,,,,,,,,,,,,,,
,,,,,,,,,,,,,,,,,,,,,,,,,,,,,,,,,,,,,,,,,,,,,,,,,,,,,,,,
,,,,,,,,,,,,,,,,,,,,,,,,,,,,,,,,,,,,,,,,,,,,,,,,,,,,,,,,
,,,,,,,,,,,,,,,,,,,,,,,,,,,,,,,,,,,,,,,,,,,,,,,,,,,,,,,,
,,,,,,,,,,,,,,,,,,,,,,,,,,,,,,,,,,,,,,,,,,,,,,,,,,,,,,,,
,,,,,,,,,,,,,,,,,,,,,,,,,,,,,,,,,,,,,,,,,,,,,,,,,,,,,,,,
,,,,,,,,,,,,,,,,,,,,,,,,,,,,,,,,,,,,,,,,,,,,,,,,,,,,,,,,
,,,,,,,,,,,,,,,,,,,,,,,,,,,,,,,,,,,,,,,,,,,,,,,,,,,,,,,,
,,,,,,,,,,,,,,,,,,,,,,,,,,,,,,,,,,,,,,,,,,,,,,,,,,,,,,,,
,,,,,,,,,,,,,,,,,,,,,,,,,,,,,,,,,,,,,,,,,,,,,,,,,,,,,,,,
,,,,,,,,,,,,,,,,,,,,,,,,,,,,,,,,,,,,,,,,,,,,,,,,,,,,,,,,
,,,,,,,,,,,,,,,,,,,,,,,,,,,,,,,,,,,,,,,,,,,,,,,,,,,,,,,,
,,,,,,,,,,,,,,,,,,,,,,,,,,,,,,,,,,,,,,,,,,,,,,,,,,,,,,,,
,,,,,,,,,,,,,,,,,,,,,,,,,,,,,,,,,,,,,,,,,,,,,,,,,,,,,,,,
,,,,,,,,,,,,,,,,,,,,,,,,,,,,,,,,,,,,,,,,,,,,,,,,,,,,,,,,
,,,,,,,,,,,,,,,,,,,,,,,,,,,,,,,,,,,,,,,,,,,,,,,,,,,,,,,,
,,,,,,,,,,,,,,,,,,,,,,,,,,,,,,,,,,,,,,,,,,,,,,,,,,,,,,,,
,,,,,,,,,,,,,,,,,,,,,,,,,,,,,,,,,,,,,,,,,,,,,,,,,,,,,,,,
,,,,,,,,,,,,,,,,,,,,,,,,,,,,,,,,,,,,,,,,,,,,,,,,,,,,,,,,
,,,,,,,,,,,,,,,,,,,,,,,,,,,,,,,,,,,,,,,,,,,,,,,,,,,,,,,,
,,,,,,,,,,,,,,,,,,,,,,,,,,,,,,,,,,,,,,,,,,,,,,,,,,,,,,,,
,,,,,,,,,,,,,,,,,,,,,,,,,,,,,,,,,,,,,,,,,,,,,,,,,,,,,,,,
,,,,,,,,,,,,,,,,,,,,,,,,,,,,,,,,,,,,,,,,,,,,,,,,,,,,,,,,
,,,,,,,,,,,,,,,,,,,,,,,,,,,,,,,,,,,,,,,,,,,,,,,,,,,,,,,,
,,,,,,,,,,,,,,,,,,,,,,,,,,,,,,,,,,,,,,,,,,,,,,,,,,,,,,,,
,,,,,,,,,,,,,,,,,,,,,,,,,,,,,,,,,,,,,,,,,,,,,,,,,,,,,,,,
,,,,,,,,,,,,,,,,,,,,,,,,,,,,,,,,,,,,,,,,,,,,,,,,,,,,,,,,
,,,,,,,,,,,,,,,,,,,,,,,,,,,,,,,,,,,,,,,,,,,,,,,,,,,,,,,,
,,,,,,,,,,,,,,,,,,,,,,,,,,,,,,,,,,,,,,,,,,,,,,,,,,,,,,,,
,,,,,,,,,,,,,,,,,,,,,,,,,,,,,,,,,,,,,,,,,,,,,,,,,,,,,,,,
,,,,,,,,,,,,,,,,,,,,,,,,,,,,,,,,,,,,,,,,,,,,,,,,,,,,,,,,
,,,,,,,,,,,,,,,,,,,,,,,,,,,,,,,,,,,,,,,,,,,,,,,,,,,,,,,,
,,,,,,,,,,,,,,,,,,,,,,,,,,,,,,,,,,,,,,,,,,,,,,,,,,,,,,,,
,,,,,,,,,,,,,,,,,,,,,,,,,,,,,,,,,,,,,,,,,,,,,,,,,,,,,,,,
,,,,,,,,,,,,,,,,,,,,,,,,,,,,,,,,,,,,,,,,,,,,,,,,,,,,,,,,
,,,,,,,,,,,,,,,,,,,,,,,,,,,,,,,,,,,,,,,,,,,,,,,,,,,,,,,,
,,,,,,,,,,,,,,,,,,,,,,,,,,,,,,,,,,,,,,,,,,,,,,,,,,,,,,,,
,,,,,,,,,,,,,,,,,,,,,,,,,,,,,,,,,,,,,,,,,,,,,,,,,,,,,,,,
,,,,,,,,,,,,,,,,,,,,,,,,,,,,,,,,,,,,,,,,,,,,,,,,,,,,,,,,
,,,,,,,,,,,,,,,,,,,,,,,,,,,,,,,,,,,,,,,,,,,,,,,,,,,,,,,,
,,,,,,,,,,,,,,,,,,,,,,,,,,,,,,,,,,,,,,,,,,,,,,,,,,,,,,,,
,,,,,,,,,,,,,,,,,,,,,,,,,,,,,,,,,,,,,,,,,,,,,,,,,,,,,,,,
,,,,,,,,,,,,,,,,,,,,,,,,,,,,,,,,,,,,,,,,,,,,,,,,,,,,,,,,
,,,,,,,,,,,,,,,,,,,,,,,,,,,,,,,,,,,,,,,,,,,,,,,,,,,,,,,,
,,,,,,,,,,,,,,,,,,,,,,,,,,,,,,,,,,,,,,,,,,,,,,,,,,,,,,,,
,,,,,,,,,,,,,,,,,,,,,,,,,,,,,,,,,,,,,,,,,,,,,,,,,,,,,,,,
,,,,,,,,,,,,,,,,,,,,,,,,,,,,,,,,,,,,,,,,,,,,,,,,,,,,,,,,
,,,,,,,,,,,,,,,,,,,,,,,,,,,,,,,,,,,,,,,,,,,,,,,,,,,,,,,,
,,,,,,,,,,,,,,,,,,,,,,,,,,,,,,,,,,,,,,,,,,,,,,,,,,,,,,,,
,,,,,,,,,,,,,,,,,,,,,,,,,,,,,,,,,,,,,,,,,,,,,,,,,,,,,,,,
,,,,,,,,,,,,,,,,,,,,,,,,,,,,,,,,,,,,,,,,,,,,,,,,,,,,,,,,
,,,,,,,,,,,,,,,,,,,,,,,,,,,,,,,,,,,,,,,,,,,,,,,,,,,,,,,,
,,,,,,,,,,,,,,,,,,,,,,,,,,,,,,,,,,,,,,,,,,,,,,,,,,,,,,,,
,,,,,,,,,,,,,,,,,,,,,,,,,,,,,,,,,,,,,,,,,,,,,,,,,,,,,,,,
,,,,,,,,,,,,,,,,,,,,,,,,,,,,,,,,,,,,,,,,,,,,,,,,,,,,,,,,
,,,,,,,,,,,,,,,,,,,,,,,,,,,,,,,,,,,,,,,,,,,,,,,,,,,,,,,,
,,,,,,,,,,,,,,,,,,,,,,,,,,,,,,,,,,,,,,,,,,,,,,,,,,,,,,,,
,,,,,,,,,,,,,,,,,,,,,,,,,,,,,,,,,,,,,,,,,,,,,,,,,,,,,,,,
,,,,,,,,,,,,,,,,,,,,,,,,,,,,,,,,,,,,,,,,,,,,,,,,,,,,,,,,
,,,,,,,,,,,,,,,,,,,,,,,,,,,,,,,,,,,,,,,,,,,,,,,,,,,,,,,,
,,,,,,,,,,,,,,,,,,,,,,,,,,,,,,,,,,,,,,,,,,,,,,,,,,,,,,,,
,,,,,,,,,,,,,,,,,,,,,,,,,,,,,,,,,,,,,,,,,,,,,,,,,,,,,,,,
,,,,,,,,,,,,,,,,,,,,,,,,,,,,,,,,,,,,,,,,,,,,,,,,,,,,,,,,
,,,,,,,,,,,,,,,,,,,,,,,,,,,,,,,,,,,,,,,,,,,,,,,,,,,,,,,,
,,,,,,,,,,,,,,,,,,,,,,,,,,,,,,,,,,,,,,,,,,,,,,,,,,,,,,,,
,,,,,,,,,,,,,,,,,,,,,,,,,,,,,,,,,,,,,,,,,,,,,,,,,,,,,,,,
,,,,,,,,,,,,,,,,,,,,,,,,,,,,,,,,,,,,,,,,,,,,,,,,,,,,,,,,
,,,,,,,,,,,,,,,,,,,,,,,,,,,,,,,,,,,,,,,,,,,,,,,,,,,,,,,,
,,,,,,,,,,,,,,,,,,,,,,,,,,,,,,,,,,,,,,,,,,,,,,,,,,,,,,,,
,,,,,,,,,,,,,,,,,,,,,,,,,,,,,,,,,,,,,,,,,,,,,,,,,,,,,,,,
,,,,,,,,,,,,,,,,,,,,,,,,,,,,,,,,,,,,,,,,,,,,,,,,,,,,,,,,
,,,,,,,,,,,,,,,,,,,,,,,,,,,,,,,,,,,,,,,,,,,,,,,,,,,,,,,,
,,,,,,,,,,,,,,,,,,,,,,,,,,,,,,,,,,,,,,,,,,,,,,,,,,,,,,,,
,,,,,,,,,,,,,,,,,,,,,,,,,,,,,,,,,,,,,,,,,,,,,,,,,,,,,,,,
,,,,,,,,,,,,,,,,,,,,,,,,,,,,,,,,,,,,,,,,,,,,,,,,,,,,,,,,
,,,,,,,,,,,,,,,,,,,,,,,,,,,,,,,,,,,,,,,,,,,,,,,,,,,,,,,,
,,,,,,,,,,,,,,,,,,,,,,,,,,,,,,,,,,,,,,,,,,,,,,,,,,,,,,,,
,,,,,,,,,,,,,,,,,,,,,,,,,,,,,,,,,,,,,,,,,,,,,,,,,,,,,,,,
,,,,,,,,,,,,,,,,,,,,,,,,,,,,,,,,,,,,,,,,,,,,,,,,,,,,,,,,
,,,,,,,,,,,,,,,,,,,,,,,,,,,,,,,,,,,,,,,,,,,,,,,,,,,,,,,,
,,,,,,,,,,,,,,,,,,,,,,,,,,,,,,,,,,,,,,,,,,,,,,,,,,,,,,,,
,,,,,,,,,,,,,,,,,,,,,,,,,,,,,,,,,,,,,,,,,,,,,,,,,,,,,,,,
,,,,,,,,,,,,,,,,,,,,,,,,,,,,,,,,,,,,,,,,,,,,,,,,,,,,,,,,
,,,,,,,,,,,,,,,,,,,,,,,,,,,,,,,,,,,,,,,,,,,,,,,,,,,,,,,,
,,,,,,,,,,,,,,,,,,,,,,,,,,,,,,,,,,,,,,,,,,,,,,,,,,,,,,,,
,,,,,,,,,,,,,,,,,,,,,,,,,,,,,,,,,,,,,,,,,,,,,,,,,,,,,,,,
,,,,,,,,,,,,,,,,,,,,,,,,,,,,,,,,,,,,,,,,,,,,,,,,,,,,,,,,
,,,,,,,,,,,,,,,,,,,,,,,,,,,,,,,,,,,,,,,,,,,,,,,,,,,,,,,,
,,,,,,,,,,,,,,,,,,,,,,,,,,,,,,,,,,,,,,,,,,,,,,,,,,,,,,,,
,,,,,,,,,,,,,,,,,,,,,,,,,,,,,,,,,,,,,,,,,,,,,,,,,,,,,,,,
,,,,,,,,,,,,,,,,,,,,,,,,,,,,,,,,,,,,,,,,,,,,,,,,,,,,,,,,
,,,,,,,,,,,,,,,,,,,,,,,,,,,,,,,,,,,,,,,,,,,,,,,,,,,,,,,,
,,,,,,,,,,,,,,,,,,,,,,,,,,,,,,,,,,,,,,,,,,,,,,,,,,,,,,,,
,,,,,,,,,,,,,,,,,,,,,,,,,,,,,,,,,,,,,,,,,,,,,,,,,,,,,,,,
,,,,,,,,,,,,,,,,,,,,,,,,,,,,,,,,,,,,,,,,,,,,,,,,,,,,,,,,
,,,,,,,,,,,,,,,,,,,,,,,,,,,,,,,,,,,,,,,,,,,,,,,,,,,,,,,,
,,,,,,,,,,,,,,,,,,,,,,,,,,,,,,,,,,,,,,,,,,,,,,,,,,,,,,,,
,,,,,,,,,,,,,,,,,,,,,,,,,,,,,,,,,,,,,,,,,,,,,,,,,,,,,,,,
,,,,,,,,,,,,,,,,,,,,,,,,,,,,,,,,,,,,,,,,,,,,,,,,,,,,,,,,
,,,,,,,,,,,,,,,,,,,,,,,,,,,,,,,,,,,,,,,,,,,,,,,,,,,,,,,,
,,,,,,,,,,,,,,,,,,,,,,,,,,,,,,,,,,,,,,,,,,,,,,,,,,,,,,,,
,,,,,,,,,,,,,,,,,,,,,,,,,,,,,,,,,,,,,,,,,,,,,,,,,,,,,,,,
,,,,,,,,,,,,,,,,,,,,,,,,,,,,,,,,,,,,,,,,,,,,,,,,,,,,,,,,
,,,,,,,,,,,,,,,,,,,,,,,,,,,,,,,,,,,,,,,,,,,,,,,,,,,,,,,,
,,,,,,,,,,,,,,,,,,,,,,,,,,,,,,,,,,,,,,,,,,,,,,,,,,,,,,,,
,,,,,,,,,,,,,,,,,,,,,,,,,,,,,,,,,,,,,,,,,,,,,,,,,,,,,,,,
,,,,,,,,,,,,,,,,,,,,,,,,,,,,,,,,,,,,,,,,,,,,,,,,,,,,,,,,
,,,,,,,,,,,,,,,,,,,,,,,,,,,,,,,,,,,,,,,,,,,,,,,,,,,,,,,,
,,,,,,,,,,,,,,,,,,,,,,,,,,,,,,,,,,,,,,,,,,,,,,,,,,,,,,,,
,,,,,,,,,,,,,,,,,,,,,,,,,,,,,,,,,,,,,,,,,,,,,,,,,,,,,,,,
,,,,,,,,,,,,,,,,,,,,,,,,,,,,,,,,,,,,,,,,,,,,,,,,,,,,,,,,
,,,,,,,,,,,,,,,,,,,,,,,,,,,,,,,,,,,,,,,,,,,,,,,,,,,,,,,,
,,,,,,,,,,,,,,,,,,,,,,,,,,,,,,,,,,,,,,,,,,,,,,,,,,,,,,,,
,,,,,,,,,,,,,,,,,,,,,,,,,,,,,,,,,,,,,,,,,,,,,,,,,,,,,,,,
,,,,,,,,,,,,,,,,,,,,,,,,,,,,,,,,,,,,,,,,,,,,,,,,,,,,,,,,
,,,,,,,,,,,,,,,,,,,,,,,,,,,,,,,,,,,,,,,,,,,,,,,,,,,,,,,,
,,,,,,,,,,,,,,,,,,,,,,,,,,,,,,,,,,,,,,,,,,,,,,,,,,,,,,,,
,,,,,,,,,,,,,,,,,,,,,,,,,,,,,,,,,,,,,,,,,,,,,,,,,,,,,,,,
,,,,,,,,,,,,,,,,,,,,,,,,,,,,,,,,,,,,,,,,,,,,,,,,,,,,,,,,
,,,,,,,,,,,,,,,,,,,,,,,,,,,,,,,,,,,,,,,,,,,,,,,,,,,,,,,,
,,,,,,,,,,,,,,,,,,,,,,,,,,,,,,,,,,,,,,,,,,,,,,,,,,,,,,,,
,,,,,,,,,,,,,,,,,,,,,,,,,,,,,,,,,,,,,,,,,,,,,,,,,,,,,,,,
,,,,,,,,,,,,,,,,,,,,,,,,,,,,,,,,,,,,,,,,,,,,,,,,,,,,,,,,
,,,,,,,,,,,,,,,,,,,,,,,,,,,,,,,,,,,,,,,,,,,,,,,,,,,,,,,,
,,,,,,,,,,,,,,,,,,,,,,,,,,,,,,,,,,,,,,,,,,,,,,,,,,,,,,,,
,,,,,,,,,,,,,,,,,,,,,,,,,,,,,,,,,,,,,,,,,,,,,,,,,,,,,,,,
,,,,,,,,,,,,,,,,,,,,,,,,,,,,,,,,,,,,,,,,,,,,,,,,,,,,,,,,
,,,,,,,,,,,,,,,,,,,,,,,,,,,,,,,,,,,,,,,,,,,,,,,,,,,,,,,,
,,,,,,,,,,,,,,,,,,,,,,,,,,,,,,,,,,,,,,,,,,,,,,,,,,,,,,,,
,,,,,,,,,,,,,,,,,,,,,,,,,,,,,,,,,,,,,,,,,,,,,,,,,,,,,,,,
,,,,,,,,,,,,,,,,,,,,,,,,,,,,,,,,,,,,,,,,,,,,,,,,,,,,,,,,
,,,,,,,,,,,,,,,,,,,,,,,,,,,,,,,,,,,,,,,,,,,,,,,,,,,,,,,,
,,,,,,,,,,,,,,,,,,,,,,,,,,,,,,,,,,,,,,,,,,,,,,,,,,,,,,,,
,,,,,,,,,,,,,,,,,,,,,,,,,,,,,,,,,,,,,,,,,,,,,,,,,,,,,,,,
,,,,,,,,,,,,,,,,,,,,,,,,,,,,,,,,,,,,,,,,,,,,,,,,,,,,,,,,
,,,,,,,,,,,,,,,,,,,,,,,,,,,,,,,,,,,,,,,,,,,,,,,,,,,,,,,,
,,,,,,,,,,,,,,,,,,,,,,,,,,,,,,,,,,,,,,,,,,,,,,,,,,,,,,,,
,,,,,,,,,,,,,,,,,,,,,,,,,,,,,,,,,,,,,,,,,,,,,,,,,,,,,,,,
,,,,,,,,,,,,,,,,,,,,,,,,,,,,,,,,,,,,,,,,,,,,,,,,,,,,,,,,
,,,,,,,,,,,,,,,,,,,,,,,,,,,,,,,,,,,,,,,,,,,,,,,,,,,,,,,,
,,,,,,,,,,,,,,,,,,,,,,,,,,,,,,,,,,,,,,,,,,,,,,,,,,,,,,,,
,,,,,,,,,,,,,,,,,,,,,,,,,,,,,,,,,,,,,,,,,,,,,,,,,,,,,,,,
,,,,,,,,,,,,,,,,,,,,,,,,,,,,,,,,,,,,,,,,,,,,,,,,,,,,,,,,
,,,,,,,,,,,,,,,,,,,,,,,,,,,,,,,,,,,,,,,,,,,,,,,,,,,,,,,,
,,,,,,,,,,,,,,,,,,,,,,,,,,,,,,,,,,,,,,,,,,,,,,,,,,,,,,,,
,,,,,,,,,,,,,,,,,,,,,,,,,,,,,,,,,,,,,,,,,,,,,,,,,,,,,,,,
,,,,,,,,,,,,,,,,,,,,,,,,,,,,,,,,,,,,,,,,,,,,,,,,,,,,,,,,
,,,,,,,,,,,,,,,,,,,,,,,,,,,,,,,,,,,,,,,,,,,,,,,,,,,,,,,,
,,,,,,,,,,,,,,,,,,,,,,,,,,,,,,,,,,,,,,,,,,,,,,,,,,,,,,,,
,,,,,,,,,,,,,,,,,,,,,,,,,,,,,,,,,,,,,,,,,,,,,,,,,,,,,,,,
,,,,,,,,,,,,,,,,,,,,,,,,,,,,,,,,,,,,,,,,,,,,,,,,,,,,,,,,
,,,,,,,,,,,,,,,,,,,,,,,,,,,,,,,,,,,,,,,,,,,,,,,,,,,,,,,,
,,,,,,,,,,,,,,,,,,,,,,,,,,,,,,,,,,,,,,,,,,,,,,,,,,,,,,,,
,,,,,,,,,,,,,,,,,,,,,,,,,,,,,,,,,,,,,,,,,,,,,,,,,,,,,,,,
,,,,,,,,,,,,,,,,,,,,,,,,,,,,,,,,,,,,,,,,,,,,,,,,,,,,,,,,
,,,,,,,,,,,,,,,,,,,,,,,,,,,,,,,,,,,,,,,,,,,,,,,,,,,,,,,,
,,,,,,,,,,,,,,,,,,,,,,,,,,,,,,,,,,,,,,,,,,,,,,,,,,,,,,,,
,,,,,,,,,,,,,,,,,,,,,,,,,,,,,,,,,,,,,,,,,,,,,,,,,,,,,,,,
,,,,,,,,,,,,,,,,,,,,,,,,,,,,,,,,,,,,,,,,,,,,,,,,,,,,,,,,
,,,,,,,,,,,,,,,,,,,,,,,,,,,,,,,,,,,,,,,,,,,,,,,,,,,,,,,,
,,,,,,,,,,,,,,,,,,,,,,,,,,,,,,,,,,,,,,,,,,,,,,,,,,,,,,,,
,,,,,,,,,,,,,,,,,,,,,,,,,,,,,,,,,,,,,,,,,,,,,,,,,,,,,,,,
,,,,,,,,,,,,,,,,,,,,,,,,,,,,,,,,,,,,,,,,,,,,,,,,,,,,,,,,
,,,,,,,,,,,,,,,,,,,,,,,,,,,,,,,,,,,,,,,,,,,,,,,,,,,,,,,,
,,,,,,,,,,,,,,,,,,,,,,,,,,,,,,,,,,,,,,,,,,,,,,,,,,,,,,,,
,,,,,,,,,,,,,,,,,,,,,,,,,,,,,,,,,,,,,,,,,,,,,,,,,,,,,,,,
,,,,,,,,,,,,,,,,,,,,,,,,,,,,,,,,,,,,,,,,,,,,,,,,,,,,,,,,
,,,,,,,,,,,,,,,,,,,,,,,,,,,,,,,,,,,,,,,,,,,,,,,,,,,,,,,,
,,,,,,,,,,,,,,,,,,,,,,,,,,,,,,,,,,,,,,,,,,,,,,,,,,,,,,,,
,,,,,,,,,,,,,,,,,,,,,,,,,,,,,,,,,,,,,,,,,,,,,,,,,,,,,,,,
,,,,,,,,,,,,,,,,,,,,,,,,,,,,,,,,,,,,,,,,,,,,,,,,,,,,,,,,
,,,,,,,,,,,,,,,,,,,,,,,,,,,,,,,,,,,,,,,,,,,,,,,,,,,,,,,,
,,,,,,,,,,,,,,,,,,,,,,,,,,,,,,,,,,,,,,,,,,,,,,,,,,,,,,,,
,,,,,,,,,,,,,,,,,,,,,,,,,,,,,,,,,,,,,,,,,,,,,,,,,,,,,,,,
,,,,,,,,,,,,,,,,,,,,,,,,,,,,,,,,,,,,,,,,,,,,,,,,,,,,,,,,
,,,,,,,,,,,,,,,,,,,,,,,,,,,,,,,,,,,,,,,,,,,,,,,,,,,,,,,,
,,,,,,,,,,,,,,,,,,,,,,,,,,,,,,,,,,,,,,,,,,,,,,,,,,,,,,,,
,,,,,,,,,,,,,,,,,,,,,,,,,,,,,,,,,,,,,,,,,,,,,,,,,,,,,,,,
,,,,,,,,,,,,,,,,,,,,,,,,,,,,,,,,,,,,,,,,,,,,,,,,,,,,,,,,
,,,,,,,,,,,,,,,,,,,,,,,,,,,,,,,,,,,,,,,,,,,,,,,,,,,,,,,,
,,,,,,,,,,,,,,,,,,,,,,,,,,,,,,,,,,,,,,,,,,,,,,,,,,,,,,,,
,,,,,,,,,,,,,,,,,,,,,,,,,,,,,,,,,,,,,,,,,,,,,,,,,,,,,,,,
,,,,,,,,,,,,,,,,,,,,,,,,,,,,,,,,,,,,,,,,,,,,,,,,,,,,,,,,
,,,,,,,,,,,,,,,,,,,,,,,,,,,,,,,,,,,,,,,,,,,,,,,,,,,,,,,,
,,,,,,,,,,,,,,,,,,,,,,,,,,,,,,,,,,,,,,,,,,,,,,,,,,,,,,,,
,,,,,,,,,,,,,,,,,,,,,,,,,,,,,,,,,,,,,,,,,,,,,,,,,,,,,,,,
,,,,,,,,,,,,,,,,,,,,,,,,,,,,,,,,,,,,,,,,,,,,,,,,,,,,,,,,
,,,,,,,,,,,,,,,,,,,,,,,,,,,,,,,,,,,,,,,,,,,,,,,,,,,,,,,,
,,,,,,,,,,,,,,,,,,,,,,,,,,,,,,,,,,,,,,,,,,,,,,,,,,,,,,,,
,,,,,,,,,,,,,,,,,,,,,,,,,,,,,,,,,,,,,,,,,,,,,,,,,,,,,,,,
,,,,,,,,,,,,,,,,,,,,,,,,,,,,,,,,,,,,,,,,,,,,,,,,,,,,,,,,
,,,,,,,,,,,,,,,,,,,,,,,,,,,,,,,,,,,,,,,,,,,,,,,,,,,,,,,,
,,,,,,,,,,,,,,,,,,,,,,,,,,,,,,,,,,,,,,,,,,,,,,,,,,,,,,,,
,,,,,,,,,,,,,,,,,,,,,,,,,,,,,,,,,,,,,,,,,,,,,,,,,,,,,,,,
,,,,,,,,,,,,,,,,,,,,,,,,,,,,,,,,,,,,,,,,,,,,,,,,,,,,,,,,
,,,,,,,,,,,,,,,,,,,,,,,,,,,,,,,,,,,,,,,,,,,,,,,,,,,,,,,,
,,,,,,,,,,,,,,,,,,,,,,,,,,,,,,,,,,,,,,,,,,,,,,,,,,,,,,,,
,,,,,,,,,,,,,,,,,,,,,,,,,,,,,,,,,,,,,,,,,,,,,,,,,,,,,,,,
,,,,,,,,,,,,,,,,,,,,,,,,,,,,,,,,,,,,,,,,,,,,,,,,,,,,,,,,
,,,,,,,,,,,,,,,,,,,,,,,,,,,,,,,,,,,,,,,,,,,,,,,,,,,,,,,,
,,,,,,,,,,,,,,,,,,,,,,,,,,,,,,,,,,,,,,,,,,,,,,,,,,,,,,,,
,,,,,,,,,,,,,,,,,,,,,,,,,,,,,,,,,,,,,,,,,,,,,,,,,,,,,,,,
,,,,,,,,,,,,,,,,,,,,,,,,,,,,,,,,,,,,,,,,,,,,,,,,,,,,,,,,
,,,,,,,,,,,,,,,,,,,,,,,,,,,,,,,,,,,,,,,,,,,,,,,,,,,,,,,,
,,,,,,,,,,,,,,,,,,,,,,,,,,,,,,,,,,,,,,,,,,,,,,,,,,,,,,,,
,,,,,,,,,,,,,,,,,,,,,,,,,,,,,,,,,,,,,,,,,,,,,,,,,,,,,,,,
,,,,,,,,,,,,,,,,,,,,,,,,,,,,,,,,,,,,,,,,,,,,,,,,,,,,,,,,
,,,,,,,,,,,,,,,,,,,,,,,,,,,,,,,,,,,,,,,,,,,,,,,,,,,,,,,,
,,,,,,,,,,,,,,,,,,,,,,,,,,,,,,,,,,,,,,,,,,,,,,,,,,,,,,,,
,,,,,,,,,,,,,,,,,,,,,,,,,,,,,,,,,,,,,,,,,,,,,,,,,,,,,,,,
,,,,,,,,,,,,,,,,,,,,,,,,,,,,,,,,,,,,,,,,,,,,,,,,,,,,,,,,
,,,,,,,,,,,,,,,,,,,,,,,,,,,,,,,,,,,,,,,,,,,,,,,,,,,,,,,,
,,,,,,,,,,,,,,,,,,,,,,,,,,,,,,,,,,,,,,,,,,,,,,,,,,,,,,,,
,,,,,,,,,,,,,,,,,,,,,,,,,,,,,,,,,,,,,,,,,,,,,,,,,,,,,,,,
,,,,,,,,,,,,,,,,,,,,,,,,,,,,,,,,,,,,,,,,,,,,,,,,,,,,,,,,
,,,,,,,,,,,,,,,,,,,,,,,,,,,,,,,,,,,,,,,,,,,,,,,,,,,,,,,,
,,,,,,,,,,,,,,,,,,,,,,,,,,,,,,,,,,,,,,,,,,,,,,,,,,,,,,,,
,,,,,,,,,,,,,,,,,,,,,,,,,,,,,,,,,,,,,,,,,,,,,,,,,,,,,,,,
,,,,,,,,,,,,,,,,,,,,,,,,,,,,,,,,,,,,,,,,,,,,,,,,,,,,,,,,
,,,,,,,,,,,,,,,,,,,,,,,,,,,,,,,,,,,,,,,,,,,,,,,,,,,,,,,,
,,,,,,,,,,,,,,,,,,,,,,,,,,,,,,,,,,,,,,,,,,,,,,,,,,,,,,,,
,,,,,,,,,,,,,,,,,,,,,,,,,,,,,,,,,,,,,,,,,,,,,,,,,,,,,,,,
,,,,,,,,,,,,,,,,,,,,,,,,,,,,,,,,,,,,,,,,,,,,,,,,,,,,,,,,
,,,,,,,,,,,,,,,,,,,,,,,,,,,,,,,,,,,,,,,,,,,,,,,,,,,,,,,,
,,,,,,,,,,,,,,,,,,,,,,,,,,,,,,,,,,,,,,,,,,,,,,,,,,,,,,,,
,,,,,,,,,,,,,,,,,,,,,,,,,,,,,,,,,,,,,,,,,,,,,,,,,,,,,,,,
,,,,,,,,,,,,,,,,,,,,,,,,,,,,,,,,,,,,,,,,,,,,,,,,,,,,,,,,
,,,,,,,,,,,,,,,,,,,,,,,,,,,,,,,,,,,,,,,,,,,,,,,,,,,,,,,,
,,,,,,,,,,,,,,,,,,,,,,,,,,,,,,,,,,,,,,,,,,,,,,,,,,,,,,,,
,,,,,,,,,,,,,,,,,,,,,,,,,,,,,,,,,,,,,,,,,,,,,,,,,,,,,,,,
,,,,,,,,,,,,,,,,,,,,,,,,,,,,,,,,,,,,,,,,,,,,,,,,,,,,,,,,
,,,,,,,,,,,,,,,,,,,,,,,,,,,,,,,,,,,,,,,,,,,,,,,,,,,,,,,,
,,,,,,,,,,,,,,,,,,,,,,,,,,,,,,,,,,,,,,,,,,,,,,,,,,,,,,,,
,,,,,,,,,,,,,,,,,,,,,,,,,,,,,,,,,,,,,,,,,,,,,,,,,,,,,,,,
,,,,,,,,,,,,,,,,,,,,,,,,,,,,,,,,,,,,,,,,,,,,,,,,,,,,,,,,
,,,,,,,,,,,,,,,,,,,,,,,,,,,,,,,,,,,,,,,,,,,,,,,,,,,,,,,,
,,,,,,,,,,,,,,,,,,,,,,,,,,,,,,,,,,,,,,,,,,,,,,,,,,,,,,,,
,,,,,,,,,,,,,,,,,,,,,,,,,,,,,,,,,,,,,,,,,,,,,,,,,,,,,,,,
,,,,,,,,,,,,,,,,,,,,,,,,,,,,,,,,,,,,,,,,,,,,,,,,,,,,,,,,
,,,,,,,,,,,,,,,,,,,,,,,,,,,,,,,,,,,,,,,,,,,,,,,,,,,,,,,,
,,,,,,,,,,,,,,,,,,,,,,,,,,,,,,,,,,,,,,,,,,,,,,,,,,,,,,,,
,,,,,,,,,,,,,,,,,,,,,,,,,,,,,,,,,,,,,,,,,,,,,,,,,,,,,,,,
,,,,,,,,,,,,,,,,,,,,,,,,,,,,,,,,,,,,,,,,,,,,,,,,,,,,,,,,
,,,,,,,,,,,,,,,,,,,,,,,,,,,,,,,,,,,,,,,,,,,,,,,,,,,,,,,,
,,,,,,,,,,,,,,,,,,,,,,,,,,,,,,,,,,,,,,,,,,,,,,,,,,,,,,,,
,,,,,,,,,,,,,,,,,,,,,,,,,,,,,,,,,,,,,,,,,,,,,,,,,,,,,,,,
,,,,,,,,,,,,,,,,,,,,,,,,,,,,,,,,,,,,,,,,,,,,,,,,,,,,,,,,
,,,,,,,,,,,,,,,,,,,,,,,,,,,,,,,,,,,,,,,,,,,,,,,,,,,,,,,,
,,,,,,,,,,,,,,,,,,,,,,,,,,,,,,,,,,,,,,,,,,,,,,,,,,,,,,,,
,,,,,,,,,,,,,,,,,,,,,,,,,,,,,,,,,,,,,,,,,,,,,,,,,,,,,,,,
,,,,,,,,,,,,,,,,,,,,,,,,,,,,,,,,,,,,,,,,,,,,,,,,,,,,,,,,
,,,,,,,,,,,,,,,,,,,,,,,,,,,,,,,,,,,,,,,,,,,,,,,,,,,,,,,,
,,,,,,,,,,,,,,,,,,,,,,,,,,,,,,,,,,,,,,,,,,,,,,,,,,,,,,,,
,,,,,,,,,,,,,,,,,,,,,,,,,,,,,,,,,,,,,,,,,,,,,,,,,,,,,,,,
,,,,,,,,,,,,,,,,,,,,,,,,,,,,,,,,,,,,,,,,,,,,,,,,,,,,,,,,
,,,,,,,,,,,,,,,,,,,,,,,,,,,,,,,,,,,,,,,,,,,,,,,,,,,,,,,,
,,,,,,,,,,,,,,,,,,,,,,,,,,,,,,,,,,,,,,,,,,,,,,,,,,,,,,,,
,,,,,,,,,,,,,,,,,,,,,,,,,,,,,,,,,,,,,,,,,,,,,,,,,,,,,,,,
,,,,,,,,,,,,,,,,,,,,,,,,,,,,,,,,,,,,,,,,,,,,,,,,,,,,,,,,
,,,,,,,,,,,,,,,,,,,,,,,,,,,,,,,,,,,,,,,,,,,,,,,,,,,,,,,,
,,,,,,,,,,,,,,,,,,,,,,,,,,,,,,,,,,,,,,,,,,,,,,,,,,,,,,,,
,,,,,,,,,,,,,,,,,,,,,,,,,,,,,,,,,,,,,,,,,,,,,,,,,,,,,,,,
,,,,,,,,,,,,,,,,,,,,,,,,,,,,,,,,,,,,,,,,,,,,,,,,,,,,,,,,
,,,,,,,,,,,,,,,,,,,,,,,,,,,,,,,,,,,,,,,,,,,,,,,,,,,,,,,,
,,,,,,,,,,,,,,,,,,,,,,,,,,,,,,,,,,,,,,,,,,,,,,,,,,,,,,,,
,,,,,,,,,,,,,,,,,,,,,,,,,,,,,,,,,,,,,,,,,,,,,,,,,,,,,,,,
,,,,,,,,,,,,,,,,,,,,,,,,,,,,,,,,,,,,,,,,,,,,,,,,,,,,,,,,
,,,,,,,,,,,,,,,,,,,,,,,,,,,,,,,,,,,,,,,,,,,,,,,,,,,,,,,,
,,,,,,,,,,,,,,,,,,,,,,,,,,,,,,,,,,,,,,,,,,,,,,,,,,,,,,,,
,,,,,,,,,,,,,,,,,,,,,,,,,,,,,,,,,,,,,,,,,,,,,,,,,,,,,,,,
,,,,,,,,,,,,,,,,,,,,,,,,,,,,,,,,,,,,,,,,,,,,,,,,,,,,,,,,
,,,,,,,,,,,,,,,,,,,,,,,,,,,,,,,,,,,,,,,,,,,,,,,,,,,,,,,,
,,,,,,,,,,,,,,,,,,,,,,,,,,,,,,,,,,,,,,,,,,,,,,,,,,,,,,,,
,,,,,,,,,,,,,,,,,,,,,,,,,,,,,,,,,,,,,,,,,,,,,,,,,,,,,,,,
,,,,,,,,,,,,,,,,,,,,,,,,,,,,,,,,,,,,,,,,,,,,,,,,,,,,,,,,
,,,,,,,,,,,,,,,,,,,,,,,,,,,,,,,,,,,,,,,,,,,,,,,,,,,,,,,,
,,,,,,,,,,,,,,,,,,,,,,,,,,,,,,,,,,,,,,,,,,,,,,,,,,,,,,,,
,,,,,,,,,,,,,,,,,,,,,,,,,,,,,,,,,,,,,,,,,,,,,,,,,,,,,,,,
,,,,,,,,,,,,,,,,,,,,,,,,,,,,,,,,,,,,,,,,,,,,,,,,,,,,,,,,
,,,,,,,,,,,,,,,,,,,,,,,,,,,,,,,,,,,,,,,,,,,,,,,,,,,,,,,,
,,,,,,,,,,,,,,,,,,,,,,,,,,,,,,,,,,,,,,,,,,,,,,,,,,,,,,,,
,,,,,,,,,,,,,,,,,,,,,,,,,,,,,,,,,,,,,,,,,,,,,,,,,,,,,,,,
,,,,,,,,,,,,,,,,,,,,,,,,,,,,,,,,,,,,,,,,,,,,,,,,,,,,,,,,
,,,,,,,,,,,,,,,,,,,,,,,,,,,,,,,,,,,,,,,,,,,,,,,,,,,,,,,,
,,,,,,,,,,,,,,,,,,,,,,,,,,,,,,,,,,,,,,,,,,,,,,,,,,,,,,,,
,,,,,,,,,,,,,,,,,,,,,,,,,,,,,,,,,,,,,,,,,,,,,,,,,,,,,,,,
,,,,,,,,,,,,,,,,,,,,,,,,,,,,,,,,,,,,,,,,,,,,,,,,,,,,,,,,
,,,,,,,,,,,,,,,,,,,,,,,,,,,,,,,,,,,,,,,,,,,,,,,,,,,,,,,,
,,,,,,,,,,,,,,,,,,,,,,,,,,,,,,,,,,,,,,,,,,,,,,,,,,,,,,,,
,,,,,,,,,,,,,,,,,,,,,,,,,,,,,,,,,,,,,,,,,,,,,,,,,,,,,,,,
,,,,,,,,,,,,,,,,,,,,,,,,,,,,,,,,,,,,,,,,,,,,,,,,,,,,,,,,
,,,,,,,,,,,,,,,,,,,,,,,,,,,,,,,,,,,,,,,,,,,,,,,,,,,,,,,,
,,,,,,,,,,,,,,,,,,,,,,,,,,,,,,,,,,,,,,,,,,,,,,,,,,,,,,,,
,,,,,,,,,,,,,,,,,,,,,,,,,,,,,,,,,,,,,,,,,,,,,,,,,,,,,,,,
,,,,,,,,,,,,,,,,,,,,,,,,,,,,,,,,,,,,,,,,,,,,,,,,,,,,,,,,
,,,,,,,,,,,,,,,,,,,,,,,,,,,,,,,,,,,,,,,,,,,,,,,,,,,,,,,,
,,,,,,,,,,,,,,,,,,,,,,,,,,,,,,,,,,,,,,,,,,,,,,,,,,,,,,,,
,,,,,,,,,,,,,,,,,,,,,,,,,,,,,,,,,,,,,,,,,,,,,,,,,,,,,,,,
,,,,,,,,,,,,,,,,,,,,,,,,,,,,,,,,,,,,,,,,,,,,,,,,,,,,,,,,
,,,,,,,,,,,,,,,,,,,,,,,,,,,,,,,,,,,,,,,,,,,,,,,,,,,,,,,,
,,,,,,,,,,,,,,,,,,,,,,,,,,,,,,,,,,,,,,,,,,,,,,,,,,,,,,,,
,,,,,,,,,,,,,,,,,,,,,,,,,,,,,,,,,,,,,,,,,,,,,,,,,,,,,,,,
,,,,,,,,,,,,,,,,,,,,,,,,,,,,,,,,,,,,,,,,,,,,,,,,,,,,,,,,
,,,,,,,,,,,,,,,,,,,,,,,,,,,,,,,,,,,,,,,,,,,,,,,,,,,,,,,,
,,,,,,,,,,,,,,,,,,,,,,,,,,,,,,,,,,,,,,,,,,,,,,,,,,,,,,,,
,,,,,,,,,,,,,,,,,,,,,,,,,,,,,,,,,,,,,,,,,,,,,,,,,,,,,,,,
,,,,,,,,,,,,,,,,,,,,,,,,,,,,,,,,,,,,,,,,,,,,,,,,,,,,,,,,
,,,,,,,,,,,,,,,,,,,,,,,,,,,,,,,,,,,,,,,,,,,,,,,,,,,,,,,,
,,,,,,,,,,,,,,,,,,,,,,,,,,,,,,,,,,,,,,,,,,,,,,,,,,,,,,,,
,,,,,,,,,,,,,,,,,,,,,,,,,,,,,,,,,,,,,,,,,,,,,,,,,,,,,,,,
,,,,,,,,,,,,,,,,,,,,,,,,,,,,,,,,,,,,,,,,,,,,,,,,,,,,,,,,
,,,,,,,,,,,,,,,,,,,,,,,,,,,,,,,,,,,,,,,,,,,,,,,,,,,,,,,,
,,,,,,,,,,,,,,,,,,,,,,,,,,,,,,,,,,,,,,,,,,,,,,,,,,,,,,,,
,,,,,,,,,,,,,,,,,,,,,,,,,,,,,,,,,,,,,,,,,,,,,,,,,,,,,,,,
,,,,,,,,,,,,,,,,,,,,,,,,,,,,,,,,,,,,,,,,,,,,,,,,,,,,,,,,
,,,,,,,,,,,,,,,,,,,,,,,,,,,,,,,,,,,,,,,,,,,,,,,,,,,,,,,,
,,,,,,,,,,,,,,,,,,,,,,,,,,,,,,,,,,,,,,,,,,,,,,,,,,,,,,,,
,,,,,,,,,,,,,,,,,,,,,,,,,,,,,,,,,,,,,,,,,,,,,,,,,,,,,,,,
,,,,,,,,,,,,,,,,,,,,,,,,,,,,,,,,,,,,,,,,,,,,,,,,,,,,,,,,
,,,,,,,,,,,,,,,,,,,,,,,,,,,,,,,,,,,,,,,,,,,,,,,,,,,,,,,,
,,,,,,,,,,,,,,,,,,,,,,,,,,,,,,,,,,,,,,,,,,,,,,,,,,,,,,,,
,,,,,,,,,,,,,,,,,,,,,,,,,,,,,,,,,,,,,,,,,,,,,,,,,,,,,,,,
,,,,,,,,,,,,,,,,,,,,,,,,,,,,,,,,,,,,,,,,,,,,,,,,,,,,,,,,
,,,,,,,,,,,,,,,,,,,,,,,,,,,,,,,,,,,,,,,,,,,,,,,,,,,,,,,,
,,,,,,,,,,,,,,,,,,,,,,,,,,,,,,,,,,,,,,,,,,,,,,,,,,,,,,,,
,,,,,,,,,,,,,,,,,,,,,,,,,,,,,,,,,,,,,,,,,,,,,,,,,,,,,,,,
,,,,,,,,,,,,,,,,,,,,,,,,,,,,,,,,,,,,,,,,,,,,,,,,,,,,,,,,
,,,,,,,,,,,,,,,,,,,,,,,,,,,,,,,,,,,,,,,,,,,,,,,,,,,,,,,,
,,,,,,,,,,,,,,,,,,,,,,,,,,,,,,,,,,,,,,,,,,,,,,,,,,,,,,,,
,,,,,,,,,,,,,,,,,,,,,,,,,,,,,,,,,,,,,,,,,,,,,,,,,,,,,,,,
,,,,,,,,,,,,,,,,,,,,,,,,,,,,,,,,,,,,,,,,,,,,,,,,,,,,,,,,
,,,,,,,,,,,,,,,,,,,,,,,,,,,,,,,,,,,,,,,,,,,,,,,,,,,,,,,,
,,,,,,,,,,,,,,,,,,,,,,,,,,,,,,,,,,,,,,,,,,,,,,,,,,,,,,,,
,,,,,,,,,,,,,,,,,,,,,,,,,,,,,,,,,,,,,,,,,,,,,,,,,,,,,,,,
,,,,,,,,,,,,,,,,,,,,,,,,,,,,,,,,,,,,,,,,,,,,,,,,,,,,,,,,
,,,,,,,,,,,,,,,,,,,,,,,,,,,,,,,,,,,,,,,,,,,,,,,,,,,,,,,,
,,,,,,,,,,,,,,,,,,,,,,,,,,,,,,,,,,,,,,,,,,,,,,,,,,,,,,,,
,,,,,,,,,,,,,,,,,,,,,,,,,,,,,,,,,,,,,,,,,,,,,,,,,,,,,,,,
,,,,,,,,,,,,,,,,,,,,,,,,,,,,,,,,,,,,,,,,,,,,,,,,,,,,,,,,
,,,,,,,,,,,,,,,,,,,,,,,,,,,,,,,,,,,,,,,,,,,,,,,,,,,,,,,,
,,,,,,,,,,,,,,,,,,,,,,,,,,,,,,,,,,,,,,,,,,,,,,,,,,,,,,,,
,,,,,,,,,,,,,,,,,,,,,,,,,,,,,,,,,,,,,,,,,,,,,,,,,,,,,,,,
,,,,,,,,,,,,,,,,,,,,,,,,,,,,,,,,,,,,,,,,,,,,,,,,,,,,,,,,
,,,,,,,,,,,,,,,,,,,,,,,,,,,,,,,,,,,,,,,,,,,,,,,,,,,,,,,,
,,,,,,,,,,,,,,,,,,,,,,,,,,,,,,,,,,,,,,,,,,,,,,,,,,,,,,,,
,,,,,,,,,,,,,,,,,,,,,,,,,,,,,,,,,,,,,,,,,,,,,,,,,,,,,,,,
,,,,,,,,,,,,,,,,,,,,,,,,,,,,,,,,,,,,,,,,,,,,,,,,,,,,,,,,
,,,,,,,,,,,,,,,,,,,,,,,,,,,,,,,,,,,,,,,,,,,,,,,,,,,,,,,,
,,,,,,,,,,,,,,,,,,,,,,,,,,,,,,,,,,,,,,,,,,,,,,,,,,,,,,,,
,,,,,,,,,,,,,,,,,,,,,,,,,,,,,,,,,,,,,,,,,,,,,,,,,,,,,,,,
,,,,,,,,,,,,,,,,,,,,,,,,,,,,,,,,,,,,,,,,,,,,,,,,,,,,,,,,
,,,,,,,,,,,,,,,,,,,,,,,,,,,,,,,,,,,,,,,,,,,,,,,,,,,,,,,,
,,,,,,,,,,,,,,,,,,,,,,,,,,,,,,,,,,,,,,,,,,,,,,,,,,,,,,,,
,,,,,,,,,,,,,,,,,,,,,,,,,,,,,,,,,,,,,,,,,,,,,,,,,,,,,,,,
,,,,,,,,,,,,,,,,,,,,,,,,,,,,,,,,,,,,,,,,,,,,,,,,,,,,,,,,
,,,,,,,,,,,,,,,,,,,,,,,,,,,,,,,,,,,,,,,,,,,,,,,,,,,,,,,,
,,,,,,,,,,,,,,,,,,,,,,,,,,,,,,,,,,,,,,,,,,,,,,,,,,,,,,,,
,,,,,,,,,,,,,,,,,,,,,,,,,,,,,,,,,,,,,,,,,,,,,,,,,,,,,,,,
,,,,,,,,,,,,,,,,,,,,,,,,,,,,,,,,,,,,,,,,,,,,,,,,,,,,,,,,
,,,,,,,,,,,,,,,,,,,,,,,,,,,,,,,,,,,,,,,,,,,,,,,,,,,,,,,,
,,,,,,,,,,,,,,,,,,,,,,,,,,,,,,,,,,,,,,,,,,,,,,,,,,,,,,,,
,,,,,,,,,,,,,,,,,,,,,,,,,,,,,,,,,,,,,,,,,,,,,,,,,,,,,,,,
,,,,,,,,,,,,,,,,,,,,,,,,,,,,,,,,,,,,,,,,,,,,,,,,,,,,,,,,
,,,,,,,,,,,,,,,,,,,,,,,,,,,,,,,,,,,,,,,,,,,,,,,,,,,,,,,,
,,,,,,,,,,,,,,,,,,,,,,,,,,,,,,,,,,,,,,,,,,,,,,,,,,,,,,,,
,,,,,,,,,,,,,,,,,,,,,,,,,,,,,,,,,,,,,,,,,,,,,,,,,,,,,,,,
,,,,,,,,,,,,,,,,,,,,,,,,,,,,,,,,,,,,,,,,,,,,,,,,,,,,,,,,
,,,,,,,,,,,,,,,,,,,,,,,,,,,,,,,,,,,,,,,,,,,,,,,,,,,,,,,,
,,,,,,,,,,,,,,,,,,,,,,,,,,,,,,,,,,,,,,,,,,,,,,,,,,,,,,,,
,,,,,,,,,,,,,,,,,,,,,,,,,,,,,,,,,,,,,,,,,,,,,,,,,,,,,,,,
,,,,,,,,,,,,,,,,,,,,,,,,,,,,,,,,,,,,,,,,,,,,,,,,,,,,,,,,
,,,,,,,,,,,,,,,,,,,,,,,,,,,,,,,,,,,,,,,,,,,,,,,,,,,,,,,,
,,,,,,,,,,,,,,,,,,,,,,,,,,,,,,,,,,,,,,,,,,,,,,,,,,,,,,,,
,,,,,,,,,,,,,,,,,,,,,,,,,,,,,,,,,,,,,,,,,,,,,,,,,,,,,,,,
,,,,,,,,,,,,,,,,,,,,,,,,,,,,,,,,,,,,,,,,,,,,,,,,,,,,,,,,
,,,,,,,,,,,,,,,,,,,,,,,,,,,,,,,,,,,,,,,,,,,,,,,,,,,,,,,,
,,,,,,,,,,,,,,,,,,,,,,,,,,,,,,,,,,,,,,,,,,,,,,,,,,,,,,,,
,,,,,,,,,,,,,,,,,,,,,,,,,,,,,,,,,,,,,,,,,,,,,,,,,,,,,,,,
,,,,,,,,,,,,,,,,,,,,,,,,,,,,,,,,,,,,,,,,,,,,,,,,,,,,,,,,
,,,,,,,,,,,,,,,,,,,,,,,,,,,,,,,,,,,,,,,,,,,,,,,,,,,,,,,,
,,,,,,,,,,,,,,,,,,,,,,,,,,,,,,,,,,,,,,,,,,,,,,,,,,,,,,,,
,,,,,,,,,,,,,,,,,,,,,,,,,,,,,,,,,,,,,,,,,,,,,,,,,,,,,,,,
,,,,,,,,,,,,,,,,,,,,,,,,,,,,,,,,,,,,,,,,,,,,,,,,,,,,,,,,
,,,,,,,,,,,,,,,,,,,,,,,,,,,,,,,,,,,,,,,,,,,,,,,,,,,,,,,,
,,,,,,,,,,,,,,,,,,,,,,,,,,,,,,,,,,,,,,,,,,,,,,,,,,,,,,,,
,,,,,,,,,,,,,,,,,,,,,,,,,,,,,,,,,,,,,,,,,,,,,,,,,,,,,,,,
,,,,,,,,,,,,,,,,,,,,,,,,,,,,,,,,,,,,,,,,,,,,,,,,,,,,,,,,
,,,,,,,,,,,,,,,,,,,,,,,,,,,,,,,,,,,,,,,,,,,,,,,,,,,,,,,,
,,,,,,,,,,,,,,,,,,,,,,,,,,,,,,,,,,,,,,,,,,,,,,,,,,,,,,,,
,,,,,,,,,,,,,,,,,,,,,,,,,,,,,,,,,,,,,,,,,,,,,,,,,,,,,,,,
,,,,,,,,,,,,,,,,,,,,,,,,,,,,,,,,,,,,,,,,,,,,,,,,,,,,,,,,
,,,,,,,,,,,,,,,,,,,,,,,,,,,,,,,,,,,,,,,,,,,,,,,,,,,,,,,,
,,,,,,,,,,,,,,,,,,,,,,,,,,,,,,,,,,,,,,,,,,,,,,,,,,,,,,,,
,,,,,,,,,,,,,,,,,,,,,,,,,,,,,,,,,,,,,,,,,,,,,,,,,,,,,,,,
,,,,,,,,,,,,,,,,,,,,,,,,,,,,,,,,,,,,,,,,,,,,,,,,,,,,,,,,
,,,,,,,,,,,,,,,,,,,,,,,,,,,,,,,,,,,,,,,,,,,,,,,,,,,,,,,,
,,,,,,,,,,,,,,,,,,,,,,,,,,,,,,,,,,,,,,,,,,,,,,,,,,,,,,,,
,,,,,,,,,,,,,,,,,,,,,,,,,,,,,,,,,,,,,,,,,,,,,,,,,,,,,,,,
,,,,,,,,,,,,,,,,,,,,,,,,,,,,,,,,,,,,,,,,,,,,,,,,,,,,,,,,
,,,,,,,,,,,,,,,,,,,,,,,,,,,,,,,,,,,,,,,,,,,,,,,,,,,,,,,,
,,,,,,,,,,,,,,,,,,,,,,,,,,,,,,,,,,,,,,,,,,,,,,,,,,,,,,,,
,,,,,,,,,,,,,,,,,,,,,,,,,,,,,,,,,,,,,,,,,,,,,,,,,,,,,,,,
,,,,,,,,,,,,,,,,,,,,,,,,,,,,,,,,,,,,,,,,,,,,,,,,,,,,,,,,
,,,,,,,,,,,,,,,,,,,,,,,,,,,,,,,,,,,,,,,,,,,,,,,,,,,,,,,,
,,,,,,,,,,,,,,,,,,,,,,,,,,,,,,,,,,,,,,,,,,,,,,,,,,,,,,,,
,,,,,,,,,,,,,,,,,,,,,,,,,,,,,,,,,,,,,,,,,,,,,,,,,,,,,,,,
,,,,,,,,,,,,,,,,,,,,,,,,,,,,,,,,,,,,,,,,,,,,,,,,,,,,,,,,
,,,,,,,,,,,,,,,,,,,,,,,,,,,,,,,,,,,,,,,,,,,,,,,,,,,,,,,,
,,,,,,,,,,,,,,,,,,,,,,,,,,,,,,,,,,,,,,,,,,,,,,,,,,,,,,,,
,,,,,,,,,,,,,,,,,,,,,,,,,,,,,,,,,,,,,,,,,,,,,,,,,,,,,,,,
,,,,,,,,,,,,,,,,,,,,,,,,,,,,,,,,,,,,,,,,,,,,,,,,,,,,,,,,
,,,,,,,,,,,,,,,,,,,,,,,,,,,,,,,,,,,,,,,,,,,,,,,,,,,,,,,,
,,,,,,,,,,,,,,,,,,,,,,,,,,,,,,,,,,,,,,,,,,,,,,,,,,,,,,,,
,,,,,,,,,,,,,,,,,,,,,,,,,,,,,,,,,,,,,,,,,,,,,,,,,,,,,,,,
,,,,,,,,,,,,,,,,,,,,,,,,,,,,,,,,,,,,,,,,,,,,,,,,,,,,,,,,
,,,,,,,,,,,,,,,,,,,,,,,,,,,,,,,,,,,,,,,,,,,,,,,,,,,,,,,,
,,,,,,,,,,,,,,,,,,,,,,,,,,,,,,,,,,,,,,,,,,,,,,,,,,,,,,,,
,,,,,,,,,,,,,,,,,,,,,,,,,,,,,,,,,,,,,,,,,,,,,,,,,,,,,,,,
,,,,,,,,,,,,,,,,,,,,,,,,,,,,,,,,,,,,,,,,,,,,,,,,,,,,,,,,
,,,,,,,,,,,,,,,,,,,,,,,,,,,,,,,,,,,,,,,,,,,,,,,,,,,,,,,,
,,,,,,,,,,,,,,,,,,,,,,,,,,,,,,,,,,,,,,,,,,,,,,,,,,,,,,,,
,,,,,,,,,,,,,,,,,,,,,,,,,,,,,,,,,,,,,,,,,,,,,,,,,,,,,,,,
,,,,,,,,,,,,,,,,,,,,,,,,,,,,,,,,,,,,,,,,,,,,,,,,,,,,,,,,
,,,,,,,,,,,,,,,,,,,,,,,,,,,,,,,,,,,,,,,,,,,,,,,,,,,,,,,,
,,,,,,,,,,,,,,,,,,,,,,,,,,,,,,,,,,,,,,,,,,,,,,,,,,,,,,,,
,,,,,,,,,,,,,,,,,,,,,,,,,,,,,,,,,,,,,,,,,,,,,,,,,,,,,,,,
,,,,,,,,,,,,,,,,,,,,,,,,,,,,,,,,,,,,,,,,,,,,,,,,,,,,,,,,
,,,,,,,,,,,,,,,,,,,,,,,,,,,,,,,,,,,,,,,,,,,,,,,,,,,,,,,,
,,,,,,,,,,,,,,,,,,,,,,,,,,,,,,,,,,,,,,,,,,,,,,,,,,,,,,,,
,,,,,,,,,,,,,,,,,,,,,,,,,,,,,,,,,,,,,,,,,,,,,,,,,,,,,,,,
,,,,,,,,,,,,,,,,,,,,,,,,,,,,,,,,,,,,,,,,,,,,,,,,,,,,,,,,
,,,,,,,,,,,,,,,,,,,,,,,,,,,,,,,,,,,,,,,,,,,,,,,,,,,,,,,,
,,,,,,,,,,,,,,,,,,,,,,,,,,,,,,,,,,,,,,,,,,,,,,,,,,,,,,,,
,,,,,,,,,,,,,,,,,,,,,,,,,,,,,,,,,,,,,,,,,,,,,,,,,,,,,,,,
,,,,,,,,,,,,,,,,,,,,,,,,,,,,,,,,,,,,,,,,,,,,,,,,,,,,,,,,
,,,,,,,,,,,,,,,,,,,,,,,,,,,,,,,,,,,,,,,,,,,,,,,,,,,,,,,,
,,,,,,,,,,,,,,,,,,,,,,,,,,,,,,,,,,,,,,,,,,,,,,,,,,,,,,,,
,,,,,,,,,,,,,,,,,,,,,,,,,,,,,,,,,,,,,,,,,,,,,,,,,,,,,,,,
,,,,,,,,,,,,,,,,,,,,,,,,,,,,,,,,,,,,,,,,,,,,,,,,,,,,,,,,
,,,,,,,,,,,,,,,,,,,,,,,,,,,,,,,,,,,,,,,,,,,,,,,,,,,,,,,,
,,,,,,,,,,,,,,,,,,,,,,,,,,,,,,,,,,,,,,,,,,,,,,,,,,,,,,,,
,,,,,,,,,,,,,,,,,,,,,,,,,,,,,,,,,,,,,,,,,,,,,,,,,,,,,,,,
,,,,,,,,,,,,,,,,,,,,,,,,,,,,,,,,,,,,,,,,,,,,,,,,,,,,,,,,
,,,,,,,,,,,,,,,,,,,,,,,,,,,,,,,,,,,,,,,,,,,,,,,,,,,,,,,,
,,,,,,,,,,,,,,,,,,,,,,,,,,,,,,,,,,,,,,,,,,,,,,,,,,,,,,,,
,,,,,,,,,,,,,,,,,,,,,,,,,,,,,,,,,,,,,,,,,,,,,,,,,,,,,,,,
,,,,,,,,,,,,,,,,,,,,,,,,,,,,,,,,,,,,,,,,,,,,,,,,,,,,,,,,
,,,,,,,,,,,,,,,,,,,,,,,,,,,,,,,,,,,,,,,,,,,,,,,,,,,,,,,,
,,,,,,,,,,,,,,,,,,,,,,,,,,,,,,,,,,,,,,,,,,,,,,,,,,,,,,,,
,,,,,,,,,,,,,,,,,,,,,,,,,,,,,,,,,,,,,,,,,,,,,,,,,,,,,,,,
,,,,,,,,,,,,,,,,,,,,,,,,,,,,,,,,,,,,,,,,,,,,,,,,,,,,,,,,
,,,,,,,,,,,,,,,,,,,,,,,,,,,,,,,,,,,,,,,,,,,,,,,,,,,,,,,,
,,,,,,,,,,,,,,,,,,,,,,,,,,,,,,,,,,,,,,,,,,,,,,,,,,,,,,,,
,,,,,,,,,,,,,,,,,,,,,,,,,,,,,,,,,,,,,,,,,,,,,,,,,,,,,,,,
,,,,,,,,,,,,,,,,,,,,,,,,,,,,,,,,,,,,,,,,,,,,,,,,,,,,,,,,
,,,,,,,,,,,,,,,,,,,,,,,,,,,,,,,,,,,,,,,,,,,,,,,,,,,,,,,,
,,,,,,,,,,,,,,,,,,,,,,,,,,,,,,,,,,,,,,,,,,,,,,,,,,,,,,,,
,,,,,,,,,,,,,,,,,,,,,,,,,,,,,,,,,,,,,,,,,,,,,,,,,,,,,,,,
,,,,,,,,,,,,,,,,,,,,,,,,,,,,,,,,,,,,,,,,,,,,,,,,,,,,,,,,
,,,,,,,,,,,,,,,,,,,,,,,,,,,,,,,,,,,,,,,,,,,,,,,,,,,,,,,,
,,,,,,,,,,,,,,,,,,,,,,,,,,,,,,,,,,,,,,,,,,,,,,,,,,,,,,,,
,,,,,,,,,,,,,,,,,,,,,,,,,,,,,,,,,,,,,,,,,,,,,,,,,,,,,,,,
,,,,,,,,,,,,,,,,,,,,,,,,,,,,,,,,,,,,,,,,,,,,,,,,,,,,,,,,
,,,,,,,,,,,,,,,,,,,,,,,,,,,,,,,,,,,,,,,,,,,,,,,,,,,,,,,,
,,,,,,,,,,,,,,,,,,,,,,,,,,,,,,,,,,,,,,,,,,,,,,,,,,,,,,,,
,,,,,,,,,,,,,,,,,,,,,,,,,,,,,,,,,,,,,,,,,,,,,,,,,,,,,,,,
,,,,,,,,,,,,,,,,,,,,,,,,,,,,,,,,,,,,,,,,,,,,,,,,,,,,,,,,
,,,,,,,,,,,,,,,,,,,,,,,,,,,,,,,,,,,,,,,,,,,,,,,,,,,,,,,,
,,,,,,,,,,,,,,,,,,,,,,,,,,,,,,,,,,,,,,,,,,,,,,,,,,,,,,,,
,,,,,,,,,,,,,,,,,,,,,,,,,,,,,,,,,,,,,,,,,,,,,,,,,,,,,,,,
,,,,,,,,,,,,,,,,,,,,,,,,,,,,,,,,,,,,,,,,,,,,,,,,,,,,,,,,
,,,,,,,,,,,,,,,,,,,,,,,,,,,,,,,,,,,,,,,,,,,,,,,,,,,,,,,,
,,,,,,,,,,,,,,,,,,,,,,,,,,,,,,,,,,,,,,,,,,,,,,,,,,,,,,,,
,,,,,,,,,,,,,,,,,,,,,,,,,,,,,,,,,,,,,,,,,,,,,,,,,,,,,,,,
,,,,,,,,,,,,,,,,,,,,,,,,,,,,,,,,,,,,,,,,,,,,,,,,,,,,,,,,
,,,,,,,,,,,,,,,,,,,,,,,,,,,,,,,,,,,,,,,,,,,,,,,,,,,,,,,,
,,,,,,,,,,,,,,,,,,,,,,,,,,,,,,,,,,,,,,,,,,,,,,,,,,,,,,,,
,,,,,,,,,,,,,,,,,,,,,,,,,,,,,,,,,,,,,,,,,,,,,,,,,,,,,,,,
,,,,,,,,,,,,,,,,,,,,,,,,,,,,,,,,,,,,,,,,,,,,,,,,,,,,,,,,
,,,,,,,,,,,,,,,,,,,,,,,,,,,,,,,,,,,,,,,,,,,,,,,,,,,,,,,,
,,,,,,,,,,,,,,,,,,,,,,,,,,,,,,,,,,,,,,,,,,,,,,,,,,,,,,,,
,,,,,,,,,,,,,,,,,,,,,,,,,,,,,,,,,,,,,,,,,,,,,,,,,,,,,,,,
,,,,,,,,,,,,,,,,,,,,,,,,,,,,,,,,,,,,,,,,,,,,,,,,,,,,,,,,
,,,,,,,,,,,,,,,,,,,,,,,,,,,,,,,,,,,,,,,,,,,,,,,,,,,,,,,,
,,,,,,,,,,,,,,,,,,,,,,,,,,,,,,,,,,,,,,,,,,,,,,,,,,,,,,,,
,,,,,,,,,,,,,,,,,,,,,,,,,,,,,,,,,,,,,,,,,,,,,,,,,,,,,,,,
,,,,,,,,,,,,,,,,,,,,,,,,,,,,,,,,,,,,,,,,,,,,,,,,,,,,,,,,
,,,,,,,,,,,,,,,,,,,,,,,,,,,,,,,,,,,,,,,,,,,,,,,,,,,,,,,,
,,,,,,,,,,,,,,,,,,,,,,,,,,,,,,,,,,,,,,,,,,,,,,,,,,,,,,,,
,,,,,,,,,,,,,,,,,,,,,,,,,,,,,,,,,,,,,,,,,,,,,,,,,,,,,,,,
,,,,,,,,,,,,,,,,,,,,,,,,,,,,,,,,,,,,,,,,,,,,,,,,,,,,,,,,
,,,,,,,,,,,,,,,,,,,,,,,,,,,,,,,,,,,,,,,,,,,,,,,,,,,,,,,,
,,,,,,,,,,,,,,,,,,,,,,,,,,,,,,,,,,,,,,,,,,,,,,,,,,,,,,,,
,,,,,,,,,,,,,,,,,,,,,,,,,,,,,,,,,,,,,,,,,,,,,,,,,,,,,,,,
,,,,,,,,,,,,,,,,,,,,,,,,,,,,,,,,,,,,,,,,,,,,,,,,,,,,,,,,
,,,,,,,,,,,,,,,,,,,,,,,,,,,,,,,,,,,,,,,,,,,,,,,,,,,,,,,,
,,,,,,,,,,,,,,,,,,,,,,,,,,,,,,,,,,,,,,,,,,,,,,,,,,,,,,,,
,,,,,,,,,,,,,,,,,,,,,,,,,,,,,,,,,,,,,,,,,,,,,,,,,,,,,,,,
,,,,,,,,,,,,,,,,,,,,,,,,,,,,,,,,,,,,,,,,,,,,,,,,,,,,,,,,
,,,,,,,,,,,,,,,,,,,,,,,,,,,,,,,,,,,,,,,,,,,,,,,,,,,,,,,,
,,,,,,,,,,,,,,,,,,,,,,,,,,,,,,,,,,,,,,,,,,,,,,,,,,,,,,,,
,,,,,,,,,,,,,,,,,,,,,,,,,,,,,,,,,,,,,,,,,,,,,,,,,,,,,,,,
,,,,,,,,,,,,,,,,,,,,,,,,,,,,,,,,,,,,,,,,,,,,,,,,,,,,,,,,
,,,,,,,,,,,,,,,,,,,,,,,,,,,,,,,,,,,,,,,,,,,,,,,,,,,,,,,,
,,,,,,,,,,,,,,,,,,,,,,,,,,,,,,,,,,,,,,,,,,,,,,,,,,,,,,,,
,,,,,,,,,,,,,,,,,,,,,,,,,,,,,,,,,,,,,,,,,,,,,,,,,,,,,,,,
,,,,,,,,,,,,,,,,,,,,,,,,,,,,,,,,,,,,,,,,,,,,,,,,,,,,,,,,
,,,,,,,,,,,,,,,,,,,,,,,,,,,,,,,,,,,,,,,,,,,,,,,,,,,,,,,,
,,,,,,,,,,,,,,,,,,,,,,,,,,,,,,,,,,,,,,,,,,,,,,,,,,,,,,,,
,,,,,,,,,,,,,,,,,,,,,,,,,,,,,,,,,,,,,,,,,,,,,,,,,,,,,,,,
,,,,,,,,,,,,,,,,,,,,,,,,,,,,,,,,,,,,,,,,,,,,,,,,,,,,,,,,
,,,,,,,,,,,,,,,,,,,,,,,,,,,,,,,,,,,,,,,,,,,,,,,,,,,,,,,,
,,,,,,,,,,,,,,,,,,,,,,,,,,,,,,,,,,,,,,,,,,,,,,,,,,,,,,,,
,,,,,,,,,,,,,,,,,,,,,,,,,,,,,,,,,,,,,,,,,,,,,,,,,,,,,,,,
,,,,,,,,,,,,,,,,,,,,,,,,,,,,,,,,,,,,,,,,,,,,,,,,,,,,,,,,
,,,,,,,,,,,,,,,,,,,,,,,,,,,,,,,,,,,,,,,,,,,,,,,,,,,,,,,,
,,,,,,,,,,,,,,,,,,,,,,,,,,,,,,,,,,,,,,,,,,,,,,,,,,,,,,,,
,,,,,,,,,,,,,,,,,,,,,,,,,,,,,,,,,,,,,,,,,,,,,,,,,,,,,,,,
,,,,,,,,,,,,,,,,,,,,,,,,,,,,,,,,,,,,,,,,,,,,,,,,,,,,,,,,
,,,,,,,,,,,,,,,,,,,,,,,,,,,,,,,,,,,,,,,,,,,,,,,,,,,,,,,,
,,,,,,,,,,,,,,,,,,,,,,,,,,,,,,,,,,,,,,,,,,,,,,,,,,,,,,,,
,,,,,,,,,,,,,,,,,,,,,,,,,,,,,,,,,,,,,,,,,,,,,,,,,,,,,,,,
,,,,,,,,,,,,,,,,,,,,,,,,,,,,,,,,,,,,,,,,,,,,,,,,,,,,,,,,
,,,,,,,,,,,,,,,,,,,,,,,,,,,,,,,,,,,,,,,,,,,,,,,,,,,,,,,,
,,,,,,,,,,,,,,,,,,,,,,,,,,,,,,,,,,,,,,,,,,,,,,,,,,,,,,,,
,,,,,,,,,,,,,,,,,,,,,,,,,,,,,,,,,,,,,,,,,,,,,,,,,,,,,,,,
,,,,,,,,,,,,,,,,,,,,,,,,,,,,,,,,,,,,,,,,,,,,,,,,,,,,,,,,
,,,,,,,,,,,,,,,,,,,,,,,,,,,,,,,,,,,,,,,,,,,,,,,,,,,,,,,,
,,,,,,,,,,,,,,,,,,,,,,,,,,,,,,,,,,,,,,,,,,,,,,,,,,,,,,,,
,,,,,,,,,,,,,,,,,,,,,,,,,,,,,,,,,,,,,,,,,,,,,,,,,,,,,,,,
,,,,,,,,,,,,,,,,,,,,,,,,,,,,,,,,,,,,,,,,,,,,,,,,,,,,,,,,
,,,,,,,,,,,,,,,,,,,,,,,,,,,,,,,,,,,,,,,,,,,,,,,,,,,,,,,,
,,,,,,,,,,,,,,,,,,,,,,,,,,,,,,,,,,,,,,,,,,,,,,,,,,,,,,,,
,,,,,,,,,,,,,,,,,,,,,,,,,,,,,,,,,,,,,,,,,,,,,,,,,,,,,,,,
,,,,,,,,,,,,,,,,,,,,,,,,,,,,,,,,,,,,,,,,,,,,,,,,,,,,,,,,
,,,,,,,,,,,,,,,,,,,,,,,,,,,,,,,,,,,,,,,,,,,,,,,,,,,,,,,,
,,,,,,,,,,,,,,,,,,,,,,,,,,,,,,,,,,,,,,,,,,,,,,,,,,,,,,,,
,,,,,,,,,,,,,,,,,,,,,,,,,,,,,,,,,,,,,,,,,,,,,,,,,,,,,,,,
,,,,,,,,,,,,,,,,,,,,,,,,,,,,,,,,,,,,,,,,,,,,,,,,,,,,,,,,
,,,,,,,,,,,,,,,,,,,,,,,,,,,,,,,,,,,,,,,,,,,,,,,,,,,,,,,,
,,,,,,,,,,,,,,,,,,,,,,,,,,,,,,,,,,,,,,,,,,,,,,,,,,,,,,,,
,,,,,,,,,,,,,,,,,,,,,,,,,,,,,,,,,,,,,,,,,,,,,,,,,,,,,,,,
,,,,,,,,,,,,,,,,,,,,,,,,,,,,,,,,,,,,,,,,,,,,,,,,,,,,,,,,
,,,,,,,,,,,,,,,,,,,,,,,,,,,,,,,,,,,,,,,,,,,,,,,,,,,,,,,,
,,,,,,,,,,,,,,,,,,,,,,,,,,,,,,,,,,,,,,,,,,,,,,,,,,,,,,,,
,,,,,,,,,,,,,,,,,,,,,,,,,,,,,,,,,,,,,,,,,,,,,,,,,,,,,,,,
,,,,,,,,,,,,,,,,,,,,,,,,,,,,,,,,,,,,,,,,,,,,,,,,,,,,,,,,
,,,,,,,,,,,,,,,,,,,,,,,,,,,,,,,,,,,,,,,,,,,,,,,,,,,,,,,,
,,,,,,,,,,,,,,,,,,,,,,,,,,,,,,,,,,,,,,,,,,,,,,,,,,,,,,,,
,,,,,,,,,,,,,,,,,,,,,,,,,,,,,,,,,,,,,,,,,,,,,,,,,,,,,,,,
,,,,,,,,,,,,,,,,,,,,,,,,,,,,,,,,,,,,,,,,,,,,,,,,,,,,,,,,
,,,,,,,,,,,,,,,,,,,,,,,,,,,,,,,,,,,,,,,,,,,,,,,,,,,,,,,,
,,,,,,,,,,,,,,,,,,,,,,,,,,,,,,,,,,,,,,,,,,,,,,,,,,,,,,,,
,,,,,,,,,,,,,,,,,,,,,,,,,,,,,,,,,,,,,,,,,,,,,,,,,,,,,,,,
,,,,,,,,,,,,,,,,,,,,,,,,,,,,,,,,,,,,,,,,,,,,,,,,,,,,,,,,
,,,,,,,,,,,,,,,,,,,,,,,,,,,,,,,,,,,,,,,,,,,,,,,,,,,,,,,,
,,,,,,,,,,,,,,,,,,,,,,,,,,,,,,,,,,,,,,,,,,,,,,,,,,,,,,,,
,,,,,,,,,,,,,,,,,,,,,,,,,,,,,,,,,,,,,,,,,,,,,,,,,,,,,,,,
,,,,,,,,,,,,,,,,,,,,,,,,,,,,,,,,,,,,,,,,,,,,,,,,,,,,,,,,
,,,,,,,,,,,,,,,,,,,,,,,,,,,,,,,,,,,,,,,,,,,,,,,,,,,,,,,,
,,,,,,,,,,,,,,,,,,,,,,,,,,,,,,,,,,,,,,,,,,,,,,,,,,,,,,,,
,,,,,,,,,,,,,,,,,,,,,,,,,,,,,,,,,,,,,,,,,,,,,,,,,,,,,,,,
,,,,,,,,,,,,,,,,,,,,,,,,,,,,,,,,,,,,,,,,,,,,,,,,,,,,,,,,
,,,,,,,,,,,,,,,,,,,,,,,,,,,,,,,,,,,,,,,,,,,,,,,,,,,,,,,,
,,,,,,,,,,,,,,,,,,,,,,,,,,,,,,,,,,,,,,,,,,,,,,,,,,,,,,,,
,,,,,,,,,,,,,,,,,,,,,,,,,,,,,,,,,,,,,,,,,,,,,,,,,,,,,,,,
,,,,,,,,,,,,,,,,,,,,,,,,,,,,,,,,,,,,,,,,,,,,,,,,,,,,,,,,
,,,,,,,,,,,,,,,,,,,,,,,,,,,,,,,,,,,,,,,,,,,,,,,,,,,,,,,,
,,,,,,,,,,,,,,,,,,,,,,,,,,,,,,,,,,,,,,,,,,,,,,,,,,,,,,,,
,,,,,,,,,,,,,,,,,,,,,,,,,,,,,,,,,,,,,,,,,,,,,,,,,,,,,,,,
,,,,,,,,,,,,,,,,,,,,,,,,,,,,,,,,,,,,,,,,,,,,,,,,,,,,,,,,
,,,,,,,,,,,,,,,,,,,,,,,,,,,,,,,,,,,,,,,,,,,,,,,,,,,,,,,,
,,,,,,,,,,,,,,,,,,,,,,,,,,,,,,,,,,,,,,,,,,,,,,,,,,,,,,,,
,,,,,,,,,,,,,,,,,,,,,,,,,,,,,,,,,,,,,,,,,,,,,,,,,,,,,,,,
,,,,,,,,,,,,,,,,,,,,,,,,,,,,,,,,,,,,,,,,,,,,,,,,,,,,,,,,
,,,,,,,,,,,,,,,,,,,,,,,,,,,,,,,,,,,,,,,,,,,,,,,,,,,,,,,,
,,,,,,,,,,,,,,,,,,,,,,,,,,,,,,,,,,,,,,,,,,,,,,,,,,,,,,,,
,,,,,,,,,,,,,,,,,,,,,,,,,,,,,,,,,,,,,,,,,,,,,,,,,,,,,,,,
,,,,,,,,,,,,,,,,,,,,,,,,,,,,,,,,,,,,,,,,,,,,,,,,,,,,,,,,
,,,,,,,,,,,,,,,,,,,,,,,,,,,,,,,,,,,,,,,,,,,,,,,,,,,,,,,,
,,,,,,,,,,,,,,,,,,,,,,,,,,,,,,,,,,,,,,,,,,,,,,,,,,,,,,,,
,,,,,,,,,,,,,,,,,,,,,,,,,,,,,,,,,,,,,,,,,,,,,,,,,,,,,,,,
,,,,,,,,,,,,,,,,,,,,,,,,,,,,,,,,,,,,,,,,,,,,,,,,,,,,,,,,
,,,,,,,,,,,,,,,,,,,,,,,,,,,,,,,,,,,,,,,,,,,,,,,,,,,,,,,,